Movie_ID,Title,Genre_ID
1,Avatar,1
1,Avatar,2
1,Avatar,10
1,Avatar,18
2,Pirates of the Caribbean: At World's End,1
2,Pirates of the Caribbean: At World's End,2
2,Pirates of the Caribbean: At World's End,10
3,Spectre,1
3,Spectre,2
3,Spectre,20
4,The Dark Knight Rises,1
4,The Dark Knight Rises,20
5,John Carter,1
5,John Carter,2
5,John Carter,18
6,Spider-Man 3,1
6,Spider-Man 3,2
6,Spider-Man 3,17
7,Tangled,2
7,Tangled,3
7,Tangled,5
7,Tangled,9
7,Tangled,10
7,Tangled,15
7,Tangled,17
8,Avengers: Age of Ultron,1
8,Avengers: Age of Ultron,2
8,Avengers: Age of Ultron,18
9,Harry Potter and the Half-Blood Prince,2
9,Harry Potter and the Half-Blood Prince,9
9,Harry Potter and the Half-Blood Prince,10
9,Harry Potter and the Half-Blood Prince,16
10,Batman v Superman: Dawn of Justice,1
10,Batman v Superman: Dawn of Justice,2
10,Batman v Superman: Dawn of Justice,18
11,Superman Returns,1
11,Superman Returns,2
11,Superman Returns,18
12,Quantum of Solace,1
12,Quantum of Solace,2
13,Pirates of the Caribbean: Dead Man's Chest,1
13,Pirates of the Caribbean: Dead Man's Chest,2
13,Pirates of the Caribbean: Dead Man's Chest,10
14,The Lone Ranger,1
14,The Lone Ranger,2
14,The Lone Ranger,22
15,Man of Steel,1
15,Man of Steel,2
15,Man of Steel,10
15,Man of Steel,18
16,The Chronicles of Narnia: Prince Caspian,1
16,The Chronicles of Narnia: Prince Caspian,2
16,The Chronicles of Narnia: Prince Caspian,9
16,The Chronicles of Narnia: Prince Caspian,10
17,The Avengers,1
17,The Avengers,2
17,The Avengers,18
18,Pirates of the Caribbean: On Stranger Tides,1
18,Pirates of the Caribbean: On Stranger Tides,2
18,Pirates of the Caribbean: On Stranger Tides,10
19,Men in Black 3,1
19,Men in Black 3,2
19,Men in Black 3,5
19,Men in Black 3,9
19,Men in Black 3,10
19,Men in Black 3,18
20,The Hobbit: The Battle of the Five Armies,2
20,The Hobbit: The Battle of the Five Armies,10
21,The Amazing Spider-Man,1
21,The Amazing Spider-Man,2
21,The Amazing Spider-Man,10
22,Robin Hood,1
22,Robin Hood,2
22,Robin Hood,8
22,Robin Hood,12
23,The Hobbit: The Desolation of Smaug,2
23,The Hobbit: The Desolation of Smaug,10
24,The Golden Compass,2
24,The Golden Compass,9
24,The Golden Compass,10
25,King Kong,1
25,King Kong,2
25,King Kong,8
25,King Kong,17
26,Titanic,8
26,Titanic,17
27,Captain America: Civil War,1
27,Captain America: Civil War,2
27,Captain America: Civil War,18
28,Battleship,1
28,Battleship,2
28,Battleship,18
28,Battleship,20
29,Jurassic World,1
29,Jurassic World,2
29,Jurassic World,18
29,Jurassic World,20
30,Skyfall,1
30,Skyfall,2
30,Skyfall,20
31,Spider-Man 2,1
31,Spider-Man 2,2
31,Spider-Man 2,10
31,Spider-Man 2,17
32,Iron Man 3,1
32,Iron Man 3,2
32,Iron Man 3,18
33,Alice in Wonderland,2
33,Alice in Wonderland,9
33,Alice in Wonderland,10
34,X-Men: The Last Stand,1
34,X-Men: The Last Stand,2
34,X-Men: The Last Stand,10
34,X-Men: The Last Stand,18
34,X-Men: The Last Stand,20
35,Monsters University,2
35,Monsters University,3
35,Monsters University,5
35,Monsters University,9
35,Monsters University,10
36,Transformers: Revenge of the Fallen,1
36,Transformers: Revenge of the Fallen,2
36,Transformers: Revenge of the Fallen,18
37,Transformers: Age of Extinction,1
37,Transformers: Age of Extinction,2
37,Transformers: Age of Extinction,18
38,Oz the Great and Powerful,2
38,Oz the Great and Powerful,9
38,Oz the Great and Powerful,10
39,The Amazing Spider-Man 2,1
39,The Amazing Spider-Man 2,2
39,The Amazing Spider-Man 2,10
39,The Amazing Spider-Man 2,18
40,TRON: Legacy,1
40,TRON: Legacy,2
40,TRON: Legacy,18
41,Cars 2,2
41,Cars 2,3
41,Cars 2,5
41,Cars 2,9
41,Cars 2,19
42,Green Lantern,1
42,Green Lantern,2
42,Green Lantern,18
43,Toy Story 3,2
43,Toy Story 3,3
43,Toy Story 3,5
43,Toy Story 3,9
43,Toy Story 3,10
44,Terminator Salvation,1
44,Terminator Salvation,2
44,Terminator Salvation,18
45,Furious 7,1
45,Furious 7,6
45,Furious 7,20
46,World War Z,1
46,World War Z,2
46,World War Z,13
46,World War Z,18
46,World War Z,20
47,X-Men: Days of Future Past,1
47,X-Men: Days of Future Past,2
47,X-Men: Days of Future Past,10
47,X-Men: Days of Future Past,18
47,X-Men: Days of Future Past,20
48,Star Trek Into Darkness,1
48,Star Trek Into Darkness,2
48,Star Trek Into Darkness,18
49,Jack the Giant Slayer,2
49,Jack the Giant Slayer,10
50,The Great Gatsby,8
50,The Great Gatsby,17
51,Prince of Persia: The Sands of Time,1
51,Prince of Persia: The Sands of Time,2
51,Prince of Persia: The Sands of Time,10
51,Prince of Persia: The Sands of Time,17
52,Pacific Rim,1
52,Pacific Rim,2
52,Pacific Rim,18
53,Transformers: Dark of the Moon,1
53,Transformers: Dark of the Moon,2
53,Transformers: Dark of the Moon,18
54,Indiana Jones and the Kingdom of the Crystal Skull,1
54,Indiana Jones and the Kingdom of the Crystal Skull,2
54,Indiana Jones and the Kingdom of the Crystal Skull,10
55,Brave,2
55,Brave,3
55,Brave,5
55,Brave,9
55,Brave,10
56,Star Trek Beyond,1
56,Star Trek Beyond,2
56,Star Trek Beyond,18
56,Star Trek Beyond,20
57,WALL·E,2
57,WALL·E,3
57,WALL·E,9
57,WALL·E,18
58,Rush Hour 3,1
58,Rush Hour 3,5
58,Rush Hour 3,6
58,Rush Hour 3,20
59,2012,1
59,2012,2
59,2012,18
60,A Christmas Carol,3
60,A Christmas Carol,8
60,A Christmas Carol,9
60,A Christmas Carol,10
61,Jupiter Ascending,1
61,Jupiter Ascending,2
61,Jupiter Ascending,18
62,The Legend of Tarzan,1
62,The Legend of Tarzan,2
62,The Legend of Tarzan,8
62,The Legend of Tarzan,17
63,"The Chronicles of Narnia: The Lion, the Witch and the Wardrobe",2
63,"The Chronicles of Narnia: The Lion, the Witch and the Wardrobe",9
63,"The Chronicles of Narnia: The Lion, the Witch and the Wardrobe",10
64,X-Men: Apocalypse,1
64,X-Men: Apocalypse,2
64,X-Men: Apocalypse,18
65,The Dark Knight,1
65,The Dark Knight,6
65,The Dark Knight,8
65,The Dark Knight,20
66,Up,2
66,Up,3
66,Up,5
66,Up,9
67,Monsters vs. Aliens,1
67,Monsters vs. Aliens,2
67,Monsters vs. Aliens,3
67,Monsters vs. Aliens,5
67,Monsters vs. Aliens,9
67,Monsters vs. Aliens,18
68,Iron Man,1
68,Iron Man,2
68,Iron Man,18
69,Hugo,2
69,Hugo,8
69,Hugo,9
69,Hugo,16
70,Wild Wild West,1
70,Wild Wild West,5
70,Wild Wild West,18
70,Wild Wild West,22
71,The Mummy: Tomb of the Dragon Emperor,1
71,The Mummy: Tomb of the Dragon Emperor,2
71,The Mummy: Tomb of the Dragon Emperor,10
71,The Mummy: Tomb of the Dragon Emperor,13
71,The Mummy: Tomb of the Dragon Emperor,20
72,Suicide Squad,1
72,Suicide Squad,2
72,Suicide Squad,5
72,Suicide Squad,18
73,Evan Almighty,5
73,Evan Almighty,9
73,Evan Almighty,10
74,Edge of Tomorrow,1
74,Edge of Tomorrow,2
74,Edge of Tomorrow,18
75,Waterworld,1
75,Waterworld,2
75,Waterworld,18
75,Waterworld,20
76,G.I. Joe: The Rise of Cobra,1
76,G.I. Joe: The Rise of Cobra,2
76,G.I. Joe: The Rise of Cobra,18
76,G.I. Joe: The Rise of Cobra,20
77,Inside Out,2
77,Inside Out,3
77,Inside Out,5
77,Inside Out,8
77,Inside Out,9
77,Inside Out,10
78,The Jungle Book,2
78,The Jungle Book,8
78,The Jungle Book,9
78,The Jungle Book,10
79,Iron Man 2,1
79,Iron Man 2,2
79,Iron Man 2,18
80,Snow White and the Huntsman,1
80,Snow White and the Huntsman,2
80,Snow White and the Huntsman,8
80,Snow White and the Huntsman,10
81,Maleficent,1
81,Maleficent,2
81,Maleficent,9
81,Maleficent,10
81,Maleficent,17
82,Dawn of the Planet of the Apes,1
82,Dawn of the Planet of the Apes,2
82,Dawn of the Planet of the Apes,8
82,Dawn of the Planet of the Apes,18
83,47 Ronin,1
83,47 Ronin,2
83,47 Ronin,8
83,47 Ronin,10
84,Captain America: The Winter Soldier,1
84,Captain America: The Winter Soldier,2
84,Captain America: The Winter Soldier,18
85,Shrek Forever After,2
85,Shrek Forever After,3
85,Shrek Forever After,5
85,Shrek Forever After,9
85,Shrek Forever After,10
86,Tomorrowland,1
86,Tomorrowland,2
86,Tomorrowland,9
86,Tomorrowland,16
86,Tomorrowland,18
87,Big Hero 6,1
87,Big Hero 6,2
87,Big Hero 6,3
87,Big Hero 6,5
87,Big Hero 6,8
87,Big Hero 6,9
87,Big Hero 6,18
88,Wreck-It Ralph,2
88,Wreck-It Ralph,3
88,Wreck-It Ralph,5
88,Wreck-It Ralph,9
88,Wreck-It Ralph,18
89,The Polar Express,2
89,The Polar Express,3
89,The Polar Express,9
89,The Polar Express,10
90,Independence Day: Resurgence,1
90,Independence Day: Resurgence,2
90,Independence Day: Resurgence,18
91,How to Train Your Dragon,2
91,How to Train Your Dragon,3
91,How to Train Your Dragon,9
91,How to Train Your Dragon,10
92,Terminator 3: Rise of the Machines,1
92,Terminator 3: Rise of the Machines,18
93,Guardians of the Galaxy,1
93,Guardians of the Galaxy,2
93,Guardians of the Galaxy,18
94,Interstellar,2
94,Interstellar,8
94,Interstellar,18
95,Inception,1
95,Inception,2
95,Inception,18
95,Inception,20
96,The Hobbit: An Unexpected Journey,2
96,The Hobbit: An Unexpected Journey,10
97,The Fast and the Furious,1
97,The Fast and the Furious,6
97,The Fast and the Furious,20
98,The Curious Case of Benjamin Button,8
98,The Curious Case of Benjamin Button,10
98,The Curious Case of Benjamin Button,17
99,X-Men: First Class,1
99,X-Men: First Class,2
99,X-Men: First Class,18
100,The Hunger Games: Mockingjay - Part 2,2
100,The Hunger Games: Mockingjay - Part 2,18
101,The Sorcerer's Apprentice,1
101,The Sorcerer's Apprentice,2
101,The Sorcerer's Apprentice,9
101,The Sorcerer's Apprentice,10
102,Poseidon,1
102,Poseidon,2
102,Poseidon,8
102,Poseidon,20
103,Alice Through the Looking Glass,2
103,Alice Through the Looking Glass,9
103,Alice Through the Looking Glass,10
104,Shrek the Third,2
104,Shrek the Third,3
104,Shrek the Third,5
104,Shrek the Third,9
104,Shrek the Third,10
105,Warcraft,1
105,Warcraft,2
105,Warcraft,10
106,Terminator Genisys,1
106,Terminator Genisys,2
106,Terminator Genisys,18
107,The Chronicles of Narnia: The Voyage of the Dawn Treader,2
107,The Chronicles of Narnia: The Voyage of the Dawn Treader,9
107,The Chronicles of Narnia: The Voyage of the Dawn Treader,10
108,Pearl Harbor,1
108,Pearl Harbor,8
108,Pearl Harbor,12
108,Pearl Harbor,17
108,Pearl Harbor,21
109,Transformers,1
109,Transformers,2
109,Transformers,18
110,Alexander,1
110,Alexander,2
110,Alexander,4
110,Alexander,8
110,Alexander,12
110,Alexander,17
110,Alexander,21
111,Harry Potter and the Order of the Phoenix,2
111,Harry Potter and the Order of the Phoenix,9
111,Harry Potter and the Order of the Phoenix,10
111,Harry Potter and the Order of the Phoenix,16
112,Harry Potter and the Goblet of Fire,2
112,Harry Potter and the Goblet of Fire,9
112,Harry Potter and the Goblet of Fire,10
112,Harry Potter and the Goblet of Fire,16
113,Hancock,1
113,Hancock,8
114,I Am Legend,8
114,I Am Legend,13
114,I Am Legend,18
115,Charlie and the Chocolate Factory,2
115,Charlie and the Chocolate Factory,5
115,Charlie and the Chocolate Factory,9
115,Charlie and the Chocolate Factory,10
116,Ratatouille,3
116,Ratatouille,5
116,Ratatouille,9
116,Ratatouille,10
117,Batman Begins,1
117,Batman Begins,2
118,Madagascar: Escape 2 Africa,1
118,Madagascar: Escape 2 Africa,2
118,Madagascar: Escape 2 Africa,3
118,Madagascar: Escape 2 Africa,5
118,Madagascar: Escape 2 Africa,9
119,Night at the Museum: Battle of the Smithsonian,2
119,Night at the Museum: Battle of the Smithsonian,5
119,Night at the Museum: Battle of the Smithsonian,9
119,Night at the Museum: Battle of the Smithsonian,10
120,X-Men Origins: Wolverine,1
120,X-Men Origins: Wolverine,2
120,X-Men Origins: Wolverine,10
120,X-Men Origins: Wolverine,18
120,X-Men Origins: Wolverine,20
121,The Matrix Revolutions,1
121,The Matrix Revolutions,18
122,Frozen,2
122,Frozen,3
122,Frozen,5
122,Frozen,9
122,Frozen,10
122,Frozen,15
123,The Matrix Reloaded,1
123,The Matrix Reloaded,18
124,Thor: The Dark World,1
124,Thor: The Dark World,2
124,Thor: The Dark World,10
125,Mad Max: Fury Road,1
125,Mad Max: Fury Road,2
125,Mad Max: Fury Road,18
125,Mad Max: Fury Road,20
126,Angels & Demons,16
126,Angels & Demons,20
127,Thor,1
127,Thor,2
127,Thor,10
128,Bolt,2
128,Bolt,3
128,Bolt,5
128,Bolt,8
128,Bolt,9
129,G-Force,1
129,G-Force,2
129,G-Force,3
129,G-Force,5
129,G-Force,9
129,G-Force,10
129,G-Force,18
130,Wrath of the Titans,1
130,Wrath of the Titans,2
130,Wrath of the Titans,10
131,Dark Shadows,5
131,Dark Shadows,10
131,Dark Shadows,13
132,Mission: Impossible - Rogue Nation,1
132,Mission: Impossible - Rogue Nation,2
132,Mission: Impossible - Rogue Nation,20
133,The Wolfman,8
133,The Wolfman,10
133,The Wolfman,13
133,The Wolfman,20
134,Bee Movie,2
134,Bee Movie,3
134,Bee Movie,5
134,Bee Movie,9
135,Kung Fu Panda 2,1
135,Kung Fu Panda 2,2
135,Kung Fu Panda 2,3
135,Kung Fu Panda 2,5
135,Kung Fu Panda 2,9
136,The Last Airbender,1
136,The Last Airbender,2
136,The Last Airbender,9
136,The Last Airbender,10
137,Mission: Impossible III,1
137,Mission: Impossible III,2
137,Mission: Impossible III,20
138,White House Down,1
138,White House Down,8
138,White House Down,20
139,Mars Needs Moms,1
139,Mars Needs Moms,2
139,Mars Needs Moms,3
139,Mars Needs Moms,5
139,Mars Needs Moms,9
139,Mars Needs Moms,18
140,Flushed Away,2
140,Flushed Away,3
140,Flushed Away,5
140,Flushed Away,9
141,Pan,2
141,Pan,9
141,Pan,10
142,Mr. Peabody & Sherman,2
142,Mr. Peabody & Sherman,3
142,Mr. Peabody & Sherman,5
142,Mr. Peabody & Sherman,9
142,Mr. Peabody & Sherman,18
143,Troy,2
144,Madagascar 3: Europe's Most Wanted,2
144,Madagascar 3: Europe's Most Wanted,3
144,Madagascar 3: Europe's Most Wanted,5
144,Madagascar 3: Europe's Most Wanted,9
145,Die Another Day,1
145,Die Another Day,2
145,Die Another Day,20
146,Ghostbusters,1
146,Ghostbusters,5
146,Ghostbusters,10
146,Ghostbusters,18
147,Armageddon,1
147,Armageddon,2
147,Armageddon,18
147,Armageddon,20
148,Men in Black II,1
148,Men in Black II,2
148,Men in Black II,5
148,Men in Black II,9
148,Men in Black II,10
148,Men in Black II,16
148,Men in Black II,18
149,Beowulf,1
149,Beowulf,2
149,Beowulf,3
149,Beowulf,10
150,Kung Fu Panda 3,1
150,Kung Fu Panda 3,2
150,Kung Fu Panda 3,3
150,Kung Fu Panda 3,5
150,Kung Fu Panda 3,9
151,Mission: Impossible - Ghost Protocol,1
151,Mission: Impossible - Ghost Protocol,2
151,Mission: Impossible - Ghost Protocol,20
152,Rise of the Guardians,2
152,Rise of the Guardians,3
152,Rise of the Guardians,9
152,Rise of the Guardians,10
153,Fun with Dick and Jane,5
153,Fun with Dick and Jane,6
154,The Last Samurai,1
154,The Last Samurai,8
154,The Last Samurai,12
154,The Last Samurai,21
155,Exodus: Gods and Kings,1
155,Exodus: Gods and Kings,2
155,Exodus: Gods and Kings,8
156,Star Trek,1
156,Star Trek,2
156,Star Trek,18
157,Spider-Man,1
157,Spider-Man,2
157,Spider-Man,10
157,Spider-Man,17
158,How to Train Your Dragon 2,1
158,How to Train Your Dragon 2,2
158,How to Train Your Dragon 2,3
158,How to Train Your Dragon 2,5
158,How to Train Your Dragon 2,9
158,How to Train Your Dragon 2,10
159,Gods of Egypt,1
159,Gods of Egypt,2
159,Gods of Egypt,10
160,Stealth,1
160,Stealth,2
160,Stealth,18
160,Stealth,20
161,Watchmen,1
161,Watchmen,8
161,Watchmen,16
161,Watchmen,18
162,Lethal Weapon 4,1
162,Lethal Weapon 4,6
162,Lethal Weapon 4,20
163,Hulk,1
163,Hulk,18
164,G.I. Joe: Retaliation,1
164,G.I. Joe: Retaliation,2
164,G.I. Joe: Retaliation,18
164,G.I. Joe: Retaliation,20
165,Sahara,1
165,Sahara,2
165,Sahara,5
165,Sahara,20
166,Final Fantasy: The Spirits Within,1
166,Final Fantasy: The Spirits Within,2
166,Final Fantasy: The Spirits Within,3
166,Final Fantasy: The Spirits Within,10
166,Final Fantasy: The Spirits Within,17
166,Final Fantasy: The Spirits Within,18
167,Captain America: The First Avenger,1
167,Captain America: The First Avenger,2
167,Captain America: The First Avenger,18
168,The World Is Not Enough,1
168,The World Is Not Enough,2
168,The World Is Not Enough,20
169,Master and Commander: The Far Side of the World,1
169,Master and Commander: The Far Side of the World,2
169,Master and Commander: The Far Side of the World,8
169,Master and Commander: The Far Side of the World,12
169,Master and Commander: The Far Side of the World,21
170,The Twilight Saga: Breaking Dawn - Part 2,2
170,The Twilight Saga: Breaking Dawn - Part 2,8
170,The Twilight Saga: Breaking Dawn - Part 2,10
170,The Twilight Saga: Breaking Dawn - Part 2,17
171,Happy Feet 2,3
171,Happy Feet 2,5
171,Happy Feet 2,9
171,Happy Feet 2,15
172,The Incredible Hulk,1
172,The Incredible Hulk,2
172,The Incredible Hulk,18
173,The BFG,2
173,The BFG,9
173,The BFG,10
174,The Revenant,2
174,The Revenant,8
174,The Revenant,20
174,The Revenant,22
175,Turbo,2
175,Turbo,3
175,Turbo,5
175,Turbo,9
175,Turbo,19
176,Rango,2
176,Rango,3
176,Rango,5
176,Rango,9
176,Rango,22
177,Penguins of Madagascar,2
177,Penguins of Madagascar,3
177,Penguins of Madagascar,5
177,Penguins of Madagascar,9
178,The Bourne Ultimatum,1
178,The Bourne Ultimatum,16
178,The Bourne Ultimatum,20
179,Kung Fu Panda,1
179,Kung Fu Panda,2
179,Kung Fu Panda,3
179,Kung Fu Panda,5
179,Kung Fu Panda,9
180,Ant-Man,1
180,Ant-Man,2
180,Ant-Man,5
180,Ant-Man,18
181,The Hunger Games: Catching Fire,2
181,The Hunger Games: Catching Fire,18
181,The Hunger Games: Catching Fire,20
182,Home,2
182,Home,3
182,Home,5
182,Home,9
182,Home,10
182,Home,18
183,War of the Worlds,2
183,War of the Worlds,18
183,War of the Worlds,20
184,Bad Boys II,1
184,Bad Boys II,5
184,Bad Boys II,6
184,Bad Boys II,20
185,Puss in Boots,1
185,Puss in Boots,2
185,Puss in Boots,3
185,Puss in Boots,5
185,Puss in Boots,9
185,Puss in Boots,10
186,Salt,1
186,Salt,6
186,Salt,16
186,Salt,20
187,Noah,1
187,Noah,2
187,Noah,8
188,The Adventures of Tintin,1
188,The Adventures of Tintin,2
188,The Adventures of Tintin,9
188,The Adventures of Tintin,16
189,Harry Potter and the Prisoner of Azkaban,2
189,Harry Potter and the Prisoner of Azkaban,9
189,Harry Potter and the Prisoner of Azkaban,10
189,Harry Potter and the Prisoner of Azkaban,16
190,Australia,2
190,Australia,8
190,Australia,17
190,Australia,21
191,After Earth,1
191,After Earth,2
191,After Earth,18
192,Dinosaur,2
192,Dinosaur,3
192,Dinosaur,9
192,Dinosaur,20
193,Night at the Museum: Secret of the Tomb,2
193,Night at the Museum: Secret of the Tomb,5
193,Night at the Museum: Secret of the Tomb,9
193,Night at the Museum: Secret of the Tomb,10
194,Megamind,1
194,Megamind,3
194,Megamind,5
194,Megamind,9
194,Megamind,18
195,Harry Potter and the Sorcerer's Stone,2
195,Harry Potter and the Sorcerer's Stone,9
195,Harry Potter and the Sorcerer's Stone,10
196,R.I.P.D.,1
196,R.I.P.D.,5
196,R.I.P.D.,10
197,Pirates of the Caribbean: The Curse of the Black Pearl,1
197,Pirates of the Caribbean: The Curse of the Black Pearl,2
197,Pirates of the Caribbean: The Curse of the Black Pearl,10
198,The Hunger Games: Mockingjay - Part 1,2
198,The Hunger Games: Mockingjay - Part 1,18
198,The Hunger Games: Mockingjay - Part 1,20
199,The Da Vinci Code,16
199,The Da Vinci Code,20
200,Rio 2,2
200,Rio 2,3
200,Rio 2,5
200,Rio 2,9
200,Rio 2,15
201,X-Men 2,1
201,X-Men 2,2
201,X-Men 2,10
201,X-Men 2,18
201,X-Men 2,20
202,Fast Five,1
202,Fast Five,6
202,Fast Five,20
203,Sherlock Holmes: A Game of Shadows,1
203,Sherlock Holmes: A Game of Shadows,2
203,Sherlock Holmes: A Game of Shadows,6
203,Sherlock Holmes: A Game of Shadows,16
203,Sherlock Holmes: A Game of Shadows,20
204,Clash of the Titans,1
204,Clash of the Titans,2
204,Clash of the Titans,10
205,Total Recall,1
205,Total Recall,18
206,The 13th Warrior,1
206,The 13th Warrior,2
206,The 13th Warrior,12
207,The Bourne Legacy,1
207,The Bourne Legacy,2
207,The Bourne Legacy,20
208,Batman & Robin,1
209,How the Grinch Stole Christmas,5
209,How the Grinch Stole Christmas,9
209,How the Grinch Stole Christmas,10
210,The Day After Tomorrow,1
210,The Day After Tomorrow,2
210,The Day After Tomorrow,18
210,The Day After Tomorrow,20
211,Mission: Impossible II,1
211,Mission: Impossible II,2
211,Mission: Impossible II,20
212,The Perfect Storm,1
212,The Perfect Storm,2
212,The Perfect Storm,8
212,The Perfect Storm,20
213,Fantastic 4: Rise of the Silver Surfer,1
213,Fantastic 4: Rise of the Silver Surfer,2
213,Fantastic 4: Rise of the Silver Surfer,18
213,Fantastic 4: Rise of the Silver Surfer,20
214,Life of Pi,2
214,Life of Pi,8
214,Life of Pi,10
215,Ghost Rider,1
215,Ghost Rider,10
215,Ghost Rider,20
216,Jason Bourne,1
216,Jason Bourne,20
217,Charlie's Angels: Full Throttle,1
217,Charlie's Angels: Full Throttle,2
217,Charlie's Angels: Full Throttle,5
217,Charlie's Angels: Full Throttle,6
218,Prometheus,2
218,Prometheus,16
218,Prometheus,18
219,Stuart Little 2,2
219,Stuart Little 2,3
219,Stuart Little 2,5
219,Stuart Little 2,9
219,Stuart Little 2,10
220,Elysium,1
220,Elysium,8
220,Elysium,18
220,Elysium,20
221,The Chronicles of Riddick,1
221,The Chronicles of Riddick,2
221,The Chronicles of Riddick,18
221,The Chronicles of Riddick,20
222,RoboCop,1
222,RoboCop,6
222,RoboCop,18
222,RoboCop,20
223,Speed Racer,1
223,Speed Racer,9
223,Speed Racer,19
224,How Do You Know,5
224,How Do You Know,8
224,How Do You Know,17
225,Knight and Day,1
225,Knight and Day,5
225,Knight and Day,17
226,Oblivion,1
226,Oblivion,2
226,Oblivion,16
226,Oblivion,18
227,Star Wars: Episode III - Revenge of the Sith,1
227,Star Wars: Episode III - Revenge of the Sith,2
227,Star Wars: Episode III - Revenge of the Sith,10
227,Star Wars: Episode III - Revenge of the Sith,18
228,Star Wars: Episode II - Attack of the Clones,1
228,Star Wars: Episode II - Attack of the Clones,2
228,Star Wars: Episode II - Attack of the Clones,10
228,Star Wars: Episode II - Attack of the Clones,18
229,"Monsters, Inc.",2
229,"Monsters, Inc.",3
229,"Monsters, Inc.",5
229,"Monsters, Inc.",9
229,"Monsters, Inc.",10
230,The Wolverine,1
230,The Wolverine,2
230,The Wolverine,18
230,The Wolverine,20
231,Star Wars: Episode I - The Phantom Menace,1
231,Star Wars: Episode I - The Phantom Menace,2
231,Star Wars: Episode I - The Phantom Menace,10
231,Star Wars: Episode I - The Phantom Menace,18
232,The Croods,2
232,The Croods,3
232,The Croods,5
232,The Croods,9
232,The Croods,10
233,Windtalkers,1
233,Windtalkers,8
233,Windtalkers,21
234,The Huntsman: Winter's War,1
234,The Huntsman: Winter's War,2
234,The Huntsman: Winter's War,8
234,The Huntsman: Winter's War,10
235,Teenage Mutant Ninja Turtles,1
235,Teenage Mutant Ninja Turtles,2
235,Teenage Mutant Ninja Turtles,5
235,Teenage Mutant Ninja Turtles,18
236,Gravity,2
236,Gravity,8
236,Gravity,18
236,Gravity,20
237,Dante's Peak,1
237,Dante's Peak,2
237,Dante's Peak,20
238,Teenage Mutant Ninja Turtles: Out of the Shadows,1
238,Teenage Mutant Ninja Turtles: Out of the Shadows,2
238,Teenage Mutant Ninja Turtles: Out of the Shadows,5
238,Teenage Mutant Ninja Turtles: Out of the Shadows,18
239,Fantastic Four,1
239,Fantastic Four,2
239,Fantastic Four,18
240,Night at the Museum,1
240,Night at the Museum,2
240,Night at the Museum,5
240,Night at the Museum,9
240,Night at the Museum,10
241,San Andreas,1
241,San Andreas,2
241,San Andreas,8
241,San Andreas,20
242,Tomorrow Never Dies,1
242,Tomorrow Never Dies,2
242,Tomorrow Never Dies,20
243,The Patriot,1
243,The Patriot,8
243,The Patriot,12
243,The Patriot,21
244,Ocean's Twelve,6
244,Ocean's Twelve,20
245,Mr. & Mrs. Smith,1
245,Mr. & Mrs. Smith,5
245,Mr. & Mrs. Smith,6
245,Mr. & Mrs. Smith,17
245,Mr. & Mrs. Smith,20
246,Insurgent,2
246,Insurgent,18
246,Insurgent,20
247,The Aviator,4
247,The Aviator,8
248,Gulliver's Travels,2
248,Gulliver's Travels,5
248,Gulliver's Travels,9
248,Gulliver's Travels,10
249,The Green Hornet,1
249,The Green Hornet,5
249,The Green Hornet,6
249,The Green Hornet,18
249,The Green Hornet,20
250,300: Rise of an Empire,1
250,300: Rise of an Empire,8
250,300: Rise of an Empire,10
250,300: Rise of an Empire,21
251,The Smurfs,2
251,The Smurfs,3
251,The Smurfs,5
251,The Smurfs,9
251,The Smurfs,10
252,Home on the Range,3
252,Home on the Range,5
252,Home on the Range,9
252,Home on the Range,14
252,Home on the Range,22
253,Allegiant,1
253,Allegiant,2
253,Allegiant,16
253,Allegiant,18
253,Allegiant,20
254,Real Steel,1
254,Real Steel,8
254,Real Steel,18
254,Real Steel,19
255,The Smurfs 2,2
255,The Smurfs 2,3
255,The Smurfs 2,5
255,The Smurfs 2,9
255,The Smurfs 2,10
256,Speed 2: Cruise Control,1
256,Speed 2: Cruise Control,6
256,Speed 2: Cruise Control,17
256,Speed 2: Cruise Control,20
257,Ender's Game,1
257,Ender's Game,18
258,Live Free or Die Hard,1
258,Live Free or Die Hard,2
258,Live Free or Die Hard,20
259,The Lord of the Rings: The Fellowship of the Ring,1
259,The Lord of the Rings: The Fellowship of the Ring,2
259,The Lord of the Rings: The Fellowship of the Ring,8
259,The Lord of the Rings: The Fellowship of the Ring,10
260,Around the World in 80 Days,1
260,Around the World in 80 Days,2
260,Around the World in 80 Days,5
261,Ali,4
261,Ali,8
261,Ali,19
262,The Cat in the Hat,2
262,The Cat in the Hat,5
262,The Cat in the Hat,9
262,The Cat in the Hat,10
263,"I, Robot",1
263,"I, Robot",16
263,"I, Robot",18
263,"I, Robot",20
264,Kingdom of Heaven,1
264,Kingdom of Heaven,2
264,Kingdom of Heaven,8
264,Kingdom of Heaven,12
264,Kingdom of Heaven,21
265,Stuart Little,2
265,Stuart Little,5
265,Stuart Little,9
265,Stuart Little,10
266,The Princess and the Frog,3
266,The Princess and the Frog,9
266,The Princess and the Frog,10
266,The Princess and the Frog,15
266,The Princess and the Frog,17
267,The Martian,2
267,The Martian,8
267,The Martian,18
268,The Island,1
268,The Island,2
268,The Island,17
268,The Island,18
268,The Island,20
269,Town & Country,5
269,Town & Country,17
270,Gone in Sixty Seconds,1
270,Gone in Sixty Seconds,6
270,Gone in Sixty Seconds,20
271,Gladiator,1
271,Gladiator,8
271,Gladiator,17
272,Minority Report,1
272,Minority Report,16
272,Minority Report,18
272,Minority Report,20
273,Harry Potter and the Chamber of Secrets,2
273,Harry Potter and the Chamber of Secrets,9
273,Harry Potter and the Chamber of Secrets,10
273,Harry Potter and the Chamber of Secrets,16
274,Casino Royale,1
274,Casino Royale,2
274,Casino Royale,20
275,Planet of the Apes,1
275,Planet of the Apes,2
275,Planet of the Apes,18
275,Planet of the Apes,20
276,Terminator 2: Judgment Day,1
276,Terminator 2: Judgment Day,18
277,Public Enemies,4
277,Public Enemies,6
277,Public Enemies,8
277,Public Enemies,12
277,Public Enemies,17
278,American Gangster,4
278,American Gangster,6
278,American Gangster,8
279,True Lies,1
279,True Lies,5
279,True Lies,20
280,The Taking of Pelham 1 2 3,1
280,The Taking of Pelham 1 2 3,6
280,The Taking of Pelham 1 2 3,20
281,Little Fockers,5
281,Little Fockers,17
282,The Other Guys,1
282,The Other Guys,5
282,The Other Guys,6
283,Eraser,1
283,Eraser,8
283,Eraser,16
283,Eraser,20
284,Django Unchained,8
284,Django Unchained,22
285,The Hunchback of Notre Dame,3
285,The Hunchback of Notre Dame,8
285,The Hunchback of Notre Dame,9
285,The Hunchback of Notre Dame,15
285,The Hunchback of Notre Dame,17
286,The Emperor's New Groove,2
286,The Emperor's New Groove,3
286,The Emperor's New Groove,5
286,The Emperor's New Groove,9
286,The Emperor's New Groove,10
287,The Expendables 2,1
287,The Expendables 2,2
287,The Expendables 2,20
288,National Treasure,1
288,National Treasure,2
288,National Treasure,5
288,National Treasure,9
288,National Treasure,16
289,Eragon,1
289,Eragon,2
289,Eragon,9
289,Eragon,10
290,Where the Wild Things Are,2
290,Where the Wild Things Are,8
290,Where the Wild Things Are,9
290,Where the Wild Things Are,10
291,Epic,2
291,Epic,3
291,Epic,9
291,Epic,10
292,The Tourist,1
292,The Tourist,17
292,The Tourist,20
293,End of Days,1
293,End of Days,10
293,End of Days,13
293,End of Days,16
294,Blood Diamond,2
294,Blood Diamond,8
294,Blood Diamond,20
295,The Wolf of Wall Street,4
295,The Wolf of Wall Street,5
295,The Wolf of Wall Street,6
295,The Wolf of Wall Street,8
296,Batman Forever,1
296,Batman Forever,2
296,Batman Forever,10
297,Starship Troopers,1
297,Starship Troopers,18
297,Starship Troopers,21
298,Cloud Atlas,8
298,Cloud Atlas,18
299,Legend of the Guardians: The Owls of Ga'Hoole,1
299,Legend of the Guardians: The Owls of Ga'Hoole,2
299,Legend of the Guardians: The Owls of Ga'Hoole,3
299,Legend of the Guardians: The Owls of Ga'Hoole,9
299,Legend of the Guardians: The Owls of Ga'Hoole,10
300,Catwoman,1
300,Catwoman,6
300,Catwoman,10
300,Catwoman,17
300,Catwoman,20
301,Hercules,1
301,Hercules,2
302,Treasure Planet,2
302,Treasure Planet,3
302,Treasure Planet,9
302,Treasure Planet,18
303,Land of the Lost,2
303,Land of the Lost,5
303,Land of the Lost,18
304,The Expendables 3,1
304,The Expendables 3,2
304,The Expendables 3,20
305,Point Break,1
305,Point Break,6
305,Point Break,19
305,Point Break,20
306,Son of the Mask,5
306,Son of the Mask,9
306,Son of the Mask,10
307,In the Heart of the Sea,1
307,In the Heart of the Sea,2
307,In the Heart of the Sea,4
307,In the Heart of the Sea,8
307,In the Heart of the Sea,12
307,In the Heart of the Sea,20
308,The Adventures of Pluto Nash,1
308,The Adventures of Pluto Nash,5
308,The Adventures of Pluto Nash,18
309,Green Zone,1
309,Green Zone,8
309,Green Zone,20
309,Green Zone,21
310,The Peanuts Movie,2
310,The Peanuts Movie,3
310,The Peanuts Movie,5
310,The Peanuts Movie,9
311,The Spanish Prisoner,8
311,The Spanish Prisoner,16
311,The Spanish Prisoner,20
312,The Mummy Returns,1
312,The Mummy Returns,2
312,The Mummy Returns,10
312,The Mummy Returns,20
313,Gangs of New York,6
313,Gangs of New York,8
314,The Flowers of War,8
314,The Flowers of War,12
314,The Flowers of War,17
314,The Flowers of War,21
315,Surf's Up,3
315,Surf's Up,5
315,Surf's Up,9
315,Surf's Up,19
316,The Stepford Wives,5
316,The Stepford Wives,18
316,The Stepford Wives,20
317,Black Hawk Down,8
317,Black Hawk Down,12
317,Black Hawk Down,21
318,The Campaign,5
319,The Fifth Element,1
319,The Fifth Element,2
319,The Fifth Element,18
320,Sex and the City 2,5
320,Sex and the City 2,8
320,Sex and the City 2,17
321,The Road to El Dorado,2
321,The Road to El Dorado,3
321,The Road to El Dorado,5
321,The Road to El Dorado,9
321,The Road to El Dorado,17
322,Ice Age: Continental Drift,2
322,Ice Age: Continental Drift,3
322,Ice Age: Continental Drift,5
322,Ice Age: Continental Drift,9
323,Cinderella,8
323,Cinderella,9
323,Cinderella,10
323,Cinderella,17
324,The Lovely Bones,8
324,The Lovely Bones,10
324,The Lovely Bones,20
325,Finding Nemo,2
325,Finding Nemo,3
325,Finding Nemo,5
325,Finding Nemo,9
326,The Lord of the Rings: The Return of the King,1
326,The Lord of the Rings: The Return of the King,2
326,The Lord of the Rings: The Return of the King,8
326,The Lord of the Rings: The Return of the King,10
327,The Lord of the Rings: The Two Towers,1
327,The Lord of the Rings: The Two Towers,2
327,The Lord of the Rings: The Two Towers,8
327,The Lord of the Rings: The Two Towers,10
328,Seventh Son,1
328,Seventh Son,2
328,Seventh Son,10
329,Lara Croft: Tomb Raider,1
329,Lara Croft: Tomb Raider,2
329,Lara Croft: Tomb Raider,10
329,Lara Croft: Tomb Raider,20
330,Transcendence,8
330,Transcendence,16
330,Transcendence,17
330,Transcendence,18
330,Transcendence,20
331,Jurassic Park III,1
331,Jurassic Park III,2
331,Jurassic Park III,18
331,Jurassic Park III,20
332,Rise of the Planet of the Apes,1
332,Rise of the Planet of the Apes,8
332,Rise of the Planet of the Apes,18
332,Rise of the Planet of the Apes,20
333,The Spiderwick Chronicles,2
333,The Spiderwick Chronicles,9
333,The Spiderwick Chronicles,10
334,A Good Day to Die Hard,1
334,A Good Day to Die Hard,20
335,The Alamo,8
335,The Alamo,12
335,The Alamo,21
335,The Alamo,22
336,The Incredibles,1
336,The Incredibles,2
336,The Incredibles,3
336,The Incredibles,9
337,Cutthroat Island,1
337,Cutthroat Island,2
337,Cutthroat Island,5
338,Percy Jackson & the Olympians: The Lightning Thief,2
338,Percy Jackson & the Olympians: The Lightning Thief,9
338,Percy Jackson & the Olympians: The Lightning Thief,10
339,Men in Black,2
339,Men in Black,5
339,Men in Black,9
339,Men in Black,16
339,Men in Black,18
340,Toy Story 2,2
340,Toy Story 2,3
340,Toy Story 2,5
340,Toy Story 2,9
340,Toy Story 2,10
341,Unstoppable,1
341,Unstoppable,20
342,Rush Hour 2,1
342,Rush Hour 2,5
342,Rush Hour 2,6
342,Rush Hour 2,20
343,What Lies Beneath,8
343,What Lies Beneath,10
343,What Lies Beneath,13
343,What Lies Beneath,16
343,What Lies Beneath,20
344,Cloudy with a Chance of Meatballs,3
344,Cloudy with a Chance of Meatballs,5
344,Cloudy with a Chance of Meatballs,9
344,Cloudy with a Chance of Meatballs,18
345,Ice Age: Dawn of the Dinosaurs,1
345,Ice Age: Dawn of the Dinosaurs,2
345,Ice Age: Dawn of the Dinosaurs,3
345,Ice Age: Dawn of the Dinosaurs,5
345,Ice Age: Dawn of the Dinosaurs,9
346,The Secret Life of Walter Mitty,2
346,The Secret Life of Walter Mitty,5
346,The Secret Life of Walter Mitty,8
346,The Secret Life of Walter Mitty,10
346,The Secret Life of Walter Mitty,17
347,Charlie's Angels,1
347,Charlie's Angels,2
347,Charlie's Angels,5
347,Charlie's Angels,6
347,Charlie's Angels,20
348,The Departed,6
348,The Departed,8
348,The Departed,20
349,Mulan,2
349,Mulan,3
349,Mulan,9
349,Mulan,10
349,Mulan,15
349,Mulan,21
350,Tropic Thunder,1
350,Tropic Thunder,5
351,The Girl with the Dragon Tattoo,6
351,The Girl with the Dragon Tattoo,8
351,The Girl with the Dragon Tattoo,16
351,The Girl with the Dragon Tattoo,20
352,Die Hard with a Vengeance,1
352,Die Hard with a Vengeance,2
352,Die Hard with a Vengeance,20
353,Sherlock Holmes,1
353,Sherlock Holmes,2
353,Sherlock Holmes,6
353,Sherlock Holmes,16
353,Sherlock Holmes,20
354,Atlantis: The Lost Empire,1
354,Atlantis: The Lost Empire,2
354,Atlantis: The Lost Empire,3
354,Atlantis: The Lost Empire,9
354,Atlantis: The Lost Empire,10
354,Atlantis: The Lost Empire,18
355,Alvin and the Chipmunks: The Road Chip,2
355,Alvin and the Chipmunks: The Road Chip,3
355,Alvin and the Chipmunks: The Road Chip,5
355,Alvin and the Chipmunks: The Road Chip,9
355,Alvin and the Chipmunks: The Road Chip,10
355,Alvin and the Chipmunks: The Road Chip,14
356,Valkyrie,8
356,Valkyrie,12
356,Valkyrie,20
356,Valkyrie,21
357,You Don't Mess with the Zohan,1
357,You Don't Mess with the Zohan,5
358,Pixels,1
358,Pixels,3
358,Pixels,5
358,Pixels,18
359,A.I. Artificial Intelligence,2
359,A.I. Artificial Intelligence,8
359,A.I. Artificial Intelligence,18
360,The Haunted Mansion,5
360,The Haunted Mansion,9
360,The Haunted Mansion,10
360,The Haunted Mansion,13
360,The Haunted Mansion,16
361,Contact,8
361,Contact,16
361,Contact,18
361,Contact,20
362,Hollow Man,1
362,Hollow Man,13
362,Hollow Man,18
362,Hollow Man,20
363,The Interpreter,6
363,The Interpreter,16
363,The Interpreter,20
364,Percy Jackson: Sea of Monsters,2
364,Percy Jackson: Sea of Monsters,9
364,Percy Jackson: Sea of Monsters,10
365,Lara Croft Tomb Raider: The Cradle of Life,1
365,Lara Croft Tomb Raider: The Cradle of Life,2
365,Lara Croft Tomb Raider: The Cradle of Life,10
366,Now You See Me 2,1
366,Now You See Me 2,2
366,Now You See Me 2,5
366,Now You See Me 2,6
366,Now You See Me 2,16
366,Now You See Me 2,20
367,The Saint,1
367,The Saint,2
367,The Saint,17
367,The Saint,18
367,The Saint,20
368,Spy Game,1
368,Spy Game,6
368,Spy Game,20
369,Mission to Mars,2
369,Mission to Mars,18
369,Mission to Mars,20
370,Rio,2
370,Rio,3
370,Rio,5
370,Rio,9
370,Rio,15
371,Bicentennial Man,5
371,Bicentennial Man,8
371,Bicentennial Man,18
372,Volcano,1
372,Volcano,8
372,Volcano,18
372,Volcano,20
373,The Devil's Own,1
373,The Devil's Own,6
373,The Devil's Own,8
373,The Devil's Own,20
374,K-19: The Widowmaker,8
374,K-19: The Widowmaker,12
374,K-19: The Widowmaker,20
374,K-19: The Widowmaker,21
375,Conan the Barbarian,2
375,Conan the Barbarian,10
376,Cinderella Man,4
376,Cinderella Man,8
376,Cinderella Man,19
377,The Nutcracker in 3D,1
377,The Nutcracker in 3D,9
377,The Nutcracker in 3D,10
377,The Nutcracker in 3D,15
378,Seabiscuit,8
378,Seabiscuit,12
378,Seabiscuit,19
379,Twister,1
379,Twister,2
379,Twister,8
379,Twister,20
380,Cast Away,2
380,Cast Away,8
380,Cast Away,17
381,Happy Feet,3
381,Happy Feet,5
381,Happy Feet,9
381,Happy Feet,14
381,Happy Feet,17
382,The Bourne Supremacy,1
382,The Bourne Supremacy,16
382,The Bourne Supremacy,20
383,Air Force One,1
383,Air Force One,2
383,Air Force One,8
383,Air Force One,20
384,Ocean's Eleven,6
384,Ocean's Eleven,20
385,The Three Musketeers,1
385,The Three Musketeers,2
385,The Three Musketeers,17
386,Hotel Transylvania,3
386,Hotel Transylvania,5
386,Hotel Transylvania,9
386,Hotel Transylvania,10
387,Enchanted,3
387,Enchanted,5
387,Enchanted,9
387,Enchanted,10
387,Enchanted,15
387,Enchanted,17
388,Safe House,1
388,Safe House,6
388,Safe House,16
388,Safe House,20
389,102 Dalmatians,2
389,102 Dalmatians,5
389,102 Dalmatians,9
390,Tower Heist,1
390,Tower Heist,5
390,Tower Heist,6
391,The Holiday,5
391,The Holiday,17
392,Enemy of the State,1
392,Enemy of the State,6
392,Enemy of the State,8
392,Enemy of the State,16
392,Enemy of the State,20
393,It's Complicated,5
393,It's Complicated,8
393,It's Complicated,17
394,Ocean's Thirteen,6
394,Ocean's Thirteen,20
395,Open Season,2
395,Open Season,3
395,Open Season,5
395,Open Season,9
396,Divergent,2
396,Divergent,16
396,Divergent,18
397,Enemy at the Gates,8
397,Enemy at the Gates,12
397,Enemy at the Gates,21
398,The Rundown,1
398,The Rundown,2
398,The Rundown,5
398,The Rundown,20
399,Last Action Hero,1
399,Last Action Hero,2
399,Last Action Hero,5
399,Last Action Hero,10
400,Memoirs of a Geisha,8
400,Memoirs of a Geisha,17
401,The Fast and the Furious: Tokyo Drift,1
401,The Fast and the Furious: Tokyo Drift,6
401,The Fast and the Furious: Tokyo Drift,20
402,Arthur Christmas,2
402,Arthur Christmas,3
402,Arthur Christmas,5
402,Arthur Christmas,9
402,Arthur Christmas,10
403,Meet Joe Black,8
403,Meet Joe Black,10
403,Meet Joe Black,17
404,Collateral Damage,1
404,Collateral Damage,8
404,Collateral Damage,20
405,Mirror Mirror,2
405,Mirror Mirror,5
405,Mirror Mirror,8
405,Mirror Mirror,9
405,Mirror Mirror,10
406,Scott Pilgrim vs. the World,1
406,Scott Pilgrim vs. the World,5
406,Scott Pilgrim vs. the World,10
406,Scott Pilgrim vs. the World,17
407,The Core,1
407,The Core,2
407,The Core,18
407,The Core,20
408,Nutty Professor II: The Klumps,5
408,Nutty Professor II: The Klumps,17
408,Nutty Professor II: The Klumps,18
409,Scooby-Doo,2
409,Scooby-Doo,5
409,Scooby-Doo,16
410,Dredd,1
410,Dredd,18
411,Click,5
411,Click,8
411,Click,10
411,Click,17
412,Cats & Dogs: The Revenge of Kitty Galore,1
412,Cats & Dogs: The Revenge of Kitty Galore,5
412,Cats & Dogs: The Revenge of Kitty Galore,9
412,Cats & Dogs: The Revenge of Kitty Galore,10
413,Jumper,1
413,Jumper,2
413,Jumper,18
413,Jumper,20
414,Hellboy II: The Golden Army,1
414,Hellboy II: The Golden Army,2
414,Hellboy II: The Golden Army,10
414,Hellboy II: The Golden Army,13
414,Hellboy II: The Golden Army,18
415,Zodiac,6
415,Zodiac,8
415,Zodiac,12
415,Zodiac,16
415,Zodiac,20
416,The 6th Day,1
416,The 6th Day,16
416,The 6th Day,18
416,The 6th Day,20
417,Bruce Almighty,5
417,Bruce Almighty,8
418,The Expendables,1
418,The Expendables,2
418,The Expendables,20
419,Mission: Impossible,1
419,Mission: Impossible,2
419,Mission: Impossible,20
420,The Hunger Games,2
420,The Hunger Games,8
420,The Hunger Games,18
420,The Hunger Games,20
421,The Hangover Part II,5
422,Batman Returns,1
423,Over the Hedge,2
423,Over the Hedge,3
423,Over the Hedge,5
423,Over the Hedge,9
424,Lilo & Stitch,2
424,Lilo & Stitch,3
424,Lilo & Stitch,5
424,Lilo & Stitch,8
424,Lilo & Stitch,9
424,Lilo & Stitch,10
424,Lilo & Stitch,18
425,Deep Impact,1
425,Deep Impact,8
425,Deep Impact,17
425,Deep Impact,18
425,Deep Impact,20
426,RED 2,1
426,RED 2,5
426,RED 2,6
426,RED 2,20
427,The Longest Yard,5
427,The Longest Yard,6
427,The Longest Yard,19
428,Alvin and the Chipmunks: Chipwrecked,2
428,Alvin and the Chipmunks: Chipwrecked,3
428,Alvin and the Chipmunks: Chipwrecked,5
428,Alvin and the Chipmunks: Chipwrecked,9
428,Alvin and the Chipmunks: Chipwrecked,10
428,Alvin and the Chipmunks: Chipwrecked,14
429,Grown Ups 2,5
430,Get Smart,1
430,Get Smart,2
430,Get Smart,5
431,Something's Gotta Give,5
431,Something's Gotta Give,8
431,Something's Gotta Give,17
432,Shutter Island,16
432,Shutter Island,20
433,Four Christmases,5
433,Four Christmases,8
433,Four Christmases,17
434,Robots,2
434,Robots,3
434,Robots,5
434,Robots,9
434,Robots,18
435,Face/Off,1
435,Face/Off,6
435,Face/Off,18
435,Face/Off,20
436,Bedtime Stories,5
436,Bedtime Stories,9
436,Bedtime Stories,10
436,Bedtime Stories,17
437,Road to Perdition,6
437,Road to Perdition,8
437,Road to Perdition,20
438,Just Go with It,5
438,Just Go with It,17
439,Con Air,1
439,Con Air,6
439,Con Air,20
440,Eagle Eye,1
440,Eagle Eye,16
440,Eagle Eye,20
441,Cold Mountain,2
441,Cold Mountain,8
441,Cold Mountain,12
441,Cold Mountain,17
441,Cold Mountain,21
442,The Book of Eli,1
442,The Book of Eli,2
442,The Book of Eli,8
442,The Book of Eli,20
443,Flubber,5
443,Flubber,9
443,Flubber,18
444,The Haunting,10
444,The Haunting,13
444,The Haunting,16
444,The Haunting,20
445,Space Jam,2
445,Space Jam,3
445,Space Jam,5
445,Space Jam,9
445,Space Jam,10
445,Space Jam,18
445,Space Jam,19
446,The Pink Panther,2
446,The Pink Panther,5
446,The Pink Panther,6
446,The Pink Panther,9
446,The Pink Panther,16
447,The Day the Earth Stood Still,8
447,The Day the Earth Stood Still,18
447,The Day the Earth Stood Still,20
448,Conspiracy Theory,1
448,Conspiracy Theory,6
448,Conspiracy Theory,16
448,Conspiracy Theory,17
448,Conspiracy Theory,20
449,Fury,1
449,Fury,8
449,Fury,21
450,Six Days Seven Nights,1
450,Six Days Seven Nights,2
450,Six Days Seven Nights,5
450,Six Days Seven Nights,17
451,Yogi Bear,2
451,Yogi Bear,3
451,Yogi Bear,5
451,Yogi Bear,9
452,Spirit: Stallion of the Cimarron,2
452,Spirit: Stallion of the Cimarron,3
452,Spirit: Stallion of the Cimarron,9
452,Spirit: Stallion of the Cimarron,22
453,Zookeeper,5
453,Zookeeper,9
453,Zookeeper,17
454,Lost in Space,1
454,Lost in Space,2
454,Lost in Space,9
454,Lost in Space,18
454,Lost in Space,20
455,The Manchurian Candidate,8
455,The Manchurian Candidate,16
455,The Manchurian Candidate,18
455,The Manchurian Candidate,20
456,Hotel Transylvania 2,3
456,Hotel Transylvania 2,5
456,Hotel Transylvania 2,9
456,Hotel Transylvania 2,10
457,Fantasia 2000,3
457,Fantasia 2000,9
457,Fantasia 2000,10
457,Fantasia 2000,14
458,The Time Machine,1
458,The Time Machine,2
458,The Time Machine,18
459,Mighty Joe Young,1
459,Mighty Joe Young,2
459,Mighty Joe Young,9
459,Mighty Joe Young,10
459,Mighty Joe Young,20
460,Swordfish,1
460,Swordfish,6
460,Swordfish,20
461,The Legend of Zorro,1
461,The Legend of Zorro,2
461,The Legend of Zorro,22
462,What Dreams May Come,8
462,What Dreams May Come,10
462,What Dreams May Come,17
463,Little Nicky,5
463,Little Nicky,10
464,The Brothers Grimm,1
464,The Brothers Grimm,2
464,The Brothers Grimm,5
464,The Brothers Grimm,10
464,The Brothers Grimm,20
465,Mars Attacks!,1
465,Mars Attacks!,5
465,Mars Attacks!,18
466,Surrogates,1
466,Surrogates,18
466,Surrogates,20
467,Thirteen Days,8
467,Thirteen Days,12
467,Thirteen Days,20
468,Daylight,1
468,Daylight,2
468,Daylight,8
468,Daylight,20
469,Walking with Dinosaurs 3D,2
469,Walking with Dinosaurs 3D,3
469,Walking with Dinosaurs 3D,9
470,Battlefield Earth,1
470,Battlefield Earth,2
470,Battlefield Earth,18
471,Looney Tunes: Back in Action,2
471,Looney Tunes: Back in Action,3
471,Looney Tunes: Back in Action,5
471,Looney Tunes: Back in Action,9
471,Looney Tunes: Back in Action,10
471,Looney Tunes: Back in Action,18
472,Nine,8
472,Nine,15
472,Nine,17
473,Timeline,1
473,Timeline,2
473,Timeline,18
474,The Postman,1
474,The Postman,2
474,The Postman,8
474,The Postman,18
475,Babe: Pig in the City,2
475,Babe: Pig in the City,5
475,Babe: Pig in the City,8
475,Babe: Pig in the City,9
475,Babe: Pig in the City,10
476,The Last Witch Hunter,1
476,The Last Witch Hunter,2
476,The Last Witch Hunter,10
477,Red Planet,1
477,Red Planet,18
477,Red Planet,20
478,Arthur and the Invisibles,2
478,Arthur and the Invisibles,3
478,Arthur and the Invisibles,9
478,Arthur and the Invisibles,10
479,Oceans,7
479,Oceans,8
480,A Sound of Thunder,1
480,A Sound of Thunder,2
480,A Sound of Thunder,13
480,A Sound of Thunder,18
480,A Sound of Thunder,20
481,Pompeii,1
481,Pompeii,2
481,Pompeii,8
481,Pompeii,12
481,Pompeii,17
482,A Beautiful Mind,4
482,A Beautiful Mind,8
483,The Lion King,2
483,The Lion King,3
483,The Lion King,8
483,The Lion King,9
483,The Lion King,15
484,Journey 2: The Mysterious Island,1
484,Journey 2: The Mysterious Island,2
484,Journey 2: The Mysterious Island,5
484,Journey 2: The Mysterious Island,9
484,Journey 2: The Mysterious Island,10
484,Journey 2: The Mysterious Island,18
485,Cloudy with a Chance of Meatballs 2,3
485,Cloudy with a Chance of Meatballs 2,5
485,Cloudy with a Chance of Meatballs 2,9
485,Cloudy with a Chance of Meatballs 2,10
485,Cloudy with a Chance of Meatballs 2,18
486,Red Dragon,6
486,Red Dragon,8
486,Red Dragon,20
487,Hidalgo,1
487,Hidalgo,2
487,Hidalgo,22
488,Jack and Jill,5
489,2 Fast 2 Furious,1
489,2 Fast 2 Furious,6
489,2 Fast 2 Furious,20
490,The Little Prince,2
490,The Little Prince,3
490,The Little Prince,8
490,The Little Prince,9
490,The Little Prince,10
491,The Invasion,18
491,The Invasion,20
492,The Adventures of Rocky & Bullwinkle,2
492,The Adventures of Rocky & Bullwinkle,3
492,The Adventures of Rocky & Bullwinkle,5
492,The Adventures of Rocky & Bullwinkle,9
492,The Adventures of Rocky & Bullwinkle,10
493,The Secret Life of Pets,3
493,The Secret Life of Pets,5
493,The Secret Life of Pets,9
494,The League of Extraordinary Gentlemen,1
494,The League of Extraordinary Gentlemen,2
494,The League of Extraordinary Gentlemen,10
494,The League of Extraordinary Gentlemen,18
495,Despicable Me 2,3
495,Despicable Me 2,5
495,Despicable Me 2,9
495,Despicable Me 2,18
496,Independence Day,1
496,Independence Day,2
496,Independence Day,18
497,The Lost World: Jurassic Park,1
497,The Lost World: Jurassic Park,2
497,The Lost World: Jurassic Park,18
498,Madagascar,2
498,Madagascar,3
498,Madagascar,5
498,Madagascar,9
499,Children of Men,8
499,Children of Men,18
499,Children of Men,20
500,X-Men,1
500,X-Men,2
500,X-Men,18
501,Wanted,1
501,Wanted,6
501,Wanted,10
501,Wanted,20
502,The Rock,1
502,The Rock,2
502,The Rock,20
503,Ice Age: The Meltdown,1
503,Ice Age: The Meltdown,2
503,Ice Age: The Meltdown,3
503,Ice Age: The Meltdown,5
503,Ice Age: The Meltdown,9
503,Ice Age: The Meltdown,10
504,50 First Dates,5
504,50 First Dates,17
505,Hairspray,5
505,Hairspray,8
505,Hairspray,9
505,Hairspray,14
505,Hairspray,15
505,Hairspray,17
506,Exorcist: The Beginning,13
506,Exorcist: The Beginning,16
506,Exorcist: The Beginning,20
507,Inspector Gadget,1
507,Inspector Gadget,2
507,Inspector Gadget,5
507,Inspector Gadget,9
507,Inspector Gadget,18
508,Now You See Me,6
508,Now You See Me,16
508,Now You See Me,20
509,Grown Ups,5
510,The Terminal,5
510,The Terminal,8
511,Hotel for Dogs,5
511,Hotel for Dogs,9
512,Vertical Limit,1
512,Vertical Limit,2
512,Vertical Limit,8
512,Vertical Limit,20
513,Charlie Wilson's War,4
513,Charlie Wilson's War,5
513,Charlie Wilson's War,8
513,Charlie Wilson's War,12
514,Shark Tale,2
514,Shark Tale,3
514,Shark Tale,5
514,Shark Tale,9
515,Dreamgirls,8
515,Dreamgirls,14
515,Dreamgirls,15
516,Be Cool,5
516,Be Cool,6
516,Be Cool,14
517,Munich,8
517,Munich,12
517,Munich,20
518,Tears of the Sun,1
518,Tears of the Sun,8
518,Tears of the Sun,20
518,Tears of the Sun,21
519,Killers,1
519,Killers,5
519,Killers,17
519,Killers,20
520,The Man from U.N.C.L.E.,1
520,The Man from U.N.C.L.E.,2
520,The Man from U.N.C.L.E.,5
521,Spanglish,5
521,Spanglish,8
521,Spanglish,17
522,Monster House,3
522,Monster House,5
522,Monster House,9
522,Monster House,10
522,Monster House,16
523,Bandits,5
523,Bandits,6
523,Bandits,8
523,Bandits,17
524,First Knight,1
524,First Knight,2
524,First Knight,17
524,First Knight,20
525,Anna and the King,8
525,Anna and the King,12
525,Anna and the King,17
526,Immortals,1
526,Immortals,8
526,Immortals,10
526,Immortals,17
527,Hostage,1
527,Hostage,6
527,Hostage,8
527,Hostage,16
527,Hostage,20
528,Titan A.E.,1
528,Titan A.E.,2
528,Titan A.E.,3
528,Titan A.E.,9
528,Titan A.E.,18
529,Hollywood Homicide,1
529,Hollywood Homicide,5
529,Hollywood Homicide,6
529,Hollywood Homicide,20
530,Soldier,1
530,Soldier,8
530,Soldier,18
531,Monkeybone,3
531,Monkeybone,5
531,Monkeybone,10
532,Flight of the Phoenix,1
532,Flight of the Phoenix,2
532,Flight of the Phoenix,8
532,Flight of the Phoenix,20
533,Unbreakable,8
533,Unbreakable,16
533,Unbreakable,18
533,Unbreakable,20
534,Minions,1
534,Minions,3
534,Minions,5
534,Minions,9
534,Minions,18
535,Sucker Punch,1
535,Sucker Punch,10
536,Snake Eyes,6
536,Snake Eyes,16
536,Snake Eyes,20
537,Sphere,8
537,Sphere,16
537,Sphere,18
537,Sphere,20
538,The Angry Birds Movie,1
538,The Angry Birds Movie,3
538,The Angry Birds Movie,5
538,The Angry Birds Movie,9
539,Fool's Gold,1
539,Fool's Gold,2
539,Fool's Gold,5
539,Fool's Gold,17
539,Fool's Gold,20
540,Funny People,5
540,Funny People,8
541,The Kingdom,1
541,The Kingdom,8
541,The Kingdom,20
542,Talladega Nights: The Ballad of Ricky Bobby,1
542,Talladega Nights: The Ballad of Ricky Bobby,5
542,Talladega Nights: The Ballad of Ricky Bobby,19
543,Dr. Dolittle 2,5
543,Dr. Dolittle 2,9
543,Dr. Dolittle 2,10
544,Braveheart,4
544,Braveheart,8
544,Braveheart,12
544,Braveheart,21
545,Jarhead,1
545,Jarhead,8
545,Jarhead,21
546,The Simpsons Movie,2
546,The Simpsons Movie,3
546,The Simpsons Movie,5
547,The Majestic,8
547,The Majestic,17
548,Driven,1
548,Driven,8
548,Driven,19
549,Two Brothers,2
549,Two Brothers,8
549,Two Brothers,9
550,The Village,8
550,The Village,16
550,The Village,17
550,The Village,20
551,Doctor Dolittle,5
551,Doctor Dolittle,9
551,Doctor Dolittle,10
552,Signs,8
552,Signs,18
552,Signs,20
553,Shrek 2,2
553,Shrek 2,3
553,Shrek 2,5
553,Shrek 2,9
553,Shrek 2,10
553,Shrek 2,17
554,Cars,2
554,Cars,3
554,Cars,5
554,Cars,9
554,Cars,19
555,Runaway Bride,5
555,Runaway Bride,17
556,xXx,1
556,xXx,2
556,xXx,20
557,The SpongeBob Movie: Sponge Out of Water,2
557,The SpongeBob Movie: Sponge Out of Water,3
557,The SpongeBob Movie: Sponge Out of Water,5
557,The SpongeBob Movie: Sponge Out of Water,9
557,The SpongeBob Movie: Sponge Out of Water,10
558,Ransom,6
558,Ransom,20
559,Inglourious Basterds,2
559,Inglourious Basterds,8
559,Inglourious Basterds,21
560,Hook,2
560,Hook,5
560,Hook,9
560,Hook,10
561,Die Hard 2,1
561,Die Hard 2,20
562,S.W.A.T.,1
562,S.W.A.T.,2
562,S.W.A.T.,6
562,S.W.A.T.,20
563,Vanilla Sky,10
563,Vanilla Sky,16
563,Vanilla Sky,17
563,Vanilla Sky,18
563,Vanilla Sky,20
564,Lady in the Water,8
564,Lady in the Water,10
564,Lady in the Water,16
564,Lady in the Water,20
565,AVP: Alien vs. Predator,1
565,AVP: Alien vs. Predator,13
565,AVP: Alien vs. Predator,18
565,AVP: Alien vs. Predator,20
566,Alvin and the Chipmunks: The Squeakquel,3
566,Alvin and the Chipmunks: The Squeakquel,5
566,Alvin and the Chipmunks: The Squeakquel,9
566,Alvin and the Chipmunks: The Squeakquel,10
566,Alvin and the Chipmunks: The Squeakquel,14
567,We Were Soldiers,1
567,We Were Soldiers,8
567,We Were Soldiers,12
567,We Were Soldiers,21
568,Olympus Has Fallen,1
568,Olympus Has Fallen,20
569,Star Trek: Insurrection,1
569,Star Trek: Insurrection,2
569,Star Trek: Insurrection,18
569,Star Trek: Insurrection,20
570,Battle Los Angeles,1
570,Battle Los Angeles,18
571,Big Fish,2
571,Big Fish,8
571,Big Fish,10
572,Wolf,8
572,Wolf,13
572,Wolf,17
572,Wolf,20
573,War Horse,8
573,War Horse,21
574,The Monuments Men,8
574,The Monuments Men,21
575,The Abyss,2
575,The Abyss,8
575,The Abyss,18
575,The Abyss,20
576,Wall Street: Money Never Sleeps,8
577,Dracula Untold,1
577,Dracula Untold,8
577,Dracula Untold,10
577,Dracula Untold,13
577,Dracula Untold,21
578,The Siege,1
578,The Siege,20
579,Stardust,2
579,Stardust,9
579,Stardust,10
579,Stardust,17
580,Seven Years in Tibet,2
580,Seven Years in Tibet,4
580,Seven Years in Tibet,8
580,Seven Years in Tibet,12
580,Seven Years in Tibet,21
581,The Dilemma,5
581,The Dilemma,8
582,Bad Company,1
582,Bad Company,2
582,Bad Company,5
582,Bad Company,20
583,Doom,1
583,Doom,2
583,Doom,13
583,Doom,18
584,I Spy,1
584,I Spy,2
584,I Spy,5
584,I Spy,20
585,Underworld: Awakening,1
585,Underworld: Awakening,10
585,Underworld: Awakening,13
586,Rock of Ages,5
586,Rock of Ages,8
586,Rock of Ages,15
586,Rock of Ages,17
587,Hart's War,8
587,Hart's War,21
588,Killer Elite,1
588,Killer Elite,6
588,Killer Elite,20
589,Rollerball,1
589,Rollerball,18
589,Rollerball,19
590,Ballistic: Ecks vs. Sever,1
590,Ballistic: Ecks vs. Sever,6
590,Ballistic: Ecks vs. Sever,18
590,Ballistic: Ecks vs. Sever,20
591,Hard Rain,1
591,Hard Rain,6
591,Hard Rain,8
591,Hard Rain,20
592,Osmosis Jones,1
592,Osmosis Jones,2
592,Osmosis Jones,3
592,Osmosis Jones,5
592,Osmosis Jones,6
592,Osmosis Jones,9
592,Osmosis Jones,10
593,Blackhat,1
593,Blackhat,6
593,Blackhat,8
593,Blackhat,16
593,Blackhat,20
594,Sky Captain and the World of Tomorrow,1
594,Sky Captain and the World of Tomorrow,2
594,Sky Captain and the World of Tomorrow,16
594,Sky Captain and the World of Tomorrow,18
594,Sky Captain and the World of Tomorrow,20
595,Basic Instinct 2,6
595,Basic Instinct 2,16
595,Basic Instinct 2,20
596,Escape Plan,1
596,Escape Plan,6
596,Escape Plan,16
596,Escape Plan,18
596,Escape Plan,20
597,The Legend of Hercules,1
597,The Legend of Hercules,2
597,The Legend of Hercules,10
598,The Sum of All Fears,1
598,The Sum of All Fears,8
598,The Sum of All Fears,20
599,The Twilight Saga: Eclipse,2
599,The Twilight Saga: Eclipse,8
599,The Twilight Saga: Eclipse,10
599,The Twilight Saga: Eclipse,17
600,The Score,6
600,The Score,8
600,The Score,20
601,Despicable Me,3
601,Despicable Me,5
601,Despicable Me,9
602,Money Train,1
602,Money Train,5
602,Money Train,6
602,Money Train,8
602,Money Train,20
603,Ted 2,5
604,Agora,2
604,Agora,8
604,Agora,12
604,Agora,17
605,Mystery Men,1
605,Mystery Men,5
605,Mystery Men,10
605,Mystery Men,18
606,Hall Pass,5
606,Hall Pass,17
607,The Insider,4
607,The Insider,8
607,The Insider,20
608,Body of Lies,1
608,Body of Lies,8
608,Body of Lies,20
609,Abraham Lincoln: Vampire Hunter,1
609,Abraham Lincoln: Vampire Hunter,10
609,Abraham Lincoln: Vampire Hunter,13
610,Entrapment,1
610,Entrapment,6
610,Entrapment,17
610,Entrapment,20
611,The X Files,8
611,The X Files,16
611,The X Files,18
611,The X Files,20
612,The Last Legion,1
612,The Last Legion,2
612,The Last Legion,10
612,The Last Legion,21
613,Saving Private Ryan,1
613,Saving Private Ryan,8
613,Saving Private Ryan,21
614,Need for Speed,1
614,Need for Speed,6
614,Need for Speed,8
614,Need for Speed,20
615,What Women Want,5
615,What Women Want,10
615,What Women Want,17
616,Ice Age,2
616,Ice Age,3
616,Ice Age,5
616,Ice Age,9
617,Dreamcatcher,8
617,Dreamcatcher,13
617,Dreamcatcher,18
617,Dreamcatcher,20
618,Lincoln,4
618,Lincoln,8
618,Lincoln,12
618,Lincoln,21
619,The Matrix,1
619,The Matrix,18
620,Apollo 13,2
620,Apollo 13,8
620,Apollo 13,12
621,The Santa Clause 2,5
621,The Santa Clause 2,9
621,The Santa Clause 2,10
622,Les Misérables,8
622,Les Misérables,15
622,Les Misérables,17
623,You've Got Mail,5
623,You've Got Mail,8
623,You've Got Mail,17
624,Step Brothers,5
625,The Mask of Zorro,1
625,The Mask of Zorro,2
625,The Mask of Zorro,5
625,The Mask of Zorro,17
625,The Mask of Zorro,20
625,The Mask of Zorro,22
626,Due Date,5
626,Due Date,8
627,Unbroken,4
627,Unbroken,8
627,Unbroken,19
627,Unbroken,21
628,Space Cowboys,1
628,Space Cowboys,2
628,Space Cowboys,20
629,Cliffhanger,1
629,Cliffhanger,2
629,Cliffhanger,20
630,Broken Arrow,1
630,Broken Arrow,6
630,Broken Arrow,20
631,The Kid,5
631,The Kid,9
631,The Kid,10
632,World Trade Center,8
632,World Trade Center,12
632,World Trade Center,20
633,Mona Lisa Smile,8
634,The Dictator,5
634,The Dictator,17
635,Eyes Wide Shut,8
635,Eyes Wide Shut,16
635,Eyes Wide Shut,20
636,Annie,5
636,Annie,8
636,Annie,9
636,Annie,15
637,Focus,5
637,Focus,6
637,Focus,8
637,Focus,17
638,This Means War,1
638,This Means War,5
638,This Means War,17
639,Blade: Trinity,1
639,Blade: Trinity,2
639,Blade: Trinity,10
639,Blade: Trinity,13
639,Blade: Trinity,18
639,Blade: Trinity,20
640,Primary Colors,5
640,Primary Colors,8
641,Resident Evil: Retribution,1
641,Resident Evil: Retribution,13
641,Resident Evil: Retribution,18
641,Resident Evil: Retribution,20
642,Death Race,1
642,Death Race,18
642,Death Race,20
643,The Long Kiss Goodnight,1
643,The Long Kiss Goodnight,6
643,The Long Kiss Goodnight,8
643,The Long Kiss Goodnight,16
643,The Long Kiss Goodnight,20
644,Proof of Life,1
644,Proof of Life,8
644,Proof of Life,20
645,Zathura: A Space Adventure,1
645,Zathura: A Space Adventure,2
645,Zathura: A Space Adventure,5
645,Zathura: A Space Adventure,9
645,Zathura: A Space Adventure,10
645,Zathura: A Space Adventure,18
646,Fight Club,8
647,We Are Marshall,8
647,We Are Marshall,19
648,Hudson Hawk,1
648,Hudson Hawk,2
648,Hudson Hawk,5
649,Lucky Numbers,5
649,Lucky Numbers,6
650,"I, Frankenstein",1
650,"I, Frankenstein",10
650,"I, Frankenstein",18
650,"I, Frankenstein",20
651,Oliver Twist,6
651,Oliver Twist,8
652,Elektra,1
652,Elektra,6
652,Elektra,10
652,Elektra,20
653,Sin City: A Dame to Kill For,1
653,Sin City: A Dame to Kill For,6
653,Sin City: A Dame to Kill For,20
654,Random Hearts,8
654,Random Hearts,16
654,Random Hearts,17
655,Everest,2
655,Everest,4
655,Everest,8
655,Everest,12
655,Everest,19
655,Everest,20
656,Perfume: The Story of a Murderer,6
656,Perfume: The Story of a Murderer,8
656,Perfume: The Story of a Murderer,10
657,Austin Powers in Goldmember,1
657,Austin Powers in Goldmember,5
657,Austin Powers in Goldmember,6
658,Astro Boy,1
658,Astro Boy,3
658,Astro Boy,5
658,Astro Boy,9
658,Astro Boy,18
659,Jurassic Park,2
659,Jurassic Park,18
659,Jurassic Park,20
660,Wyatt Earp,2
660,Wyatt Earp,4
660,Wyatt Earp,6
660,Wyatt Earp,8
660,Wyatt Earp,22
661,Clear and Present Danger,1
661,Clear and Present Danger,6
661,Clear and Present Danger,8
661,Clear and Present Danger,20
662,Dragon Blade,1
662,Dragon Blade,2
662,Dragon Blade,8
662,Dragon Blade,12
663,Littleman,5
663,Littleman,6
664,U-571,1
664,U-571,21
665,The American President,5
665,The American President,8
665,The American President,17
666,The Love Guru,5
666,The Love Guru,17
666,The Love Guru,19
667,3000 Miles to Graceland,1
667,3000 Miles to Graceland,5
667,3000 Miles to Graceland,6
667,3000 Miles to Graceland,20
668,The Hateful Eight,6
668,The Hateful Eight,8
668,The Hateful Eight,16
668,The Hateful Eight,20
668,The Hateful Eight,22
669,Blades of Glory,5
669,Blades of Glory,19
670,Hop,2
670,Hop,3
670,Hop,5
670,Hop,9
670,Hop,10
671,300,1
671,300,8
671,300,10
671,300,21
672,Meet the Fockers,5
672,Meet the Fockers,17
673,Marley & Me,5
673,Marley & Me,8
673,Marley & Me,9
674,The Green Mile,6
674,The Green Mile,8
674,The Green Mile,10
674,The Green Mile,16
675,Chicken Little,2
675,Chicken Little,3
675,Chicken Little,5
675,Chicken Little,9
675,Chicken Little,18
676,Gone Girl,6
676,Gone Girl,8
676,Gone Girl,16
676,Gone Girl,20
677,The Bourne Identity,1
677,The Bourne Identity,16
677,The Bourne Identity,20
678,GoldenEye,1
678,GoldenEye,2
678,GoldenEye,20
679,The General's Daughter,8
679,The General's Daughter,16
679,The General's Daughter,20
680,The Truman Show,5
680,The Truman Show,8
680,The Truman Show,18
681,The Prince of Egypt,2
681,The Prince of Egypt,3
681,The Prince of Egypt,4
681,The Prince of Egypt,8
681,The Prince of Egypt,9
681,The Prince of Egypt,10
681,The Prince of Egypt,15
682,Daddy Day Care,5
682,Daddy Day Care,9
683,2 Guns,1
683,2 Guns,5
683,2 Guns,6
683,2 Guns,8
683,2 Guns,20
684,Cats & Dogs,1
684,Cats & Dogs,5
684,Cats & Dogs,9
684,Cats & Dogs,10
685,The Italian Job,1
685,The Italian Job,6
685,The Italian Job,20
686,Two Weeks Notice,5
686,Two Weeks Notice,17
687,Antz,2
687,Antz,3
687,Antz,5
687,Antz,9
688,Couples Retreat,5
689,Days of Thunder,1
689,Days of Thunder,8
689,Days of Thunder,19
690,Cheaper by the Dozen 2,2
690,Cheaper by the Dozen 2,5
690,Cheaper by the Dozen 2,9
691,The Scorch Trials,1
691,The Scorch Trials,18
691,The Scorch Trials,20
692,Eat Pray Love,8
692,Eat Pray Love,17
693,The Family Man,5
693,The Family Man,8
693,The Family Man,10
693,The Family Man,17
694,RED,1
694,RED,5
694,RED,6
694,RED,20
695,Any Given Sunday,8
695,Any Given Sunday,19
696,The Horse Whisperer,8
696,The Horse Whisperer,17
696,The Horse Whisperer,22
697,Collateral,6
697,Collateral,8
697,Collateral,20
698,The Scorpion King,1
698,The Scorpion King,2
698,The Scorpion King,10
698,The Scorpion King,20
699,Ladder 49,1
699,Ladder 49,8
699,Ladder 49,20
700,Jack Reacher,1
700,Jack Reacher,6
700,Jack Reacher,16
700,Jack Reacher,20
701,Deep Blue Sea,1
701,Deep Blue Sea,18
701,Deep Blue Sea,20
702,This Is It,7
702,This Is It,14
703,Contagion,8
703,Contagion,20
704,Kangaroo Jack,1
704,Kangaroo Jack,2
704,Kangaroo Jack,5
704,Kangaroo Jack,6
705,Coraline,3
705,Coraline,9
705,Coraline,10
706,The Happening,18
706,The Happening,20
707,Man on Fire,1
707,Man on Fire,6
707,Man on Fire,8
707,Man on Fire,20
708,The Shaggy Dog,5
708,The Shaggy Dog,9
708,The Shaggy Dog,10
709,Starsky & Hutch,5
709,Starsky & Hutch,6
710,Jingle All the Way,5
710,Jingle All the Way,9
711,Hellboy,1
711,Hellboy,10
711,Hellboy,13
711,Hellboy,18
712,A Civil Action,8
713,ParaNorman,2
713,ParaNorman,3
713,ParaNorman,5
713,ParaNorman,9
713,ParaNorman,10
714,The Jackal,1
714,The Jackal,2
714,The Jackal,6
714,The Jackal,20
715,Paycheck,1
715,Paycheck,16
715,Paycheck,18
715,Paycheck,20
716,Up Close & Personal,8
716,Up Close & Personal,17
717,The Tale of Despereaux,2
717,The Tale of Despereaux,3
717,The Tale of Despereaux,5
717,The Tale of Despereaux,9
717,The Tale of Despereaux,10
718,The Tuxedo,1
718,The Tuxedo,5
718,The Tuxedo,18
719,Under Siege 2: Dark Territory,1
719,Under Siege 2: Dark Territory,20
720,Jack Ryan: Shadow Recruit,1
720,Jack Ryan: Shadow Recruit,8
720,Jack Ryan: Shadow Recruit,20
721,Joy,4
721,Joy,5
721,Joy,8
722,London Has Fallen,1
722,London Has Fallen,6
722,London Has Fallen,8
722,London Has Fallen,20
723,Alien: Resurrection,1
723,Alien: Resurrection,13
723,Alien: Resurrection,18
724,Shooter,1
724,Shooter,6
724,Shooter,8
724,Shooter,16
724,Shooter,20
725,The Boxtrolls,2
725,The Boxtrolls,3
725,The Boxtrolls,5
725,The Boxtrolls,9
725,The Boxtrolls,10
726,Practical Magic,5
726,Practical Magic,8
726,Practical Magic,10
726,Practical Magic,17
727,The Lego Movie,1
727,The Lego Movie,2
727,The Lego Movie,3
727,The Lego Movie,5
727,The Lego Movie,9
727,The Lego Movie,10
728,Miss Congeniality 2: Armed and Fabulous,1
728,Miss Congeniality 2: Armed and Fabulous,5
728,Miss Congeniality 2: Armed and Fabulous,6
729,Reign of Fire,1
729,Reign of Fire,2
729,Reign of Fire,10
729,Reign of Fire,18
729,Reign of Fire,20
730,Gangster Squad,1
730,Gangster Squad,6
730,Gangster Squad,8
730,Gangster Squad,20
731,Year One,2
731,Year One,5
732,Invictus,4
732,Invictus,8
732,Invictus,12
732,Invictus,19
733,Duplicity,5
733,Duplicity,6
733,Duplicity,17
733,Duplicity,20
734,My Favorite Martian,5
734,My Favorite Martian,9
734,My Favorite Martian,18
735,The Sentinel,1
735,The Sentinel,6
735,The Sentinel,20
736,Planet 51,2
736,Planet 51,3
736,Planet 51,5
736,Planet 51,9
736,Planet 51,18
737,Star Trek: Nemesis,1
737,Star Trek: Nemesis,2
737,Star Trek: Nemesis,18
737,Star Trek: Nemesis,20
738,Intolerable Cruelty,5
738,Intolerable Cruelty,6
738,Intolerable Cruelty,17
739,Edge of Darkness,6
739,Edge of Darkness,8
739,Edge of Darkness,16
739,Edge of Darkness,20
740,The Relic,13
740,The Relic,16
740,The Relic,18
740,The Relic,20
741,Analyze That,5
741,Analyze That,6
742,Righteous Kill,1
742,Righteous Kill,6
742,Righteous Kill,8
742,Righteous Kill,16
742,Righteous Kill,20
743,Mercury Rising,1
743,Mercury Rising,6
743,Mercury Rising,8
743,Mercury Rising,20
744,The Soloist,4
744,The Soloist,8
744,The Soloist,14
745,The Legend of Bagger Vance,8
745,The Legend of Bagger Vance,10
745,The Legend of Bagger Vance,19
746,Almost Famous,2
746,Almost Famous,5
746,Almost Famous,8
746,Almost Famous,14
747,xXx: State of the Union,1
747,xXx: State of the Union,2
747,xXx: State of the Union,6
747,xXx: State of the Union,20
748,Priest,1
748,Priest,10
748,Priest,13
748,Priest,18
748,Priest,20
749,Sinbad: Legend of the Seven Seas,2
749,Sinbad: Legend of the Seven Seas,3
749,Sinbad: Legend of the Seven Seas,5
749,Sinbad: Legend of the Seven Seas,8
749,Sinbad: Legend of the Seven Seas,9
749,Sinbad: Legend of the Seven Seas,10
749,Sinbad: Legend of the Seven Seas,17
750,Event Horizon,13
750,Event Horizon,18
750,Event Horizon,20
751,Dragonfly,8
751,Dragonfly,10
751,Dragonfly,16
751,Dragonfly,17
751,Dragonfly,20
752,The Black Dahlia,6
752,The Black Dahlia,8
752,The Black Dahlia,16
752,The Black Dahlia,20
753,Flyboys,1
753,Flyboys,2
753,Flyboys,8
753,Flyboys,12
753,Flyboys,17
753,Flyboys,21
754,The Last Castle,1
754,The Last Castle,8
754,The Last Castle,20
755,Supernova,13
755,Supernova,18
755,Supernova,20
756,Winter's Tale,8
756,Winter's Tale,10
756,Winter's Tale,16
756,Winter's Tale,17
757,The Mortal Instruments: City of Bones,10
757,The Mortal Instruments: City of Bones,13
757,The Mortal Instruments: City of Bones,16
757,The Mortal Instruments: City of Bones,17
758,Meet Dave,2
758,Meet Dave,5
758,Meet Dave,9
758,Meet Dave,17
758,Meet Dave,18
759,Dark Water,8
759,Dark Water,13
759,Dark Water,20
760,Edtv,5
760,Edtv,8
761,Inkheart,2
761,Inkheart,9
761,Inkheart,10
762,The Spirit,1
762,The Spirit,6
762,The Spirit,10
762,The Spirit,20
763,Mortdecai,1
763,Mortdecai,5
763,Mortdecai,16
763,Mortdecai,17
764,In the Name of the King: A Dungeon Siege Tale,1
764,In the Name of the King: A Dungeon Siege Tale,2
764,In the Name of the King: A Dungeon Siege Tale,10
764,In the Name of the King: A Dungeon Siege Tale,20
765,Beyond Borders,2
765,Beyond Borders,8
765,Beyond Borders,17
765,Beyond Borders,21
766,The Great Raid,1
766,The Great Raid,8
766,The Great Raid,21
767,Deadpool,1
767,Deadpool,2
767,Deadpool,5
767,Deadpool,17
767,Deadpool,18
768,Holy Man,5
768,Holy Man,8
769,American Sniper,1
769,American Sniper,4
769,American Sniper,8
769,American Sniper,12
769,American Sniper,20
769,American Sniper,21
770,Goosebumps,2
770,Goosebumps,5
770,Goosebumps,9
770,Goosebumps,10
770,Goosebumps,13
771,Just Like Heaven,5
771,Just Like Heaven,10
771,Just Like Heaven,17
772,The Flintstones in Viva Rock Vegas,5
772,The Flintstones in Viva Rock Vegas,9
772,The Flintstones in Viva Rock Vegas,17
772,The Flintstones in Viva Rock Vegas,18
773,Rambo III,1
773,Rambo III,2
773,Rambo III,20
773,Rambo III,21
774,Leatherheads,5
774,Leatherheads,8
774,Leatherheads,17
774,Leatherheads,19
775,Did You Hear About the Morgans?,5
775,Did You Hear About the Morgans?,8
775,Did You Hear About the Morgans?,17
776,The Internship,5
777,Resident Evil: Afterlife,1
777,Resident Evil: Afterlife,2
777,Resident Evil: Afterlife,13
777,Resident Evil: Afterlife,18
778,Red Tails,1
778,Red Tails,2
778,Red Tails,8
778,Red Tails,12
778,Red Tails,21
779,The Devil's Advocate,8
779,The Devil's Advocate,16
779,The Devil's Advocate,20
780,That's My Boy,5
781,DragonHeart,1
781,DragonHeart,2
781,DragonHeart,10
782,After the Sunset,1
782,After the Sunset,5
782,After the Sunset,6
782,After the Sunset,8
783,Ghost Rider: Spirit of Vengeance,1
783,Ghost Rider: Spirit of Vengeance,10
783,Ghost Rider: Spirit of Vengeance,20
784,Captain Corelli's Mandolin,8
784,Captain Corelli's Mandolin,14
784,Captain Corelli's Mandolin,17
784,Captain Corelli's Mandolin,21
785,The Pacifier,1
785,The Pacifier,5
785,The Pacifier,8
785,The Pacifier,9
785,The Pacifier,20
786,Walking Tall,1
786,Walking Tall,6
787,Forrest Gump,5
787,Forrest Gump,8
788,Alvin and the Chipmunks,3
788,Alvin and the Chipmunks,5
788,Alvin and the Chipmunks,9
788,Alvin and the Chipmunks,10
788,Alvin and the Chipmunks,14
789,Meet the Parents,5
790,Pocahontas,2
790,Pocahontas,3
790,Pocahontas,8
790,Pocahontas,9
790,Pocahontas,12
790,Pocahontas,15
790,Pocahontas,17
791,Superman,1
791,Superman,2
791,Superman,8
791,Superman,17
791,Superman,18
792,The Nutty Professor,5
792,The Nutty Professor,17
792,The Nutty Professor,18
793,Hitch,5
793,Hitch,17
794,George of the Jungle,1
794,George of the Jungle,2
794,George of the Jungle,5
794,George of the Jungle,9
794,George of the Jungle,17
795,American Wedding,5
795,American Wedding,17
796,Captain Phillips,4
796,Captain Phillips,8
796,Captain Phillips,20
797,Date Night,5
797,Date Night,6
797,Date Night,17
797,Date Night,20
798,Casper,5
798,Casper,9
798,Casper,10
799,The Equalizer,1
799,The Equalizer,6
799,The Equalizer,20
800,Maid in Manhattan,5
800,Maid in Manhattan,8
800,Maid in Manhattan,17
801,Crimson Tide,1
801,Crimson Tide,8
801,Crimson Tide,20
801,Crimson Tide,21
802,The Pursuit of Happyness,4
802,The Pursuit of Happyness,8
803,Flightplan,8
803,Flightplan,16
803,Flightplan,20
804,Disclosure,8
804,Disclosure,20
805,City of Angels,8
805,City of Angels,10
805,City of Angels,17
806,Kill Bill: Vol. 1,1
807,Bowfinger,5
808,Kill Bill: Vol. 2,1
808,Kill Bill: Vol. 2,6
808,Kill Bill: Vol. 2,8
808,Kill Bill: Vol. 2,20
809,Tango & Cash,1
809,Tango & Cash,5
809,Tango & Cash,6
809,Tango & Cash,20
810,Death Becomes Her,5
810,Death Becomes Her,10
810,Death Becomes Her,13
811,Shanghai Noon,1
811,Shanghai Noon,2
811,Shanghai Noon,5
811,Shanghai Noon,22
812,Executive Decision,1
812,Executive Decision,2
812,Executive Decision,20
813,Mr. Popper's Penguins,5
813,Mr. Popper's Penguins,9
813,Mr. Popper's Penguins,10
814,The Forbidden Kingdom,1
814,The Forbidden Kingdom,2
814,The Forbidden Kingdom,10
815,Free Birds,2
815,Free Birds,3
815,Free Birds,5
815,Free Birds,9
816,Alien 3,1
816,Alien 3,13
816,Alien 3,18
817,Evita,4
817,Evita,8
817,Evita,12
817,Evita,15
818,Ronin,1
818,Ronin,2
818,Ronin,6
818,Ronin,20
819,The Ghost and the Darkness,2
819,The Ghost and the Darkness,8
819,The Ghost and the Darkness,13
819,The Ghost and the Darkness,20
820,Paddington,3
820,Paddington,5
820,Paddington,9
820,Paddington,10
821,The Watch,1
821,The Watch,5
821,The Watch,18
822,The Hunted,1
822,The Hunted,6
822,The Hunted,8
822,The Hunted,20
823,Instinct,8
823,Instinct,20
824,Stuck on You,5
825,Semi-Pro,5
825,Semi-Pro,19
826,The Pirates! Band of Misfits,2
826,The Pirates! Band of Misfits,3
826,The Pirates! Band of Misfits,5
826,The Pirates! Band of Misfits,9
827,Changeling,6
827,Changeling,8
827,Changeling,16
827,Changeling,20
828,Chain Reaction,1
828,Chain Reaction,8
828,Chain Reaction,18
828,Chain Reaction,20
829,The Fan,1
829,The Fan,8
829,The Fan,19
829,The Fan,20
830,The Phantom of the Opera,8
830,The Phantom of the Opera,15
830,The Phantom of the Opera,17
830,The Phantom of the Opera,20
831,Elizabeth: The Golden Age,4
831,Elizabeth: The Golden Age,8
831,Elizabeth: The Golden Age,12
831,Elizabeth: The Golden Age,21
832,Æon Flux,1
832,Æon Flux,18
833,Gods and Generals,8
833,Gods and Generals,12
833,Gods and Generals,21
834,Turbulence,1
834,Turbulence,20
835,Imagine That,5
835,Imagine That,8
835,Imagine That,9
835,Imagine That,10
836,Muppets Most Wanted,2
836,Muppets Most Wanted,5
836,Muppets Most Wanted,6
836,Muppets Most Wanted,9
836,Muppets Most Wanted,15
837,Thunderbirds,1
837,Thunderbirds,2
837,Thunderbirds,5
837,Thunderbirds,9
837,Thunderbirds,18
838,Burlesque,8
838,Burlesque,14
838,Burlesque,15
838,Burlesque,17
839,A Very Long Engagement,8
839,A Very Long Engagement,16
839,A Very Long Engagement,17
839,A Very Long Engagement,21
840,Blade II,1
840,Blade II,13
840,Blade II,18
840,Blade II,20
841,Seven Pounds,8
841,Seven Pounds,17
842,Bullet to the Head,1
842,Bullet to the Head,20
843,The Godfather: Part III,6
843,The Godfather: Part III,8
844,Elizabethtown,5
844,Elizabethtown,8
844,Elizabethtown,17
845,"You, Me and Dupree",5
845,"You, Me and Dupree",17
846,Superman II,1
846,Superman II,2
846,Superman II,17
846,Superman II,18
847,Gigli,5
847,Gigli,6
847,Gigli,17
848,All the King's Men,8
848,All the King's Men,20
849,Shaft,1
849,Shaft,6
849,Shaft,20
850,Anastasia,2
850,Anastasia,3
850,Anastasia,8
850,Anastasia,9
850,Anastasia,10
850,Anastasia,15
850,Anastasia,16
850,Anastasia,17
851,Moulin Rouge!,8
851,Moulin Rouge!,15
851,Moulin Rouge!,17
852,Domestic Disturbance,6
852,Domestic Disturbance,16
852,Domestic Disturbance,20
853,Black Mass,4
853,Black Mass,6
853,Black Mass,8
854,Flags of Our Fathers,8
854,Flags of Our Fathers,12
854,Flags of Our Fathers,21
855,Law Abiding Citizen,6
855,Law Abiding Citizen,8
855,Law Abiding Citizen,20
856,Grindhouse,1
856,Grindhouse,13
856,Grindhouse,20
857,Beloved,8
857,Beloved,12
857,Beloved,13
858,Lucky You,8
858,Lucky You,17
858,Lucky You,19
859,Catch Me If You Can,4
859,Catch Me If You Can,6
859,Catch Me If You Can,8
860,Zero Dark Thirty,8
860,Zero Dark Thirty,12
860,Zero Dark Thirty,20
861,The Break-Up,5
861,The Break-Up,8
861,The Break-Up,17
862,Mamma Mia!,5
862,Mamma Mia!,9
862,Mamma Mia!,15
862,Mamma Mia!,17
863,Valentine's Day,5
863,Valentine's Day,17
864,The Dukes of Hazzard,1
864,The Dukes of Hazzard,2
864,The Dukes of Hazzard,5
865,The Thin Red Line,8
865,The Thin Red Line,21
866,The Change-Up,5
866,The Change-Up,10
867,Man on the Moon,4
867,Man on the Moon,5
867,Man on the Moon,8
868,Casino,4
868,Casino,6
868,Casino,8
869,From Paris with Love,1
869,From Paris with Love,20
870,Bulletproof Monk,1
870,Bulletproof Monk,5
870,Bulletproof Monk,10
871,"Me, Myself & Irene",5
872,Barnyard,3
872,Barnyard,5
872,Barnyard,9
873,The Twilight Saga: New Moon,2
873,The Twilight Saga: New Moon,8
873,The Twilight Saga: New Moon,10
873,The Twilight Saga: New Moon,17
874,Shrek,2
874,Shrek,3
874,Shrek,5
874,Shrek,9
874,Shrek,10
875,The Adjustment Bureau,17
875,The Adjustment Bureau,18
875,The Adjustment Bureau,20
876,Robin Hood: Prince of Thieves,1
876,Robin Hood: Prince of Thieves,2
876,Robin Hood: Prince of Thieves,8
876,Robin Hood: Prince of Thieves,17
877,Jerry Maguire,5
877,Jerry Maguire,8
877,Jerry Maguire,17
877,Jerry Maguire,19
878,Ted,5
878,Ted,10
879,As Good as It Gets,5
879,As Good as It Gets,8
879,As Good as It Gets,17
880,Patch Adams,4
880,Patch Adams,5
880,Patch Adams,8
880,Patch Adams,17
881,Anchorman 2: The Legend Continues,5
882,Mr. Deeds,5
882,Mr. Deeds,17
883,Super 8,16
883,Super 8,18
883,Super 8,20
884,Erin Brockovich,4
884,Erin Brockovich,8
885,How to Lose a Guy in 10 Days,5
885,How to Lose a Guy in 10 Days,17
886,22 Jump Street,1
886,22 Jump Street,5
886,22 Jump Street,6
887,Interview with the Vampire: The Vampire Chronicles,8
887,Interview with the Vampire: The Vampire Chronicles,10
887,Interview with the Vampire: The Vampire Chronicles,13
888,Yes Man,5
888,Yes Man,17
889,Central Intelligence,1
889,Central Intelligence,5
889,Central Intelligence,6
890,Stepmom,5
890,Stepmom,8
891,Daddy's Home,5
891,Daddy's Home,9
892,Into the Woods,2
892,Into the Woods,5
892,Into the Woods,8
892,Into the Woods,10
892,Into the Woods,15
893,Inside Man,6
893,Inside Man,8
893,Inside Man,16
893,Inside Man,20
894,Payback,1
894,Payback,6
894,Payback,8
894,Payback,20
895,Congo,1
895,Congo,2
895,Congo,16
895,Congo,18
896,Knowing,8
896,Knowing,16
896,Knowing,18
896,Knowing,20
897,Failure to Launch,5
897,Failure to Launch,17
898,"Crazy, Stupid, Love.",5
898,"Crazy, Stupid, Love.",8
898,"Crazy, Stupid, Love.",17
899,Garfield,3
899,Garfield,5
899,Garfield,9
899,Garfield,10
900,Christmas with the Kranks,5
900,Christmas with the Kranks,9
901,Moneyball,4
901,Moneyball,8
901,Moneyball,19
902,Outbreak,1
902,Outbreak,8
902,Outbreak,20
903,Non-Stop,1
903,Non-Stop,16
903,Non-Stop,20
904,Race to Witch Mountain,1
904,Race to Witch Mountain,2
904,Race to Witch Mountain,9
904,Race to Witch Mountain,10
904,Race to Witch Mountain,18
904,Race to Witch Mountain,20
905,V for Vendetta,1
905,V for Vendetta,8
905,V for Vendetta,20
906,Shanghai Knights,1
906,Shanghai Knights,2
906,Shanghai Knights,5
907,Curious George,2
907,Curious George,3
907,Curious George,5
907,Curious George,9
908,Herbie Fully Loaded,2
908,Herbie Fully Loaded,5
908,Herbie Fully Loaded,9
908,Herbie Fully Loaded,10
908,Herbie Fully Loaded,17
908,Herbie Fully Loaded,19
909,Don't Say a Word,6
909,Don't Say a Word,8
909,Don't Say a Word,16
909,Don't Say a Word,20
910,Hansel & Gretel: Witch Hunters,1
910,Hansel & Gretel: Witch Hunters,10
910,Hansel & Gretel: Witch Hunters,13
911,Unfaithful,8
911,Unfaithful,20
912,I Am Number Four,1
912,I Am Number Four,2
912,I Am Number Four,18
912,I Am Number Four,20
913,Syriana,8
913,Syriana,20
914,13 Hours,1
914,13 Hours,8
914,13 Hours,20
914,13 Hours,21
915,The Book of Life,2
915,The Book of Life,3
915,The Book of Life,5
915,The Book of Life,9
915,The Book of Life,10
915,The Book of Life,17
916,Firewall,6
916,Firewall,20
917,Absolute Power,1
917,Absolute Power,6
917,Absolute Power,8
917,Absolute Power,20
918,G.I. Jane,1
918,G.I. Jane,8
918,G.I. Jane,21
919,The Game,8
919,The Game,16
919,The Game,20
920,Silent Hill,2
920,Silent Hill,13
920,Silent Hill,16
921,The Replacements,5
921,The Replacements,19
922,American Reunion,5
923,The Negotiator,1
923,The Negotiator,6
923,The Negotiator,8
923,The Negotiator,16
923,The Negotiator,20
924,Into the Storm,1
924,Into the Storm,20
925,Beverly Hills Cop III,1
925,Beverly Hills Cop III,5
925,Beverly Hills Cop III,6
925,Beverly Hills Cop III,20
926,Gremlins 2: The New Batch,5
926,Gremlins 2: The New Batch,10
926,Gremlins 2: The New Batch,13
927,The Judge,6
927,The Judge,8
928,The Peacemaker,1
928,The Peacemaker,20
929,Resident Evil: Apocalypse,1
929,Resident Evil: Apocalypse,13
929,Resident Evil: Apocalypse,18
929,Resident Evil: Apocalypse,20
930,Bridget Jones: The Edge of Reason,5
930,Bridget Jones: The Edge of Reason,8
930,Bridget Jones: The Edge of Reason,17
931,Out of Time,6
931,Out of Time,8
931,Out of Time,17
931,Out of Time,20
932,On Deadly Ground,1
932,On Deadly Ground,2
932,On Deadly Ground,20
933,The Adventures of Sharkboy and Lavagirl 3-D,1
933,The Adventures of Sharkboy and Lavagirl 3-D,2
933,The Adventures of Sharkboy and Lavagirl 3-D,9
933,The Adventures of Sharkboy and Lavagirl 3-D,10
934,The Beach,2
934,The Beach,8
934,The Beach,20
935,Raising Helen,5
935,Raising Helen,8
935,Raising Helen,17
936,Ninja Assassin,1
936,Ninja Assassin,6
936,Ninja Assassin,20
937,For Love of the Game,8
937,For Love of the Game,17
937,For Love of the Game,19
938,Striptease,5
938,Striptease,6
938,Striptease,8
938,Striptease,20
939,Marmaduke,5
939,Marmaduke,9
940,Hereafter,8
940,Hereafter,10
941,Murder by Numbers,6
941,Murder by Numbers,16
941,Murder by Numbers,20
942,Assassins,1
942,Assassins,6
942,Assassins,20
943,Hannibal Rising,6
943,Hannibal Rising,8
943,Hannibal Rising,20
944,The Story of Us,5
944,The Story of Us,8
944,The Story of Us,17
945,The Host,1
945,The Host,2
945,The Host,17
945,The Host,18
945,The Host,20
946,Basic,1
946,Basic,6
946,Basic,8
946,Basic,16
946,Basic,20
947,Blood Work,1
947,Blood Work,6
947,Blood Work,8
947,Blood Work,16
947,Blood Work,20
948,The International,1
948,The International,6
948,The International,8
948,The International,16
948,The International,20
949,Escape from L.A.,1
949,Escape from L.A.,2
949,Escape from L.A.,18
949,Escape from L.A.,20
950,The Iron Giant,1
950,The Iron Giant,2
950,The Iron Giant,3
950,The Iron Giant,5
950,The Iron Giant,8
950,The Iron Giant,9
950,The Iron Giant,18
951,The Life Aquatic with Steve Zissou,2
951,The Life Aquatic with Steve Zissou,5
951,The Life Aquatic with Steve Zissou,8
952,Free State of Jones,1
952,Free State of Jones,4
952,Free State of Jones,8
952,Free State of Jones,12
952,Free State of Jones,21
953,The Life of David Gale,6
953,The Life of David Gale,8
953,The Life of David Gale,20
954,Man of the House,1
954,Man of the House,5
955,Run All Night,1
955,Run All Night,6
955,Run All Night,8
955,Run All Night,20
956,Eastern Promises,6
956,Eastern Promises,16
956,Eastern Promises,20
957,Into the Blue,1
957,Into the Blue,2
957,Into the Blue,6
957,Into the Blue,20
958,The Messenger: The Story of Joan of Arc,2
958,The Messenger: The Story of Joan of Arc,4
958,The Messenger: The Story of Joan of Arc,8
958,The Messenger: The Story of Joan of Arc,12
958,The Messenger: The Story of Joan of Arc,21
959,Your Highness,2
959,Your Highness,5
959,Your Highness,10
960,Dream House,8
960,Dream House,16
960,Dream House,20
961,Mad City,6
961,Mad City,8
961,Mad City,20
962,Baby's Day Out,2
962,Baby's Day Out,5
962,Baby's Day Out,6
962,Baby's Day Out,8
962,Baby's Day Out,9
963,The Scarlet Letter,8
963,The Scarlet Letter,17
964,Fair Game,4
964,Fair Game,8
964,Fair Game,20
965,Domino,1
965,Domino,4
965,Domino,6
965,Domino,8
965,Domino,20
966,Jade,6
966,Jade,8
966,Jade,20
967,Gamer,1
967,Gamer,18
967,Gamer,20
968,Beautiful Creatures,8
968,Beautiful Creatures,10
968,Beautiful Creatures,17
969,Death to Smoochy,5
969,Death to Smoochy,6
969,Death to Smoochy,8
969,Death to Smoochy,20
970,Zoolander 2,5
971,The Big Bounce,5
971,The Big Bounce,6
972,What Planet Are You From?,5
972,What Planet Are You From?,18
973,Drive Angry,1
973,Drive Angry,10
973,Drive Angry,20
974,Street Fighter: The Legend of Chun-Li,1
974,Street Fighter: The Legend of Chun-Li,6
974,Street Fighter: The Legend of Chun-Li,8
974,Street Fighter: The Legend of Chun-Li,16
974,Street Fighter: The Legend of Chun-Li,20
975,The One,1
975,The One,18
975,The One,20
976,The Adventures of Ford Fairlane,1
976,The Adventures of Ford Fairlane,2
976,The Adventures of Ford Fairlane,5
976,The Adventures of Ford Fairlane,6
976,The Adventures of Ford Fairlane,14
976,The Adventures of Ford Fairlane,16
977,Traffic,6
977,Traffic,8
977,Traffic,20
978,Indiana Jones and the Last Crusade,1
978,Indiana Jones and the Last Crusade,2
978,Indiana Jones and the Last Crusade,10
979,Chappie,1
979,Chappie,6
979,Chappie,8
979,Chappie,18
979,Chappie,20
980,The Bone Collector,6
980,The Bone Collector,8
980,The Bone Collector,16
980,The Bone Collector,20
981,Panic Room,6
981,Panic Room,8
981,Panic Room,20
982,Three Kings,1
982,Three Kings,2
982,Three Kings,5
982,Three Kings,8
982,Three Kings,21
983,Child 44,6
983,Child 44,8
983,Child 44,20
984,Rat Race,2
984,Rat Race,5
985,K-PAX,8
985,K-PAX,16
985,K-PAX,18
986,Kate & Leopold,5
986,Kate & Leopold,10
986,Kate & Leopold,17
987,Bedazzled,5
987,Bedazzled,10
987,Bedazzled,17
988,The Cotton Club,6
988,The Cotton Club,8
988,The Cotton Club,14
989,3:10 to Yuma,2
989,3:10 to Yuma,6
989,3:10 to Yuma,8
989,3:10 to Yuma,22
990,Taken 3,1
990,Taken 3,20
991,Out of Sight,6
991,Out of Sight,8
991,Out of Sight,17
991,Out of Sight,20
992,The Cable Guy,5
992,The Cable Guy,8
992,The Cable Guy,20
993,Dick Tracy,1
993,Dick Tracy,5
993,Dick Tracy,6
993,Dick Tracy,14
993,Dick Tracy,17
993,Dick Tracy,20
994,The Thomas Crown Affair,6
994,The Thomas Crown Affair,17
994,The Thomas Crown Affair,20
995,Riding in Cars with Boys,4
995,Riding in Cars with Boys,5
995,Riding in Cars with Boys,8
996,Happily N'Ever After,2
996,Happily N'Ever After,3
996,Happily N'Ever After,5
996,Happily N'Ever After,9
996,Happily N'Ever After,10
997,Mary Reilly,8
997,Mary Reilly,13
997,Mary Reilly,17
997,Mary Reilly,20
998,My Best Friend's Wedding,5
998,My Best Friend's Wedding,17
999,America's Sweethearts,5
999,America's Sweethearts,17
1000,Insomnia,8
1000,Insomnia,16
1000,Insomnia,20
1001,Star Trek: First Contact,1
1001,Star Trek: First Contact,2
1001,Star Trek: First Contact,8
1001,Star Trek: First Contact,18
1001,Star Trek: First Contact,20
1002,Jonah Hex,1
1002,Jonah Hex,8
1002,Jonah Hex,10
1002,Jonah Hex,20
1002,Jonah Hex,22
1003,Courage Under Fire,1
1003,Courage Under Fire,8
1003,Courage Under Fire,16
1003,Courage Under Fire,20
1003,Courage Under Fire,21
1004,Liar Liar,5
1004,Liar Liar,10
1004,Liar Liar,17
1005,The Flintstones,5
1005,The Flintstones,9
1005,The Flintstones,10
1006,Taken 2,1
1006,Taken 2,6
1006,Taken 2,20
1007,Scary Movie 3,5
1008,Miss Congeniality,1
1008,Miss Congeniality,5
1008,Miss Congeniality,6
1008,Miss Congeniality,17
1009,Journey to the Center of the Earth,1
1009,Journey to the Center of the Earth,2
1009,Journey to the Center of the Earth,9
1009,Journey to the Center of the Earth,10
1009,Journey to the Center of the Earth,18
1010,The Princess Diaries 2: Royal Engagement,5
1010,The Princess Diaries 2: Royal Engagement,9
1010,The Princess Diaries 2: Royal Engagement,17
1011,The Pelican Brief,6
1011,The Pelican Brief,8
1011,The Pelican Brief,16
1011,The Pelican Brief,20
1012,The Client,6
1012,The Client,8
1012,The Client,16
1012,The Client,20
1013,The Bucket List,2
1013,The Bucket List,5
1013,The Bucket List,8
1014,Patriot Games,1
1014,Patriot Games,20
1015,Monster-in-Law,5
1015,Monster-in-Law,17
1016,Prisoners,6
1016,Prisoners,8
1016,Prisoners,16
1016,Prisoners,20
1017,Training Day,6
1017,Training Day,8
1017,Training Day,20
1018,Galaxy Quest,2
1018,Galaxy Quest,5
1018,Galaxy Quest,18
1019,Scary Movie 2,5
1020,The Muppets,2
1020,The Muppets,5
1020,The Muppets,9
1020,The Muppets,15
1021,Blade,1
1021,Blade,13
1022,Coach Carter,8
1022,Coach Carter,19
1023,Changing Lanes,8
1023,Changing Lanes,20
1024,Anaconda,1
1024,Anaconda,2
1024,Anaconda,13
1024,Anaconda,20
1025,Coyote Ugly,5
1025,Coyote Ugly,8
1025,Coyote Ugly,14
1025,Coyote Ugly,17
1026,Love Actually,5
1026,Love Actually,8
1026,Love Actually,17
1027,A Bug's Life,2
1027,A Bug's Life,3
1027,A Bug's Life,5
1027,A Bug's Life,9
1027,A Bug's Life,10
1028,From Hell,13
1028,From Hell,16
1028,From Hell,20
1029,The Specialist,1
1029,The Specialist,6
1029,The Specialist,8
1029,The Specialist,17
1029,The Specialist,20
1030,Tin Cup,5
1030,Tin Cup,8
1030,Tin Cup,17
1030,Tin Cup,19
1031,Kicking & Screaming,5
1031,Kicking & Screaming,9
1031,Kicking & Screaming,17
1031,Kicking & Screaming,19
1032,The Hitchhiker's Guide to the Galaxy,2
1032,The Hitchhiker's Guide to the Galaxy,5
1032,The Hitchhiker's Guide to the Galaxy,18
1033,Fat Albert,5
1033,Fat Albert,9
1033,Fat Albert,10
1033,Fat Albert,17
1034,Resident Evil: Extinction,1
1034,Resident Evil: Extinction,13
1034,Resident Evil: Extinction,18
1034,Resident Evil: Extinction,20
1035,Blended,5
1035,Blended,17
1036,Last Holiday,2
1036,Last Holiday,5
1036,Last Holiday,8
1037,The River Wild,1
1037,The River Wild,2
1037,The River Wild,6
1037,The River Wild,20
1038,The Indian in the Cupboard,8
1038,The Indian in the Cupboard,9
1038,The Indian in the Cupboard,10
1039,Savages,6
1039,Savages,8
1039,Savages,20
1040,Cellular,1
1040,Cellular,6
1040,Cellular,20
1041,Johnny English,1
1041,Johnny English,2
1041,Johnny English,5
1042,The Ant Bully,2
1042,The Ant Bully,3
1042,The Ant Bully,5
1042,The Ant Bully,9
1042,The Ant Bully,10
1043,Dune,1
1043,Dune,2
1043,Dune,18
1044,Across the Universe,8
1044,Across the Universe,10
1044,Across the Universe,15
1044,Across the Universe,17
1045,Revolutionary Road,8
1045,Revolutionary Road,17
1046,16 Blocks,1
1046,16 Blocks,6
1046,16 Blocks,8
1046,16 Blocks,20
1047,Babylon A.D.,1
1047,Babylon A.D.,2
1047,Babylon A.D.,18
1047,Babylon A.D.,20
1048,The Glimmer Man,1
1048,The Glimmer Man,5
1048,The Glimmer Man,6
1048,The Glimmer Man,8
1048,The Glimmer Man,20
1049,Multiplicity,5
1049,Multiplicity,17
1049,Multiplicity,18
1050,Aliens in the Attic,2
1050,Aliens in the Attic,5
1050,Aliens in the Attic,9
1050,Aliens in the Attic,10
1050,Aliens in the Attic,18
1051,The Pledge,6
1051,The Pledge,8
1051,The Pledge,16
1051,The Pledge,20
1052,The Producers,5
1052,The Producers,15
1053,The Phantom,1
1053,The Phantom,2
1053,The Phantom,5
1053,The Phantom,10
1054,All the Pretty Horses,8
1054,All the Pretty Horses,17
1054,All the Pretty Horses,22
1055,Nixon,4
1055,Nixon,8
1055,Nixon,12
1056,The Ghost Writer,16
1056,The Ghost Writer,20
1057,Deep Rising,1
1057,Deep Rising,2
1057,Deep Rising,13
1057,Deep Rising,18
1058,Miracle at St. Anna,1
1058,Miracle at St. Anna,6
1058,Miracle at St. Anna,8
1058,Miracle at St. Anna,20
1058,Miracle at St. Anna,21
1059,Curse of the Golden Flower,8
1059,Curse of the Golden Flower,17
1060,Bangkok Dangerous,1
1060,Bangkok Dangerous,6
1060,Bangkok Dangerous,20
1061,Big Trouble,5
1061,Big Trouble,6
1061,Big Trouble,20
1062,Love in the Time of Cholera,8
1062,Love in the Time of Cholera,17
1063,Shadow Conspiracy,1
1063,Shadow Conspiracy,20
1064,Johnny English Reborn,1
1064,Johnny English Reborn,2
1064,Johnny English Reborn,5
1064,Johnny English Reborn,6
1065,Argo,4
1065,Argo,8
1065,Argo,12
1065,Argo,20
1066,The Fugitive,1
1066,The Fugitive,2
1066,The Fugitive,6
1066,The Fugitive,8
1066,The Fugitive,16
1066,The Fugitive,20
1067,The Bounty Hunter,1
1067,The Bounty Hunter,5
1067,The Bounty Hunter,17
1068,Sleepers,6
1068,Sleepers,8
1068,Sleepers,20
1069,Rambo: First Blood Part II,1
1069,Rambo: First Blood Part II,2
1069,Rambo: First Blood Part II,20
1069,Rambo: First Blood Part II,21
1070,The Juror,8
1070,The Juror,20
1071,Pinocchio,3
1071,Pinocchio,9
1071,Pinocchio,10
1071,Pinocchio,15
1072,Heaven's Gate,2
1072,Heaven's Gate,8
1072,Heaven's Gate,22
1073,Underworld: Evolution,1
1073,Underworld: Evolution,2
1073,Underworld: Evolution,10
1073,Underworld: Evolution,18
1073,Underworld: Evolution,20
1074,Victor Frankenstein,8
1074,Victor Frankenstein,13
1074,Victor Frankenstein,18
1074,Victor Frankenstein,20
1075,Finding Forrester,8
1076,28 Days,5
1076,28 Days,8
1077,Unleashed,1
1077,Unleashed,6
1077,Unleashed,8
1077,Unleashed,20
1078,The Sweetest Thing,5
1078,The Sweetest Thing,17
1079,The Firm,8
1079,The Firm,16
1079,The Firm,20
1080,Charlie St. Cloud,8
1080,Charlie St. Cloud,10
1080,Charlie St. Cloud,17
1081,The Mechanic,1
1081,The Mechanic,6
1081,The Mechanic,20
1082,21 Jump Street,1
1082,21 Jump Street,5
1082,21 Jump Street,6
1083,Notting Hill,5
1083,Notting Hill,8
1083,Notting Hill,17
1084,Chicken Run,2
1084,Chicken Run,3
1084,Chicken Run,5
1084,Chicken Run,8
1084,Chicken Run,9
1085,Along Came Polly,5
1085,Along Came Polly,17
1086,Boomerang,5
1086,Boomerang,8
1086,Boomerang,17
1087,The Heat,1
1087,The Heat,5
1087,The Heat,6
1088,Cleopatra,4
1088,Cleopatra,8
1088,Cleopatra,12
1088,Cleopatra,17
1089,Here Comes the Boom,1
1089,Here Comes the Boom,5
1089,Here Comes the Boom,19
1090,High Crimes,6
1090,High Crimes,8
1090,High Crimes,16
1090,High Crimes,20
1091,The Mirror Has Two Faces,5
1091,The Mirror Has Two Faces,8
1091,The Mirror Has Two Faces,17
1092,The Mothman Prophecies,8
1092,The Mothman Prophecies,13
1092,The Mothman Prophecies,16
1092,The Mothman Prophecies,20
1093,Brüno,5
1094,Licence to Kill,1
1094,Licence to Kill,2
1094,Licence to Kill,20
1095,Red Riding Hood,10
1095,Red Riding Hood,13
1095,Red Riding Hood,16
1095,Red Riding Hood,20
1096,15 Minutes,1
1096,15 Minutes,6
1096,15 Minutes,8
1096,15 Minutes,20
1097,Super Mario Bros.,2
1097,Super Mario Bros.,5
1097,Super Mario Bros.,9
1097,Super Mario Bros.,10
1097,Super Mario Bros.,18
1098,Lord of War,6
1098,Lord of War,8
1098,Lord of War,20
1099,Hero,1
1099,Hero,2
1099,Hero,12
1100,One for the Money,1
1100,One for the Money,5
1100,One for the Money,6
1100,One for the Money,17
1100,One for the Money,20
1101,The Interview,5
1102,The Warrior's Way,1
1102,The Warrior's Way,10
1102,The Warrior's Way,22
1103,Micmacs,1
1103,Micmacs,5
1103,Micmacs,6
1104,8 Mile,8
1104,8 Mile,14
1105,A Knight's Tale,1
1105,A Knight's Tale,2
1105,A Knight's Tale,17
1106,The Medallion,1
1106,The Medallion,5
1106,The Medallion,10
1107,The Sixth Sense,8
1107,The Sixth Sense,16
1107,The Sixth Sense,20
1108,Man on a Ledge,1
1108,Man on a Ledge,6
1108,Man on a Ledge,20
1109,The Big Year,5
1110,The Karate Kid,1
1110,The Karate Kid,8
1110,The Karate Kid,9
1110,The Karate Kid,19
1111,American Hustle,6
1111,American Hustle,8
1112,The Proposal,5
1112,The Proposal,8
1112,The Proposal,17
1113,Double Jeopardy,6
1113,Double Jeopardy,16
1113,Double Jeopardy,20
1114,Back to the Future Part II,2
1114,Back to the Future Part II,5
1114,Back to the Future Part II,18
1115,Lucy,1
1115,Lucy,18
1115,Lucy,20
1116,Fifty Shades of Grey,8
1116,Fifty Shades of Grey,17
1117,Spy Kids 3-D: Game Over,1
1117,Spy Kids 3-D: Game Over,2
1117,Spy Kids 3-D: Game Over,5
1117,Spy Kids 3-D: Game Over,9
1117,Spy Kids 3-D: Game Over,18
1118,A Time to Kill,6
1118,A Time to Kill,8
1118,A Time to Kill,20
1119,Cheaper by the Dozen,5
1119,Cheaper by the Dozen,9
1120,Lone Survivor,1
1120,Lone Survivor,4
1120,Lone Survivor,8
1120,Lone Survivor,20
1120,Lone Survivor,21
1121,A League of Their Own,5
1121,A League of Their Own,8
1121,A League of Their Own,19
1122,The Conjuring 2,13
1122,The Conjuring 2,16
1122,The Conjuring 2,20
1123,The Social Network,4
1123,The Social Network,8
1124,He's Just Not That Into You,5
1124,He's Just Not That Into You,8
1124,He's Just Not That Into You,17
1125,Scary Movie 4,5
1126,Scream 3,13
1126,Scream 3,16
1127,Back to the Future Part III,2
1127,Back to the Future Part III,5
1127,Back to the Future Part III,18
1127,Back to the Future Part III,22
1128,Get Hard,5
1128,Get Hard,6
1129,Bram Stoker's Dracula,10
1129,Bram Stoker's Dracula,13
1129,Bram Stoker's Dracula,17
1130,Julie & Julia,4
1130,Julie & Julia,8
1130,Julie & Julia,17
1131,42,4
1131,42,8
1131,42,19
1132,The Talented Mr. Ripley,6
1132,The Talented Mr. Ripley,8
1132,The Talented Mr. Ripley,20
1133,Dumb and Dumber To,5
1134,Eight Below,2
1134,Eight Below,8
1134,Eight Below,9
1135,The Intern,5
1135,The Intern,8
1136,Ride Along 2,1
1136,Ride Along 2,5
1137,The Last of the Mohicans,1
1137,The Last of the Mohicans,2
1137,The Last of the Mohicans,8
1137,The Last of the Mohicans,17
1137,The Last of the Mohicans,21
1138,Ray,4
1138,Ray,8
1138,Ray,14
1139,Sin City,6
1139,Sin City,20
1140,Vantage Point,6
1140,Vantage Point,8
1140,Vantage Point,16
1140,Vantage Point,20
1141,"I Love You, Man",5
1141,"I Love You, Man",17
1142,Shallow Hal,5
1142,Shallow Hal,8
1142,Shallow Hal,10
1142,Shallow Hal,17
1143,JFK,8
1143,JFK,12
1143,JFK,20
1144,Big Momma's House 2,5
1144,Big Momma's House 2,6
1145,The Mexican,2
1145,The Mexican,5
1145,The Mexican,6
1145,The Mexican,17
1146,17 Again,5
1146,17 Again,8
1146,17 Again,9
1146,17 Again,10
1146,17 Again,17
1147,The Other Woman,5
1147,The Other Woman,17
1148,The Final Destination,13
1149,Bridge of Spies,8
1149,Bridge of Spies,12
1149,Bridge of Spies,20
1150,Behind Enemy Lines,1
1150,Behind Enemy Lines,8
1150,Behind Enemy Lines,20
1150,Behind Enemy Lines,21
1151,Shall We Dance,5
1151,Shall We Dance,8
1151,Shall We Dance,17
1152,Small Soldiers,1
1152,Small Soldiers,2
1152,Small Soldiers,5
1152,Small Soldiers,9
1152,Small Soldiers,18
1153,Spawn,1
1153,Spawn,13
1154,The Count of Monte Cristo,1
1154,The Count of Monte Cristo,2
1154,The Count of Monte Cristo,8
1154,The Count of Monte Cristo,17
1154,The Count of Monte Cristo,20
1155,The Lincoln Lawyer,6
1155,The Lincoln Lawyer,8
1155,The Lincoln Lawyer,20
1156,Unknown,1
1156,Unknown,16
1156,Unknown,20
1157,The Prestige,8
1157,The Prestige,16
1157,The Prestige,18
1157,The Prestige,20
1158,Horrible Bosses 2,5
1158,Horrible Bosses 2,6
1159,Escape from Planet Earth,2
1159,Escape from Planet Earth,3
1159,Escape from Planet Earth,5
1159,Escape from Planet Earth,9
1159,Escape from Planet Earth,18
1160,Apocalypto,1
1160,Apocalypto,2
1160,Apocalypto,8
1160,Apocalypto,20
1161,The Living Daylights,1
1161,The Living Daylights,2
1161,The Living Daylights,20
1162,Predators,1
1162,Predators,2
1162,Predators,18
1162,Predators,20
1163,Legal Eagles,5
1163,Legal Eagles,6
1163,Legal Eagles,17
1164,Secret Window,16
1164,Secret Window,20
1165,The Lake House,8
1165,The Lake House,10
1165,The Lake House,17
1166,The Skeleton Key,13
1166,The Skeleton Key,16
1166,The Skeleton Key,20
1167,The Odd Life of Timothy Green,5
1167,The Odd Life of Timothy Green,8
1167,The Odd Life of Timothy Green,9
1167,The Odd Life of Timothy Green,10
1168,Made of Honor,5
1168,Made of Honor,17
1169,Jersey Boys,4
1169,Jersey Boys,8
1169,Jersey Boys,14
1169,Jersey Boys,15
1170,The Rainmaker,6
1170,The Rainmaker,8
1170,The Rainmaker,20
1171,Gothika,13
1171,Gothika,16
1171,Gothika,20
1172,Amistad,8
1172,Amistad,12
1173,Medicine Man,2
1173,Medicine Man,8
1173,Medicine Man,17
1174,Aliens vs. Predator: Requiem,1
1174,Aliens vs. Predator: Requiem,13
1174,Aliens vs. Predator: Requiem,18
1174,Aliens vs. Predator: Requiem,20
1175,Ri¢hie Ri¢h,5
1175,Ri¢hie Ri¢h,9
1176,Autumn in New York,8
1176,Autumn in New York,17
1177,Paul,2
1177,Paul,5
1177,Paul,18
1178,The Guilt Trip,5
1178,The Guilt Trip,8
1179,Scream 4,13
1179,Scream 4,16
1180,8MM,16
1180,8MM,20
1181,The Doors,4
1181,The Doors,8
1181,The Doors,14
1181,The Doors,15
1182,Sex Tape,5
1183,Hanging Up,5
1183,Hanging Up,8
1184,Final Destination 5,13
1185,Mickey Blue Eyes,5
1185,Mickey Blue Eyes,6
1185,Mickey Blue Eyes,17
1186,Pay It Forward,8
1187,Fever Pitch,5
1187,Fever Pitch,8
1187,Fever Pitch,17
1187,Fever Pitch,19
1188,Drillbit Taylor,5
1188,Drillbit Taylor,8
1189,A Million Ways to Die in the West,5
1189,A Million Ways to Die in the West,22
1190,The Shadow,1
1190,The Shadow,2
1190,The Shadow,6
1190,The Shadow,10
1190,The Shadow,16
1190,The Shadow,20
1191,Extremely Loud & Incredibly Close,2
1191,Extremely Loud & Incredibly Close,8
1191,Extremely Loud & Incredibly Close,16
1192,Morning Glory,5
1192,Morning Glory,8
1192,Morning Glory,17
1193,Get Rich or Die Tryin',4
1193,Get Rich or Die Tryin',6
1193,Get Rich or Die Tryin',8
1193,Get Rich or Die Tryin',14
1194,The Art of War,1
1194,The Art of War,2
1194,The Art of War,6
1194,The Art of War,20
1195,Rent,8
1195,Rent,15
1195,Rent,17
1196,Bless the Child,6
1196,Bless the Child,8
1196,Bless the Child,13
1196,Bless the Child,20
1197,The Out-of-Towners,5
1198,The Island of Dr. Moreau,13
1198,The Island of Dr. Moreau,18
1198,The Island of Dr. Moreau,20
1199,The Musketeer,1
1199,The Musketeer,2
1199,The Musketeer,17
1200,The Other Boleyn Girl,4
1200,The Other Boleyn Girl,8
1200,The Other Boleyn Girl,12
1200,The Other Boleyn Girl,17
1201,Sweet November,8
1201,Sweet November,17
1202,The Reaping,13
1202,The Reaping,20
1203,Mean Streets,6
1203,Mean Streets,8
1203,Mean Streets,17
1203,Mean Streets,20
1204,Renaissance Man,5
1204,Renaissance Man,8
1205,Colombiana,1
1205,Colombiana,6
1205,Colombiana,8
1205,Colombiana,20
1206,The Magic Sword: Quest for Camelot,2
1206,The Magic Sword: Quest for Camelot,3
1206,The Magic Sword: Quest for Camelot,5
1206,The Magic Sword: Quest for Camelot,8
1206,The Magic Sword: Quest for Camelot,9
1206,The Magic Sword: Quest for Camelot,10
1206,The Magic Sword: Quest for Camelot,15
1207,City by the Sea,6
1207,City by the Sea,8
1207,City by the Sea,16
1207,City by the Sea,20
1208,At First Sight,8
1208,At First Sight,17
1209,Torque,1
1209,Torque,5
1209,Torque,6
1210,City Hall,8
1210,City Hall,20
1211,Showgirls,8
1212,Marie Antoinette,4
1212,Marie Antoinette,8
1212,Marie Antoinette,12
1212,Marie Antoinette,17
1213,Kiss of Death,1
1213,Kiss of Death,6
1213,Kiss of Death,20
1214,Get Carter,1
1214,Get Carter,6
1214,Get Carter,8
1214,Get Carter,20
1215,The Impossible,8
1215,The Impossible,20
1216,Ishtar,1
1216,Ishtar,2
1216,Ishtar,5
1216,Ishtar,14
1216,Ishtar,20
1217,Fantastic Mr. Fox,2
1217,Fantastic Mr. Fox,3
1217,Fantastic Mr. Fox,5
1217,Fantastic Mr. Fox,6
1217,Fantastic Mr. Fox,9
1218,Life or Something Like It,5
1218,Life or Something Like It,17
1219,Memoirs of an Invisible Man,5
1219,Memoirs of an Invisible Man,17
1219,Memoirs of an Invisible Man,18
1219,Memoirs of an Invisible Man,20
1220,Amélie,5
1220,Amélie,17
1221,New York Minute,5
1221,New York Minute,6
1221,New York Minute,9
1221,New York Minute,17
1222,Alfie,5
1222,Alfie,8
1222,Alfie,17
1223,Big Miracle,4
1223,Big Miracle,8
1223,Big Miracle,17
1224,The Deep End of the Ocean,8
1225,Feardotcom,6
1225,Feardotcom,13
1225,Feardotcom,20
1226,Cirque du Freak: The Vampire's Assistant,1
1226,Cirque du Freak: The Vampire's Assistant,2
1226,Cirque du Freak: The Vampire's Assistant,10
1226,Cirque du Freak: The Vampire's Assistant,20
1227,Duplex,5
1228,Raise the Titanic,1
1228,Raise the Titanic,2
1228,Raise the Titanic,8
1228,Raise the Titanic,20
1229,Universal Soldier: The Return,1
1229,Universal Soldier: The Return,18
1230,Pandorum,1
1230,Pandorum,13
1230,Pandorum,16
1230,Pandorum,18
1230,Pandorum,20
1231,Impostor,8
1231,Impostor,16
1231,Impostor,18
1231,Impostor,20
1232,Extreme Ops,1
1232,Extreme Ops,2
1232,Extreme Ops,20
1233,Just Visiting,5
1233,Just Visiting,10
1233,Just Visiting,18
1234,Sunshine,2
1234,Sunshine,18
1234,Sunshine,20
1235,A Thousand Words,5
1235,A Thousand Words,8
1236,Delgo,2
1236,Delgo,3
1236,Delgo,5
1236,Delgo,10
1236,Delgo,17
1237,The Gunman,1
1237,The Gunman,6
1237,The Gunman,8
1237,The Gunman,16
1237,The Gunman,20
1238,Alex Rider: Operation Stormbreaker,1
1238,Alex Rider: Operation Stormbreaker,2
1238,Alex Rider: Operation Stormbreaker,9
1238,Alex Rider: Operation Stormbreaker,20
1239,Disturbia,8
1239,Disturbia,16
1239,Disturbia,20
1240,Hackers,5
1240,Hackers,6
1240,Hackers,8
1240,Hackers,20
1241,The Hunting Party,2
1241,The Hunting Party,5
1241,The Hunting Party,8
1241,The Hunting Party,17
1241,The Hunting Party,20
1241,The Hunting Party,21
1242,The Hudsucker Proxy,5
1242,The Hudsucker Proxy,10
1243,The Warlords,1
1243,The Warlords,8
1243,The Warlords,12
1243,The Warlords,17
1243,The Warlords,21
1244,Nomad: The Warrior,8
1244,Nomad: The Warrior,12
1244,Nomad: The Warrior,21
1245,Snowpiercer,1
1245,Snowpiercer,8
1245,Snowpiercer,18
1245,Snowpiercer,20
1246,The Crow,1
1246,The Crow,8
1246,The Crow,10
1247,The Time Traveler's Wife,8
1247,The Time Traveler's Wife,10
1247,The Time Traveler's Wife,17
1247,The Time Traveler's Wife,18
1248,Frankenweenie,3
1248,Frankenweenie,5
1248,Frankenweenie,9
1248,Frankenweenie,13
1248,Frankenweenie,18
1249,Serenity,1
1249,Serenity,2
1249,Serenity,18
1249,Serenity,20
1250,Against the Ropes,4
1250,Against the Ropes,8
1250,Against the Ropes,17
1250,Against the Ropes,19
1251,Superman III,1
1251,Superman III,5
1251,Superman III,18
1252,Grudge Match,5
1252,Grudge Match,19
1253,Red Cliff,1
1253,Red Cliff,2
1253,Red Cliff,8
1253,Red Cliff,12
1253,Red Cliff,21
1254,Sweet Home Alabama,5
1254,Sweet Home Alabama,17
1255,The Ugly Truth,5
1255,The Ugly Truth,17
1256,Sgt. Bilko,5
1257,Spy Kids 2: Island of Lost Dreams,1
1257,Spy Kids 2: Island of Lost Dreams,2
1257,Spy Kids 2: Island of Lost Dreams,5
1257,Spy Kids 2: Island of Lost Dreams,9
1257,Spy Kids 2: Island of Lost Dreams,18
1258,Star Trek: Generations,1
1258,Star Trek: Generations,2
1258,Star Trek: Generations,16
1258,Star Trek: Generations,18
1258,Star Trek: Generations,20
1259,The Grandmaster,1
1259,The Grandmaster,4
1259,The Grandmaster,8
1260,Water for Elephants,8
1260,Water for Elephants,17
1261,The Hurricane,4
1261,The Hurricane,8
1261,The Hurricane,19
1262,Enough,6
1262,Enough,8
1262,Enough,20
1263,Heartbreakers,5
1263,Heartbreakers,6
1263,Heartbreakers,17
1264,Paul Blart: Mall Cop 2,1
1264,Paul Blart: Mall Cop 2,5
1264,Paul Blart: Mall Cop 2,6
1265,Angel Eyes,8
1265,Angel Eyes,17
1266,Joe Somebody,5
1266,Joe Somebody,8
1267,The Ninth Gate,16
1267,The Ninth Gate,20
1268,Extreme Measures,6
1268,Extreme Measures,8
1268,Extreme Measures,16
1268,Extreme Measures,20
1269,Rock Star,8
1269,Rock Star,14
1270,Precious,8
1271,White Squall,2
1271,White Squall,8
1272,The Thing,13
1272,The Thing,16
1272,The Thing,18
1273,Riddick,1
1273,Riddick,18
1273,Riddick,20
1274,Switchback,6
1274,Switchback,16
1274,Switchback,20
1275,Texas Rangers,1
1275,Texas Rangers,2
1275,Texas Rangers,8
1275,Texas Rangers,20
1275,Texas Rangers,22
1276,City of Ember,2
1276,City of Ember,9
1276,City of Ember,10
1276,City of Ember,18
1277,The Master,8
1278,The Express,4
1278,The Express,8
1278,The Express,19
1279,The 5th Wave,1
1279,The 5th Wave,2
1279,The 5th Wave,18
1279,The 5th Wave,20
1280,Creed,8
1280,Creed,19
1281,The Town,6
1281,The Town,8
1281,The Town,20
1282,What to Expect When You're Expecting,5
1282,What to Expect When You're Expecting,8
1282,What to Expect When You're Expecting,17
1283,Burn After Reading,5
1283,Burn After Reading,8
1284,Nim's Island,2
1284,Nim's Island,5
1284,Nim's Island,9
1284,Nim's Island,10
1285,Rush,1
1285,Rush,4
1285,Rush,8
1285,Rush,19
1286,Magnolia,8
1287,Cop Out,1
1287,Cop Out,5
1287,Cop Out,6
1288,How to Be Single,5
1288,How to Be Single,17
1289,Dolphin Tale,8
1289,Dolphin Tale,9
1290,Twilight,8
1290,Twilight,10
1290,Twilight,17
1291,John Q,6
1291,John Q,8
1291,John Q,20
1292,Blue Streak,1
1292,Blue Streak,5
1292,Blue Streak,6
1292,Blue Streak,20
1293,We're the Millers,5
1293,We're the Millers,6
1294,Breakdown,1
1294,Breakdown,6
1294,Breakdown,8
1294,Breakdown,16
1294,Breakdown,20
1295,Never Say Never Again,1
1295,Never Say Never Again,2
1295,Never Say Never Again,20
1296,Hot Tub Time Machine,5
1296,Hot Tub Time Machine,18
1297,Dolphin Tale 2,8
1297,Dolphin Tale 2,9
1298,Reindeer Games,1
1298,Reindeer Games,2
1298,Reindeer Games,6
1298,Reindeer Games,8
1298,Reindeer Games,9
1298,Reindeer Games,10
1298,Reindeer Games,17
1298,Reindeer Games,20
1299,A Man Apart,1
1299,A Man Apart,6
1299,A Man Apart,8
1299,A Man Apart,20
1300,Aloha,5
1300,Aloha,8
1300,Aloha,17
1301,Ghosts of Mississippi,8
1301,Ghosts of Mississippi,12
1302,Snow Falling on Cedars,8
1302,Snow Falling on Cedars,16
1302,Snow Falling on Cedars,17
1302,Snow Falling on Cedars,20
1303,The Rite,8
1303,The Rite,13
1303,The Rite,16
1303,The Rite,20
1304,Gattaca,8
1304,Gattaca,18
1304,Gattaca,20
1305,Isn't She Great,4
1305,Isn't She Great,5
1305,Isn't She Great,17
1306,Space Chimps,2
1306,Space Chimps,3
1306,Space Chimps,5
1306,Space Chimps,9
1306,Space Chimps,18
1307,Head of State,5
1308,The Hangover,5
1309,Ip Man 3,1
1309,Ip Man 3,4
1309,Ip Man 3,8
1309,Ip Man 3,12
1310,Austin Powers: The Spy Who Shagged Me,1
1310,Austin Powers: The Spy Who Shagged Me,2
1310,Austin Powers: The Spy Who Shagged Me,5
1310,Austin Powers: The Spy Who Shagged Me,6
1311,Batman,1
1311,Batman,2
1312,There Be Dragons,4
1312,There Be Dragons,8
1312,There Be Dragons,21
1313,Lethal Weapon 3,1
1313,Lethal Weapon 3,6
1313,Lethal Weapon 3,20
1314,The Blind Side,4
1314,The Blind Side,8
1314,The Blind Side,19
1315,Spy Kids,1
1315,Spy Kids,2
1315,Spy Kids,5
1315,Spy Kids,9
1315,Spy Kids,18
1316,Horrible Bosses,5
1316,Horrible Bosses,6
1317,True Grit,2
1317,True Grit,8
1317,True Grit,22
1318,The Devil Wears Prada,5
1318,The Devil Wears Prada,8
1318,The Devil Wears Prada,17
1319,Star Trek: The Motion Picture,2
1319,Star Trek: The Motion Picture,16
1319,Star Trek: The Motion Picture,18
1320,Identity Thief,5
1320,Identity Thief,6
1321,Cape Fear,6
1321,Cape Fear,20
1322,21,6
1322,21,8
1322,21,20
1323,Trainwreck,5
1323,Trainwreck,17
1324,Guess Who,5
1324,Guess Who,17
1325,The English Patient,8
1325,The English Patient,17
1325,The English Patient,21
1326,L.A. Confidential,6
1326,L.A. Confidential,8
1326,L.A. Confidential,16
1326,L.A. Confidential,20
1327,Sky High,2
1327,Sky High,5
1327,Sky High,9
1327,Sky High,18
1328,In & Out,5
1329,Species,1
1329,Species,13
1329,Species,18
1329,Species,20
1330,A Nightmare on Elm Street,13
1331,The Cell,13
1331,The Cell,18
1331,The Cell,20
1332,The Man in the Iron Mask,1
1332,The Man in the Iron Mask,2
1333,Secretariat,4
1333,Secretariat,8
1333,Secretariat,9
1333,Secretariat,12
1333,Secretariat,19
1334,TMNT,1
1334,TMNT,2
1334,TMNT,3
1334,TMNT,5
1334,TMNT,9
1334,TMNT,10
1334,TMNT,18
1335,Radio,4
1335,Radio,8
1335,Radio,19
1336,Friends with Benefits,5
1336,Friends with Benefits,17
1337,Neighbors 2: Sorority Rising,5
1338,Saving Mr. Banks,4
1338,Saving Mr. Banks,5
1338,Saving Mr. Banks,8
1338,Saving Mr. Banks,12
1338,Saving Mr. Banks,14
1339,Malcolm X,4
1339,Malcolm X,8
1339,Malcolm X,12
1339,Malcolm X,17
1340,This Is 40,5
1341,Old Dogs,5
1341,Old Dogs,9
1342,Underworld: Rise of the Lycans,1
1342,Underworld: Rise of the Lycans,2
1342,Underworld: Rise of the Lycans,10
1342,Underworld: Rise of the Lycans,18
1342,Underworld: Rise of the Lycans,20
1343,License to Wed,5
1343,License to Wed,17
1344,The Benchwarmers,5
1344,The Benchwarmers,17
1344,The Benchwarmers,19
1345,Must Love Dogs,5
1345,Must Love Dogs,17
1346,Donnie Brasco,4
1346,Donnie Brasco,6
1346,Donnie Brasco,8
1347,Resident Evil,1
1347,Resident Evil,13
1347,Resident Evil,18
1348,Poltergeist,10
1348,Poltergeist,13
1349,The Ladykillers,5
1349,The Ladykillers,6
1349,The Ladykillers,20
1350,Max Payne,1
1350,Max Payne,6
1350,Max Payne,8
1350,Max Payne,16
1350,Max Payne,20
1351,In Time,1
1351,In Time,18
1351,In Time,20
1352,The Back-up Plan,5
1352,The Back-up Plan,17
1353,Something Borrowed,5
1353,Something Borrowed,8
1353,Something Borrowed,17
1354,Black Knight,2
1354,Black Knight,5
1354,Black Knight,10
1355,Street Fighter,1
1355,Street Fighter,2
1355,Street Fighter,5
1355,Street Fighter,20
1356,The Pianist,4
1356,The Pianist,8
1356,The Pianist,21
1357,The Nativity Story,8
1357,The Nativity Story,9
1357,The Nativity Story,10
1358,House of Wax,13
1359,Closer,8
1359,Closer,17
1360,J. Edgar,4
1360,J. Edgar,6
1360,J. Edgar,8
1361,Mirrors,13
1361,Mirrors,16
1362,Queen of the Damned,8
1362,Queen of the Damned,10
1362,Queen of the Damned,13
1363,Predator 2,1
1363,Predator 2,13
1363,Predator 2,18
1364,Untraceable,6
1364,Untraceable,8
1364,Untraceable,20
1365,Blast from the Past,5
1365,Blast from the Past,8
1365,Blast from the Past,17
1365,Blast from the Past,18
1366,Jersey Girl,5
1366,Jersey Girl,8
1366,Jersey Girl,17
1367,Alex Cross,1
1367,Alex Cross,6
1367,Alex Cross,16
1367,Alex Cross,20
1368,Midnight in the Garden of Good and Evil,6
1368,Midnight in the Garden of Good and Evil,8
1368,Midnight in the Garden of Good and Evil,16
1368,Midnight in the Garden of Good and Evil,20
1369,Nanny McPhee Returns,5
1369,Nanny McPhee Returns,9
1369,Nanny McPhee Returns,10
1370,Hoffa,4
1370,Hoffa,6
1370,Hoffa,8
1371,The X Files: I Want to Believe,8
1371,The X Files: I Want to Believe,16
1371,The X Files: I Want to Believe,18
1371,The X Files: I Want to Believe,20
1372,Ella Enchanted,5
1372,Ella Enchanted,9
1372,Ella Enchanted,10
1372,Ella Enchanted,17
1373,Concussion,4
1373,Concussion,8
1373,Concussion,19
1374,Abduction,1
1374,Abduction,16
1374,Abduction,20
1375,Valiant,2
1375,Valiant,3
1375,Valiant,5
1375,Valiant,9
1375,Valiant,21
1376,Wonder Boys,5
1376,Wonder Boys,8
1377,Superhero Movie,1
1377,Superhero Movie,5
1377,Superhero Movie,18
1377,Superhero Movie,20
1378,Broken City,6
1378,Broken City,8
1378,Broken City,20
1379,Cursed,5
1379,Cursed,13
1380,Premium Rush,1
1380,Premium Rush,6
1380,Premium Rush,20
1381,Hot Pursuit,1
1381,Hot Pursuit,5
1381,Hot Pursuit,6
1382,The Four Feathers,2
1382,The Four Feathers,8
1382,The Four Feathers,17
1382,The Four Feathers,21
1383,Parker,1
1383,Parker,6
1383,Parker,17
1383,Parker,20
1384,Wimbledon,5
1384,Wimbledon,17
1384,Wimbledon,19
1385,Furry Vengeance,5
1385,Furry Vengeance,9
1386,Lions for Lambs,8
1386,Lions for Lambs,20
1386,Lions for Lambs,21
1387,Flight of the Intruder,1
1387,Flight of the Intruder,8
1387,Flight of the Intruder,20
1387,Flight of the Intruder,21
1388,Walk Hard: The Dewey Cox Story,5
1388,Walk Hard: The Dewey Cox Story,14
1389,The Shipping News,8
1390,American Outlaws,1
1390,American Outlaws,22
1391,The Young Victoria,4
1391,The Young Victoria,8
1391,The Young Victoria,12
1391,The Young Victoria,17
1392,Whiteout,1
1392,Whiteout,6
1392,Whiteout,16
1392,Whiteout,20
1393,The Tree of Life,8
1393,The Tree of Life,10
1394,Knock Off,1
1394,Knock Off,5
1394,Knock Off,20
1395,Sabotage,1
1395,Sabotage,6
1395,Sabotage,8
1395,Sabotage,20
1396,The Order,1
1396,The Order,16
1396,The Order,20
1397,Punisher: War Zone,1
1397,Punisher: War Zone,6
1397,Punisher: War Zone,8
1397,Punisher: War Zone,20
1398,Zoom,1
1398,Zoom,2
1398,Zoom,9
1398,Zoom,18
1399,The Walk,2
1399,The Walk,4
1399,The Walk,8
1399,The Walk,20
1400,Warriors of Virtue,1
1400,Warriors of Virtue,2
1400,Warriors of Virtue,10
1401,A Good Year,5
1401,A Good Year,8
1401,A Good Year,17
1402,Radio Flyer,8
1403,"Blood In, Blood Out",6
1403,"Blood In, Blood Out",8
1404,Smilla's Sense of Snow,1
1404,Smilla's Sense of Snow,8
1404,Smilla's Sense of Snow,18
1404,Smilla's Sense of Snow,20
1405,Femme Fatale,6
1405,Femme Fatale,8
1405,Femme Fatale,16
1405,Femme Fatale,20
1406,Ride with the Devil,8
1406,Ride with the Devil,17
1406,Ride with the Devil,21
1406,Ride with the Devil,22
1407,The Maze Runner,1
1407,The Maze Runner,16
1407,The Maze Runner,18
1407,The Maze Runner,20
1408,Unfinished Business,5
1409,The Age of Innocence,8
1409,The Age of Innocence,17
1410,The Fountain,8
1410,The Fountain,18
1411,Chill Factor,1
1411,Chill Factor,2
1411,Chill Factor,5
1411,Chill Factor,8
1411,Chill Factor,20
1412,Stolen,1
1412,Stolen,6
1412,Stolen,8
1412,Stolen,20
1413,Ponyo,2
1413,Ponyo,3
1413,Ponyo,9
1413,Ponyo,10
1414,The Longest Ride,8
1414,The Longest Ride,17
1415,The Astronaut's Wife,8
1415,The Astronaut's Wife,18
1415,The Astronaut's Wife,20
1416,I Dreamed of Africa,2
1416,I Dreamed of Africa,8
1416,I Dreamed of Africa,17
1417,Playing for Keeps,5
1417,Playing for Keeps,17
1417,Playing for Keeps,19
1418,Mandela: Long Walk to Freedom,4
1418,Mandela: Long Walk to Freedom,8
1418,Mandela: Long Walk to Freedom,12
1419,A Few Good Men,8
1419,A Few Good Men,20
1420,Exit Wounds,1
1420,Exit Wounds,5
1420,Exit Wounds,6
1420,Exit Wounds,8
1420,Exit Wounds,20
1421,Big Momma's House,1
1421,Big Momma's House,5
1421,Big Momma's House,6
1422,The Darkest Hour,1
1422,The Darkest Hour,2
1422,The Darkest Hour,13
1422,The Darkest Hour,18
1422,The Darkest Hour,20
1423,Step Up Revolution,8
1423,Step Up Revolution,14
1423,Step Up Revolution,17
1424,Snakes on a Plane,1
1424,Snakes on a Plane,2
1424,Snakes on a Plane,6
1424,Snakes on a Plane,8
1424,Snakes on a Plane,20
1425,The Watcher,6
1425,The Watcher,13
1425,The Watcher,16
1425,The Watcher,20
1426,The Punisher,1
1426,The Punisher,6
1426,The Punisher,8
1426,The Punisher,20
1427,Goal! The Dream Begins,8
1427,Goal! The Dream Begins,17
1427,Goal! The Dream Begins,19
1428,Safe,1
1428,Safe,6
1428,Safe,20
1429,Pushing Tin,5
1429,Pushing Tin,8
1429,Pushing Tin,17
1430,Star Wars: Episode VI - Return of the Jedi,1
1430,Star Wars: Episode VI - Return of the Jedi,2
1430,Star Wars: Episode VI - Return of the Jedi,10
1430,Star Wars: Episode VI - Return of the Jedi,18
1431,Doomsday,1
1431,Doomsday,18
1431,Doomsday,20
1432,The Reader,8
1432,The Reader,17
1433,Elf,5
1433,Elf,9
1433,Elf,10
1433,Elf,17
1434,Phenomenon,8
1434,Phenomenon,10
1434,Phenomenon,17
1434,Phenomenon,18
1435,Snow Dogs,2
1435,Snow Dogs,5
1435,Snow Dogs,9
1435,Snow Dogs,19
1436,Scrooged,5
1436,Scrooged,8
1436,Scrooged,10
1437,Nacho Libre,5
1437,Nacho Libre,9
1437,Nacho Libre,19
1438,Bridesmaids,5
1438,Bridesmaids,17
1439,This Is the End,5
1439,This Is the End,10
1440,Stigmata,13
1441,Men of Honor,4
1441,Men of Honor,8
1442,Takers,1
1442,Takers,6
1442,Takers,20
1443,The Big Wedding,5
1444,"Big Mommas: Like Father, Like Son",1
1444,"Big Mommas: Like Father, Like Son",5
1444,"Big Mommas: Like Father, Like Son",6
1445,Source Code,16
1445,Source Code,18
1445,Source Code,20
1446,Alive,2
1446,Alive,4
1446,Alive,8
1446,Alive,20
1447,The Number 23,16
1447,The Number 23,20
1448,The Young and Prodigious T.S. Spivet,1
1448,The Young and Prodigious T.S. Spivet,2
1448,The Young and Prodigious T.S. Spivet,8
1448,The Young and Prodigious T.S. Spivet,9
1449,Dreamer: Inspired by a True Story,8
1449,Dreamer: Inspired by a True Story,9
1449,Dreamer: Inspired by a True Story,19
1450,A History of Violence,6
1450,A History of Violence,8
1450,A History of Violence,20
1451,Transporter 2,1
1451,Transporter 2,6
1451,Transporter 2,20
1452,The Quick and the Dead,1
1452,The Quick and the Dead,20
1452,The Quick and the Dead,22
1453,Laws of Attraction,5
1453,Laws of Attraction,17
1454,Bringing Out the Dead,8
1454,Bringing Out the Dead,20
1455,Repo Men,1
1455,Repo Men,6
1455,Repo Men,18
1455,Repo Men,20
1456,Dragon Wars: D-War,1
1456,Dragon Wars: D-War,8
1456,Dragon Wars: D-War,10
1456,Dragon Wars: D-War,13
1456,Dragon Wars: D-War,20
1457,Bogus,5
1457,Bogus,9
1457,Bogus,10
1458,The Incredible Burt Wonderstone,5
1459,Cats Don't Dance,3
1459,Cats Don't Dance,5
1459,Cats Don't Dance,9
1459,Cats Don't Dance,10
1459,Cats Don't Dance,15
1460,Cradle Will Rock,8
1461,The Good German,8
1461,The Good German,16
1461,The Good German,20
1462,Apocalypse Now,8
1462,Apocalypse Now,21
1463,Going the Distance,5
1463,Going the Distance,17
1464,Mr. Holland's Opus,8
1464,Mr. Holland's Opus,14
1465,Criminal,1
1465,Criminal,6
1465,Criminal,8
1465,Criminal,16
1465,Criminal,18
1465,Criminal,20
1466,Out of Africa,4
1466,Out of Africa,8
1466,Out of Africa,17
1467,Flight,8
1467,Flight,20
1468,Moonraker,1
1468,Moonraker,2
1468,Moonraker,18
1468,Moonraker,20
1469,The Grand Budapest Hotel,2
1469,The Grand Budapest Hotel,5
1469,The Grand Budapest Hotel,6
1469,The Grand Budapest Hotel,8
1470,Hearts in Atlantis,8
1470,Hearts in Atlantis,16
1471,Arachnophobia,5
1471,Arachnophobia,10
1471,Arachnophobia,13
1471,Arachnophobia,20
1472,Frequency,6
1472,Frequency,8
1472,Frequency,16
1472,Frequency,18
1472,Frequency,20
1473,Vacation,2
1473,Vacation,5
1474,Get Shorty,5
1474,Get Shorty,6
1474,Get Shorty,20
1475,Chicago,5
1475,Chicago,6
1475,Chicago,15
1476,Big Daddy,5
1476,Big Daddy,8
1477,American Pie 2,5
1478,Toy Story,2
1478,Toy Story,3
1478,Toy Story,5
1478,Toy Story,9
1478,Toy Story,10
1479,Speed,1
1479,Speed,2
1479,Speed,6
1479,Speed,20
1480,The Vow,8
1480,The Vow,17
1481,Extraordinary Measures,8
1482,Remember the Titans,4
1482,Remember the Titans,8
1482,Remember the Titans,19
1483,The Hunt for Red October,1
1483,The Hunt for Red October,2
1483,The Hunt for Red October,20
1484,Lee Daniels' The Butler,4
1484,Lee Daniels' The Butler,8
1485,Dodgeball: A True Underdog Story,5
1485,Dodgeball: A True Underdog Story,19
1486,The Addams Family,5
1486,The Addams Family,10
1487,Ace Ventura: When Nature Calls,2
1487,Ace Ventura: When Nature Calls,5
1488,The Princess Diaries,5
1488,The Princess Diaries,9
1488,The Princess Diaries,17
1489,The First Wives Club,5
1490,Se7en,6
1490,Se7en,8
1490,Se7en,16
1490,Se7en,20
1491,District 9,1
1491,District 9,18
1491,District 9,20
1492,The SpongeBob SquarePants Movie,2
1492,The SpongeBob SquarePants Movie,3
1492,The SpongeBob SquarePants Movie,5
1492,The SpongeBob SquarePants Movie,9
1492,The SpongeBob SquarePants Movie,10
1493,Mystic River,6
1493,Mystic River,8
1493,Mystic River,16
1493,Mystic River,20
1494,Million Dollar Baby,8
1494,Million Dollar Baby,19
1495,Analyze This,5
1495,Analyze This,6
1496,The Notebook,8
1496,The Notebook,17
1497,27 Dresses,5
1497,27 Dresses,17
1498,Hannah Montana: The Movie,5
1498,Hannah Montana: The Movie,8
1498,Hannah Montana: The Movie,9
1498,Hannah Montana: The Movie,14
1498,Hannah Montana: The Movie,17
1499,Rugrats in Paris: The Movie,2
1499,Rugrats in Paris: The Movie,3
1499,Rugrats in Paris: The Movie,5
1499,Rugrats in Paris: The Movie,9
1499,Rugrats in Paris: The Movie,17
1500,The Prince of Tides,8
1500,The Prince of Tides,17
1501,Legends of the Fall,8
1501,Legends of the Fall,17
1501,Legends of the Fall,21
1501,Legends of the Fall,22
1502,Up in the Air,8
1502,Up in the Air,17
1503,About Schmidt,5
1503,About Schmidt,8
1504,Warm Bodies,5
1504,Warm Bodies,13
1504,Warm Bodies,17
1505,Looper,1
1505,Looper,6
1505,Looper,8
1505,Looper,18
1505,Looper,20
1506,Down to Earth,5
1506,Down to Earth,10
1507,Babe,5
1507,Babe,8
1507,Babe,9
1508,Hope Springs,5
1508,Hope Springs,8
1508,Hope Springs,17
1509,Forgetting Sarah Marshall,5
1509,Forgetting Sarah Marshall,8
1509,Forgetting Sarah Marshall,17
1510,Four Brothers,1
1510,Four Brothers,6
1510,Four Brothers,8
1510,Four Brothers,16
1510,Four Brothers,20
1511,Baby Mama,5
1511,Baby Mama,17
1512,Hope Floats,8
1512,Hope Floats,17
1513,Bride Wars,5
1513,Bride Wars,17
1514,Without a Paddle,2
1514,Without a Paddle,5
1514,Without a Paddle,16
1515,13 Going on 30,5
1515,13 Going on 30,10
1515,13 Going on 30,17
1516,Midnight in Paris,5
1516,Midnight in Paris,10
1516,Midnight in Paris,17
1517,The Nut Job,2
1517,The Nut Job,3
1517,The Nut Job,5
1517,The Nut Job,9
1518,Blow,4
1518,Blow,6
1518,Blow,8
1519,Message in a Bottle,8
1519,Message in a Bottle,17
1520,Star Trek V: The Final Frontier,1
1520,Star Trek V: The Final Frontier,2
1520,Star Trek V: The Final Frontier,18
1520,Star Trek V: The Final Frontier,20
1521,Like Mike,5
1521,Like Mike,9
1521,Like Mike,10
1521,Like Mike,19
1522,Naked Gun 33 1/3: The Final Insult,5
1522,Naked Gun 33 1/3: The Final Insult,6
1523,A View to a Kill,1
1523,A View to a Kill,2
1523,A View to a Kill,20
1524,The Curse of the Were-Rabbit,3
1524,The Curse of the Were-Rabbit,5
1524,The Curse of the Were-Rabbit,9
1524,The Curse of the Were-Rabbit,16
1524,The Curse of the Were-Rabbit,18
1525,P.S. I Love You,8
1525,P.S. I Love You,17
1526,Atonement,8
1526,Atonement,16
1526,Atonement,17
1526,Atonement,21
1527,Letters to Juliet,5
1527,Letters to Juliet,8
1527,Letters to Juliet,17
1528,Black Rain,1
1528,Black Rain,6
1528,Black Rain,20
1529,Corpse Bride,3
1529,Corpse Bride,8
1529,Corpse Bride,9
1529,Corpse Bride,10
1529,Corpse Bride,15
1529,Corpse Bride,17
1530,Sicario,1
1530,Sicario,6
1530,Sicario,8
1530,Sicario,16
1530,Sicario,20
1531,Southpaw,8
1531,Southpaw,19
1532,Drag Me to Hell,13
1532,Drag Me to Hell,20
1533,The Age of Adaline,8
1533,The Age of Adaline,10
1533,The Age of Adaline,17
1534,Secondhand Lions,5
1534,Secondhand Lions,8
1534,Secondhand Lions,9
1535,Step Up 3D,8
1535,Step Up 3D,14
1535,Step Up 3D,17
1536,Blue Crush,8
1536,Blue Crush,17
1536,Blue Crush,19
1537,Stranger Than Fiction,5
1537,Stranger Than Fiction,8
1537,Stranger Than Fiction,10
1537,Stranger Than Fiction,17
1538,30 Days of Night,13
1539,The Cabin in the Woods,10
1539,The Cabin in the Woods,13
1539,The Cabin in the Woods,16
1539,The Cabin in the Woods,20
1540,Meet the Spartans,5
1541,Midnight Run,1
1541,Midnight Run,5
1541,Midnight Run,6
1541,Midnight Run,20
1542,The Running Man,1
1542,The Running Man,6
1542,The Running Man,18
1542,The Running Man,20
1543,Little Shop of Horrors,5
1543,Little Shop of Horrors,13
1543,Little Shop of Horrors,15
1543,Little Shop of Horrors,18
1544,Hanna,1
1544,Hanna,8
1544,Hanna,20
1545,Mortal Kombat: Annihilation,1
1545,Mortal Kombat: Annihilation,2
1545,Mortal Kombat: Annihilation,10
1545,Mortal Kombat: Annihilation,18
1545,Mortal Kombat: Annihilation,20
1546,Larry Crowne,5
1546,Larry Crowne,8
1546,Larry Crowne,17
1547,Carrie,8
1547,Carrie,10
1547,Carrie,13
1548,Take the Lead,8
1548,Take the Lead,14
1549,Gridiron Gang,6
1549,Gridiron Gang,8
1549,Gridiron Gang,19
1550,What's the Worst That Could Happen?,5
1550,What's the Worst That Could Happen?,6
1551,9,1
1551,9,2
1551,9,3
1551,9,8
1551,9,16
1551,9,18
1551,9,20
1552,Side Effects,6
1552,Side Effects,8
1552,Side Effects,20
1553,Winnie the Pooh,2
1553,Winnie the Pooh,3
1553,Winnie the Pooh,5
1553,Winnie the Pooh,9
1553,Winnie the Pooh,15
1554,Dumb and Dumberer: When Harry Met Lloyd,5
1555,Bulworth,5
1555,Bulworth,8
1555,Bulworth,17
1556,Get on Up,4
1556,Get on Up,8
1556,Get on Up,14
1557,One True Thing,8
1558,Virtuosity,1
1558,Virtuosity,6
1558,Virtuosity,18
1558,Virtuosity,20
1559,My Super Ex-Girlfriend,5
1559,My Super Ex-Girlfriend,17
1559,My Super Ex-Girlfriend,18
1560,Deliver Us from Evil,13
1560,Deliver Us from Evil,16
1560,Deliver Us from Evil,20
1561,Sanctum,2
1561,Sanctum,8
1561,Sanctum,20
1562,Little Black Book,5
1562,Little Black Book,8
1562,Little Black Book,17
1563,The Five-Year Engagement,5
1563,The Five-Year Engagement,17
1564,Mr 3000,5
1564,Mr 3000,8
1564,Mr 3000,17
1564,Mr 3000,19
1565,The Next Three Days,6
1565,The Next Three Days,8
1565,The Next Three Days,17
1565,The Next Three Days,20
1566,Ultraviolet,1
1566,Ultraviolet,13
1566,Ultraviolet,18
1566,Ultraviolet,20
1567,Assault on Precinct 13,1
1567,Assault on Precinct 13,6
1567,Assault on Precinct 13,8
1567,Assault on Precinct 13,20
1568,The Replacement Killers,1
1568,The Replacement Killers,6
1568,The Replacement Killers,20
1569,Fled,1
1569,Fled,2
1569,Fled,6
1569,Fled,8
1569,Fled,17
1570,Eight Legged Freaks,1
1570,Eight Legged Freaks,5
1570,Eight Legged Freaks,13
1571,Love & Other Drugs,5
1571,Love & Other Drugs,8
1571,Love & Other Drugs,17
1572,88 Minutes,6
1572,88 Minutes,8
1572,88 Minutes,16
1572,88 Minutes,20
1573,North Country,8
1574,The Whole Ten Yards,5
1574,The Whole Ten Yards,6
1574,The Whole Ten Yards,20
1575,Splice,8
1575,Splice,13
1575,Splice,18
1576,Howard the Duck,1
1576,Howard the Duck,2
1576,Howard the Duck,5
1576,Howard the Duck,17
1576,Howard the Duck,18
1577,Pride and Glory,6
1577,Pride and Glory,8
1577,Pride and Glory,20
1578,The Cave,2
1578,The Cave,13
1578,The Cave,20
1579,Alex & Emma,5
1579,Alex & Emma,17
1580,Wicker Park,8
1580,Wicker Park,16
1580,Wicker Park,17
1580,Wicker Park,20
1581,Fright Night,5
1581,Fright Night,13
1582,The New World,4
1582,The New World,8
1582,The New World,12
1582,The New World,17
1583,Wing Commander,1
1583,Wing Commander,2
1583,Wing Commander,18
1584,In Dreams,8
1584,In Dreams,10
1584,In Dreams,20
1585,Dragonball: Evolution,1
1585,Dragonball: Evolution,2
1585,Dragonball: Evolution,10
1585,Dragonball: Evolution,18
1585,Dragonball: Evolution,20
1586,The Last Stand,1
1586,The Last Stand,6
1586,The Last Stand,20
1587,Godsend,8
1587,Godsend,13
1587,Godsend,18
1587,Godsend,20
1588,Chasing Liberty,5
1588,Chasing Liberty,17
1589,Hoodwinked Too! Hood vs. Evil,3
1589,Hoodwinked Too! Hood vs. Evil,5
1589,Hoodwinked Too! Hood vs. Evil,9
1590,An Unfinished Life,8
1591,The Imaginarium of Doctor Parnassus,2
1591,The Imaginarium of Doctor Parnassus,10
1591,The Imaginarium of Doctor Parnassus,16
1592,Runner Runner,6
1592,Runner Runner,20
1593,Antitrust,1
1593,Antitrust,6
1593,Antitrust,8
1593,Antitrust,20
1594,Glory,8
1594,Glory,12
1594,Glory,21
1595,Once Upon a Time in America,6
1595,Once Upon a Time in America,8
1596,Dead Man Down,1
1596,Dead Man Down,6
1596,Dead Man Down,8
1596,Dead Man Down,20
1597,The Merchant of Venice,8
1597,The Merchant of Venice,17
1598,The Good Thief,1
1598,The Good Thief,6
1598,The Good Thief,8
1598,The Good Thief,17
1598,The Good Thief,20
1599,Miss Potter,4
1599,Miss Potter,8
1599,Miss Potter,17
1600,The Promise,1
1600,The Promise,8
1600,The Promise,10
1601,DOA: Dead or Alive,1
1601,DOA: Dead or Alive,2
1602,The Assassination of Jesse James by the Coward Robert Ford,4
1602,The Assassination of Jesse James by the Coward Robert Ford,6
1602,The Assassination of Jesse James by the Coward Robert Ford,8
1602,The Assassination of Jesse James by the Coward Robert Ford,12
1602,The Assassination of Jesse James by the Coward Robert Ford,22
1603,1911,1
1603,1911,2
1603,1911,8
1603,1911,12
1603,1911,21
1604,Machine Gun Preacher,1
1604,Machine Gun Preacher,4
1604,Machine Gun Preacher,6
1604,Machine Gun Preacher,8
1605,Pitch Perfect 2,5
1605,Pitch Perfect 2,14
1606,Walk the Line,4
1606,Walk the Line,8
1606,Walk the Line,14
1606,Walk the Line,17
1607,Keeping the Faith,5
1607,Keeping the Faith,8
1607,Keeping the Faith,17
1608,The Borrowers,2
1608,The Borrowers,5
1608,The Borrowers,9
1608,The Borrowers,10
1609,Frost/Nixon,8
1610,Serving Sara,5
1610,Serving Sara,17
1611,The Boss,5
1612,Cry Freedom,4
1612,Cry Freedom,8
1612,Cry Freedom,12
1613,Mumford,5
1613,Mumford,8
1614,Seed of Chucky,5
1614,Seed of Chucky,10
1614,Seed of Chucky,13
1614,Seed of Chucky,20
1615,The Jacket,8
1615,The Jacket,16
1615,The Jacket,18
1615,The Jacket,20
1616,Aladdin,2
1616,Aladdin,3
1616,Aladdin,5
1616,Aladdin,9
1616,Aladdin,10
1616,Aladdin,15
1616,Aladdin,17
1617,Straight Outta Compton,4
1617,Straight Outta Compton,6
1617,Straight Outta Compton,8
1617,Straight Outta Compton,12
1617,Straight Outta Compton,14
1618,Indiana Jones and the Temple of Doom,1
1618,Indiana Jones and the Temple of Doom,2
1619,The Rugrats Movie,2
1619,The Rugrats Movie,3
1619,The Rugrats Movie,5
1619,The Rugrats Movie,8
1619,The Rugrats Movie,9
1619,The Rugrats Movie,15
1620,Along Came a Spider,6
1620,Along Came a Spider,8
1620,Along Came a Spider,20
1621,Once Upon a Time in Mexico,1
1621,Once Upon a Time in Mexico,6
1621,Once Upon a Time in Mexico,20
1622,Die Hard,1
1622,Die Hard,20
1623,Role Models,5
1624,The Big Short,4
1624,The Big Short,5
1624,The Big Short,8
1624,The Big Short,12
1625,Taking Woodstock,5
1625,Taking Woodstock,8
1625,Taking Woodstock,14
1626,Miracle,4
1626,Miracle,8
1626,Miracle,12
1626,Miracle,19
1627,Dawn of the Dead,1
1627,Dawn of the Dead,13
1627,Dawn of the Dead,20
1628,The Wedding Planner,5
1628,The Wedding Planner,17
1629,The Royal Tenenbaums,5
1629,The Royal Tenenbaums,8
1630,Identity,16
1630,Identity,20
1631,Last Vegas,5
1631,Last Vegas,17
1632,For Your Eyes Only,1
1632,For Your Eyes Only,2
1632,For Your Eyes Only,20
1633,Serendipity,5
1633,Serendipity,17
1634,Timecop,1
1634,Timecop,6
1634,Timecop,18
1634,Timecop,20
1635,Zoolander,5
1636,Safe Haven,8
1636,Safe Haven,17
1636,Safe Haven,20
1637,Hocus Pocus,5
1637,Hocus Pocus,9
1637,Hocus Pocus,10
1638,No Reservations,5
1638,No Reservations,8
1638,No Reservations,17
1639,Kick-Ass,1
1639,Kick-Ass,5
1640,30 Minutes or Less,1
1640,30 Minutes or Less,5
1640,30 Minutes or Less,6
1641,Dracula 2000,1
1641,Dracula 2000,10
1641,Dracula 2000,13
1641,Dracula 2000,20
1642,"Alexander and the Terrible, Horrible, No Good, Very Bad Day",5
1642,"Alexander and the Terrible, Horrible, No Good, Very Bad Day",9
1643,Pride & Prejudice,8
1643,Pride & Prejudice,17
1644,Blade Runner,18
1644,Blade Runner,20
1645,Rob Roy,2
1645,Rob Roy,4
1646,3 Days to Kill,1
1646,3 Days to Kill,8
1646,3 Days to Kill,20
1647,We Own the Night,6
1647,We Own the Night,8
1647,We Own the Night,20
1648,Lost Souls,8
1648,Lost Souls,13
1648,Lost Souls,20
1649,Just My Luck,5
1649,Just My Luck,10
1649,Just My Luck,17
1650,"Mystery, Alaska",5
1650,"Mystery, Alaska",8
1650,"Mystery, Alaska",19
1651,The Spy Next Door,1
1651,The Spy Next Door,5
1651,The Spy Next Door,9
1652,A Simple Wish,5
1652,A Simple Wish,9
1652,A Simple Wish,10
1653,Ghosts of Mars,1
1653,Ghosts of Mars,13
1653,Ghosts of Mars,18
1654,Our Brand Is Crisis,5
1654,Our Brand Is Crisis,8
1655,Pride and Prejudice and Zombies,1
1655,Pride and Prejudice and Zombies,13
1655,Pride and Prejudice and Zombies,17
1656,Kundun,4
1656,Kundun,8
1656,Kundun,12
1656,Kundun,21
1657,How to Lose Friends & Alienate People,5
1657,How to Lose Friends & Alienate People,8
1657,How to Lose Friends & Alienate People,17
1658,Kick-Ass 2,1
1658,Kick-Ass 2,5
1658,Kick-Ass 2,6
1659,Brick Mansions,1
1659,Brick Mansions,6
1659,Brick Mansions,8
1659,Brick Mansions,20
1660,Octopussy,1
1660,Octopussy,2
1660,Octopussy,20
1661,Knocked Up,5
1661,Knocked Up,17
1662,My Sister's Keeper,8
1663,"Welcome Home, Roscoe Jenkins",5
1663,"Welcome Home, Roscoe Jenkins",8
1663,"Welcome Home, Roscoe Jenkins",17
1664,A Passage to India,2
1664,A Passage to India,8
1664,A Passage to India,12
1665,Notes on a Scandal,6
1665,Notes on a Scandal,8
1665,Notes on a Scandal,17
1665,Notes on a Scandal,20
1666,Rendition,8
1666,Rendition,20
1667,Star Trek VI: The Undiscovered Country,1
1667,Star Trek VI: The Undiscovered Country,2
1667,Star Trek VI: The Undiscovered Country,18
1667,Star Trek VI: The Undiscovered Country,20
1668,Divine Secrets of the Ya-Ya Sisterhood,8
1669,Kiss the Girls,6
1669,Kiss the Girls,8
1669,Kiss the Girls,16
1669,Kiss the Girls,20
1670,The Blues Brothers,1
1670,The Blues Brothers,5
1670,The Blues Brothers,6
1670,The Blues Brothers,14
1671,Joyful Noise,5
1671,Joyful Noise,14
1672,About a Boy,5
1672,About a Boy,8
1672,About a Boy,17
1673,Lake Placid,1
1673,Lake Placid,5
1673,Lake Placid,13
1674,Lucky Number Slevin,6
1674,Lucky Number Slevin,8
1674,Lucky Number Slevin,16
1674,Lucky Number Slevin,20
1675,The Right Stuff,2
1675,The Right Stuff,8
1675,The Right Stuff,12
1676,Anonymous,8
1676,Anonymous,12
1676,Anonymous,20
1677,Dark City,1
1677,Dark City,8
1677,Dark City,10
1677,Dark City,16
1677,Dark City,18
1677,Dark City,20
1678,The Duchess,4
1678,The Duchess,8
1678,The Duchess,12
1678,The Duchess,17
1679,The Newton Boys,1
1679,The Newton Boys,6
1679,The Newton Boys,8
1679,The Newton Boys,12
1679,The Newton Boys,22
1680,Case 39,13
1680,Case 39,16
1680,Case 39,20
1681,Suspect Zero,6
1681,Suspect Zero,8
1681,Suspect Zero,16
1681,Suspect Zero,20
1682,Martian Child,5
1682,Martian Child,8
1682,Martian Child,9
1683,Spy Kids: All the Time in the World in 4D,1
1683,Spy Kids: All the Time in the World in 4D,2
1683,Spy Kids: All the Time in the World in 4D,5
1683,Spy Kids: All the Time in the World in 4D,9
1683,Spy Kids: All the Time in the World in 4D,18
1684,Money Monster,6
1684,Money Monster,8
1684,Money Monster,20
1685,Formula 51,1
1685,Formula 51,5
1685,Formula 51,6
1685,Formula 51,20
1686,Flawless,5
1686,Flawless,6
1686,Flawless,8
1687,Mindhunters,6
1687,Mindhunters,13
1687,Mindhunters,16
1687,Mindhunters,20
1688,What Just Happened,5
1688,What Just Happened,8
1689,The Statement,8
1689,The Statement,20
1690,Paul Blart: Mall Cop,1
1690,Paul Blart: Mall Cop,5
1690,Paul Blart: Mall Cop,6
1691,Freaky Friday,5
1691,Freaky Friday,9
1691,Freaky Friday,10
1691,Freaky Friday,14
1691,Freaky Friday,17
1692,The 40-Year-Old Virgin,5
1692,The 40-Year-Old Virgin,17
1693,Shakespeare in Love,5
1693,Shakespeare in Love,8
1693,Shakespeare in Love,17
1694,A Walk Among the Tombstones,6
1694,A Walk Among the Tombstones,8
1694,A Walk Among the Tombstones,16
1694,A Walk Among the Tombstones,20
1695,Kindergarten Cop,1
1695,Kindergarten Cop,5
1695,Kindergarten Cop,6
1696,Pineapple Express,1
1696,Pineapple Express,5
1696,Pineapple Express,6
1697,Ever After: A Cinderella Story,5
1697,Ever After: A Cinderella Story,8
1697,Ever After: A Cinderella Story,17
1698,Open Range,8
1698,Open Range,17
1698,Open Range,22
1699,Flatliners,8
1699,Flatliners,13
1699,Flatliners,18
1699,Flatliners,20
1700,A Bridge Too Far,8
1700,A Bridge Too Far,12
1700,A Bridge Too Far,21
1701,Red Eye,16
1701,Red Eye,20
1702,Final Destination 2,13
1702,Final Destination 2,20
1703,"O Brother, Where Art Thou?",2
1703,"O Brother, Where Art Thou?",5
1703,"O Brother, Where Art Thou?",6
1703,"O Brother, Where Art Thou?",14
1704,Legion,1
1704,Legion,10
1704,Legion,13
1705,Pain & Gain,5
1705,Pain & Gain,6
1705,Pain & Gain,8
1706,In Good Company,5
1706,In Good Company,8
1706,In Good Company,17
1707,Clockstoppers,1
1707,Clockstoppers,2
1707,Clockstoppers,5
1707,Clockstoppers,18
1707,Clockstoppers,20
1708,Silverado,1
1708,Silverado,6
1708,Silverado,8
1708,Silverado,22
1709,Brothers,8
1709,Brothers,20
1710,Agent Cody Banks 2: Destination London,1
1710,Agent Cody Banks 2: Destination London,2
1710,Agent Cody Banks 2: Destination London,5
1710,Agent Cody Banks 2: Destination London,9
1710,Agent Cody Banks 2: Destination London,17
1710,Agent Cody Banks 2: Destination London,18
1711,New Year's Eve,5
1711,New Year's Eve,17
1712,Original Sin,8
1712,Original Sin,16
1712,Original Sin,17
1712,Original Sin,20
1713,The Raven,6
1713,The Raven,16
1713,The Raven,20
1714,Welcome to Mooseport,5
1714,Welcome to Mooseport,17
1715,Highlander: The Final Dimension,1
1715,Highlander: The Final Dimension,10
1715,Highlander: The Final Dimension,17
1715,Highlander: The Final Dimension,18
1716,Blood and Wine,6
1716,Blood and Wine,8
1716,Blood and Wine,20
1717,The Curse of the Jade Scorpion,5
1717,The Curse of the Jade Scorpion,6
1717,The Curse of the Jade Scorpion,16
1717,The Curse of the Jade Scorpion,17
1718,Flipper,2
1718,Flipper,9
1719,Self/less,1
1719,Self/less,16
1719,Self/less,18
1719,Self/less,20
1720,The Constant Gardener,8
1720,The Constant Gardener,16
1720,The Constant Gardener,17
1720,The Constant Gardener,20
1721,The Passion of the Christ,8
1722,Mrs. Doubtfire,5
1722,Mrs. Doubtfire,8
1722,Mrs. Doubtfire,9
1722,Mrs. Doubtfire,17
1723,Rain Man,8
1724,Gran Torino,8
1725,W.,4
1725,W.,8
1725,W.,12
1726,Taken,1
1726,Taken,20
1727,The Best of Me,8
1727,The Best of Me,17
1728,The Bodyguard,1
1728,The Bodyguard,8
1728,The Bodyguard,14
1728,The Bodyguard,17
1729,Schindler's List,4
1729,Schindler's List,8
1729,Schindler's List,12
1730,The Help,8
1731,The Fifth Estate,4
1731,The Fifth Estate,8
1731,The Fifth Estate,20
1732,Scooby-Doo 2: Monsters Unleashed,2
1732,Scooby-Doo 2: Monsters Unleashed,5
1732,Scooby-Doo 2: Monsters Unleashed,9
1732,Scooby-Doo 2: Monsters Unleashed,10
1732,Scooby-Doo 2: Monsters Unleashed,13
1732,Scooby-Doo 2: Monsters Unleashed,16
1733,Freddy vs. Jason,1
1733,Freddy vs. Jason,13
1733,Freddy vs. Jason,20
1734,Jimmy Neutron: Boy Genius,1
1734,Jimmy Neutron: Boy Genius,2
1734,Jimmy Neutron: Boy Genius,3
1734,Jimmy Neutron: Boy Genius,5
1734,Jimmy Neutron: Boy Genius,9
1734,Jimmy Neutron: Boy Genius,18
1735,Cloverfield,1
1735,Cloverfield,2
1735,Cloverfield,13
1735,Cloverfield,18
1736,Teenage Mutant Ninja Turtles II: The Secret of the Ooze,1
1736,Teenage Mutant Ninja Turtles II: The Secret of the Ooze,2
1736,Teenage Mutant Ninja Turtles II: The Secret of the Ooze,5
1736,Teenage Mutant Ninja Turtles II: The Secret of the Ooze,9
1736,Teenage Mutant Ninja Turtles II: The Secret of the Ooze,18
1737,The Untouchables,6
1737,The Untouchables,8
1737,The Untouchables,20
1738,No Country for Old Men,6
1738,No Country for Old Men,8
1738,No Country for Old Men,20
1739,Ride Along,1
1739,Ride Along,5
1739,Ride Along,6
1739,Ride Along,17
1740,Bridget Jones's Diary,5
1740,Bridget Jones's Diary,8
1740,Bridget Jones's Diary,17
1741,Chocolat,8
1741,Chocolat,17
1742,"Legally Blonde 2: Red, White & Blonde",5
1743,Parental Guidance,5
1743,Parental Guidance,9
1744,No Strings Attached,5
1744,No Strings Attached,17
1745,Tombstone,1
1745,Tombstone,4
1745,Tombstone,8
1745,Tombstone,12
1745,Tombstone,17
1745,Tombstone,22
1746,Romeo Must Die,1
1746,Romeo Must Die,6
1746,Romeo Must Die,20
1747,Final Destination 3,13
1748,The Lucky One,8
1748,The Lucky One,17
1749,Bridge to Terabithia,2
1749,Bridge to Terabithia,8
1749,Bridge to Terabithia,9
1749,Bridge to Terabithia,10
1750,Finding Neverland,4
1750,Finding Neverland,8
1750,Finding Neverland,9
1751,A Madea Christmas,5
1751,A Madea Christmas,8
1752,The Grey,1
1752,The Grey,2
1752,The Grey,8
1752,The Grey,20
1753,Hide and Seek,8
1753,Hide and Seek,13
1753,Hide and Seek,16
1753,Hide and Seek,20
1754,Anchorman: The Legend of Ron Burgundy,5
1755,Goodfellas,4
1755,Goodfellas,6
1755,Goodfellas,8
1756,Agent Cody Banks,1
1756,Agent Cody Banks,2
1756,Agent Cody Banks,5
1756,Agent Cody Banks,6
1756,Agent Cody Banks,9
1756,Agent Cody Banks,17
1756,Agent Cody Banks,20
1757,Nanny McPhee,5
1757,Nanny McPhee,9
1757,Nanny McPhee,10
1758,Scarface,6
1758,Scarface,8
1759,Nothing to Lose,1
1759,Nothing to Lose,2
1759,Nothing to Lose,5
1759,Nothing to Lose,6
1760,The Last Emperor,4
1760,The Last Emperor,8
1760,The Last Emperor,12
1761,Contraband,1
1761,Contraband,6
1761,Contraband,8
1761,Contraband,20
1762,Money Talks,1
1762,Money Talks,5
1762,Money Talks,6
1762,Money Talks,20
1763,There Will Be Blood,8
1764,The Wild Thornberrys Movie,2
1764,The Wild Thornberrys Movie,3
1764,The Wild Thornberrys Movie,5
1764,The Wild Thornberrys Movie,9
1764,The Wild Thornberrys Movie,10
1765,Rugrats Go Wild,2
1765,Rugrats Go Wild,3
1765,Rugrats Go Wild,5
1765,Rugrats Go Wild,9
1765,Rugrats Go Wild,10
1765,Rugrats Go Wild,15
1766,Undercover Brother,1
1766,Undercover Brother,5
1767,The Sisterhood of the Traveling Pants,5
1767,The Sisterhood of the Traveling Pants,8
1767,The Sisterhood of the Traveling Pants,9
1767,The Sisterhood of the Traveling Pants,17
1768,Kiss of the Dragon,1
1768,Kiss of the Dragon,6
1768,Kiss of the Dragon,8
1768,Kiss of the Dragon,20
1769,The House Bunny,5
1769,The House Bunny,17
1770,Million Dollar Arm,4
1770,Million Dollar Arm,8
1770,Million Dollar Arm,19
1771,The Giver,8
1771,The Giver,17
1771,The Giver,18
1772,What a Girl Wants,5
1772,What a Girl Wants,8
1772,What a Girl Wants,9
1772,What a Girl Wants,17
1773,Jeepers Creepers II,13
1774,Good Luck Chuck,5
1774,Good Luck Chuck,17
1775,Cradle 2 the Grave,1
1775,Cradle 2 the Grave,6
1775,Cradle 2 the Grave,8
1775,Cradle 2 the Grave,20
1776,The Hours,8
1776,The Hours,17
1777,She's the Man,5
1777,She's the Man,17
1778,Mr. Bean's Holiday,5
1778,Mr. Bean's Holiday,9
1779,Anacondas: The Hunt for the Blood Orchid,1
1779,Anacondas: The Hunt for the Blood Orchid,2
1779,Anacondas: The Hunt for the Blood Orchid,13
1779,Anacondas: The Hunt for the Blood Orchid,20
1780,Blood Ties,6
1780,Blood Ties,8
1780,Blood Ties,20
1781,August Rush,8
1781,August Rush,14
1782,Elizabeth,4
1782,Elizabeth,8
1782,Elizabeth,12
1783,Bride of Chucky,5
1783,Bride of Chucky,10
1783,Bride of Chucky,13
1783,Bride of Chucky,17
1784,Tora! Tora! Tora!,1
1784,Tora! Tora! Tora!,8
1784,Tora! Tora! Tora!,12
1784,Tora! Tora! Tora!,21
1785,Spice World,5
1785,Spice World,9
1785,Spice World,14
1786,Dance Flick,1
1786,Dance Flick,5
1786,Dance Flick,14
1787,The Shawshank Redemption,6
1787,The Shawshank Redemption,8
1788,Crocodile Dundee in Los Angeles,2
1788,Crocodile Dundee in Los Angeles,5
1788,Crocodile Dundee in Los Angeles,6
1789,Kingpin,5
1789,Kingpin,19
1790,The Gambler,6
1790,The Gambler,8
1790,The Gambler,20
1791,August: Osage County,8
1792,A Lot Like Love,5
1792,A Lot Like Love,8
1792,A Lot Like Love,17
1793,Eddie the Eagle,4
1793,Eddie the Eagle,5
1793,Eddie the Eagle,8
1793,Eddie the Eagle,19
1794,He Got Game,8
1794,He Got Game,19
1795,Don Juan DeMarco,5
1795,Don Juan DeMarco,8
1795,Don Juan DeMarco,17
1796,The Losers,1
1796,The Losers,6
1796,The Losers,8
1796,The Losers,16
1796,The Losers,20
1797,Don't Be Afraid of the Dark,10
1797,Don't Be Afraid of the Dark,13
1797,Don't Be Afraid of the Dark,20
1798,War,1
1798,War,6
1798,War,20
1799,Punch-Drunk Love,5
1799,Punch-Drunk Love,8
1799,Punch-Drunk Love,17
1799,Punch-Drunk Love,20
1800,EuroTrip,5
1801,Half Past Dead,1
1801,Half Past Dead,6
1801,Half Past Dead,20
1802,Unaccompanied Minors,2
1802,Unaccompanied Minors,5
1802,Unaccompanied Minors,9
1802,Unaccompanied Minors,17
1803,"Bright Lights, Big City",8
1804,The Adventures of Pinocchio,2
1804,The Adventures of Pinocchio,9
1804,The Adventures of Pinocchio,10
1804,The Adventures of Pinocchio,15
1805,The Box,8
1805,The Box,10
1805,The Box,16
1805,The Box,20
1806,The Ruins,13
1807,The Next Best Thing,5
1807,The Next Best Thing,8
1807,The Next Best Thing,17
1808,My Soul to Take,13
1808,My Soul to Take,16
1808,My Soul to Take,20
1809,The Girl Next Door,5
1809,The Girl Next Door,8
1809,The Girl Next Door,17
1810,Maximum Risk,1
1810,Maximum Risk,6
1810,Maximum Risk,16
1810,Maximum Risk,17
1810,Maximum Risk,20
1811,Stealing Harvard,5
1811,Stealing Harvard,6
1812,Legend,4
1812,Legend,6
1812,Legend,8
1812,Legend,12
1812,Legend,20
1813,Shark Night 3D,13
1813,Shark Night 3D,20
1814,Angela's Ashes,8
1815,Draft Day,8
1815,Draft Day,19
1816,The Conspirator,6
1816,The Conspirator,8
1816,The Conspirator,12
1817,Lords of Dogtown,4
1817,Lords of Dogtown,8
1817,Lords of Dogtown,19
1818,The 33,4
1818,The 33,8
1818,The 33,12
1819,Big Trouble in Little China,1
1819,Big Trouble in Little China,2
1819,Big Trouble in Little China,5
1819,Big Trouble in Little China,10
1820,Warrior,8
1820,Warrior,19
1821,Michael Collins,4
1821,Michael Collins,8
1821,Michael Collins,20
1821,Michael Collins,21
1822,Gettysburg,8
1822,Gettysburg,12
1822,Gettysburg,21
1823,Stop-Loss,8
1823,Stop-Loss,21
1824,Abandon,8
1824,Abandon,14
1824,Abandon,16
1824,Abandon,17
1824,Abandon,20
1825,Brokedown Palace,8
1825,Brokedown Palace,16
1825,Brokedown Palace,20
1826,The Possession,13
1826,The Possession,20
1827,Mrs. Winterbourne,5
1827,Mrs. Winterbourne,8
1827,Mrs. Winterbourne,17
1828,Straw Dogs,1
1828,Straw Dogs,8
1828,Straw Dogs,20
1829,The Hoax,5
1829,The Hoax,8
1830,Stone Cold,1
1830,Stone Cold,6
1830,Stone Cold,8
1830,Stone Cold,20
1831,The Road,2
1831,The Road,8
1832,Underclassman,1
1832,Underclassman,5
1832,Underclassman,6
1832,Underclassman,8
1832,Underclassman,20
1833,Say It Isn't So,5
1833,Say It Isn't So,17
1834,The World's Fastest Indian,4
1834,The World's Fastest Indian,8
1834,The World's Fastest Indian,19
1835,Tank Girl,1
1835,Tank Girl,5
1835,Tank Girl,18
1836,King's Ransom,5
1836,King's Ransom,6
1837,Blindness,8
1837,Blindness,16
1837,Blindness,18
1837,Blindness,20
1838,BloodRayne,1
1838,BloodRayne,2
1838,BloodRayne,10
1838,BloodRayne,13
1839,Where the Truth Lies,6
1839,Where the Truth Lies,8
1839,Where the Truth Lies,16
1839,Where the Truth Lies,20
1840,Without Limits,4
1840,Without Limits,8
1840,Without Limits,19
1841,Me and Orson Welles,8
1842,The Best Offer,6
1842,The Best Offer,8
1842,The Best Offer,16
1842,The Best Offer,17
1843,Bad Lieutenant: Port of Call New Orleans,6
1843,Bad Lieutenant: Port of Call New Orleans,8
1844,Little White Lies,5
1844,Little White Lies,8
1845,Love Ranch,5
1845,Love Ranch,8
1845,Love Ranch,17
1845,Love Ranch,19
1846,The Counselor,6
1846,The Counselor,8
1846,The Counselor,20
1847,Dangerous Liaisons,8
1847,Dangerous Liaisons,17
1848,On the Road,2
1848,On the Road,8
1849,Star Trek IV: The Voyage Home,2
1849,Star Trek IV: The Voyage Home,5
1849,Star Trek IV: The Voyage Home,18
1850,Rocky Balboa,8
1850,Rocky Balboa,19
1851,Scream 2,13
1851,Scream 2,16
1852,Jane Got a Gun,1
1852,Jane Got a Gun,8
1852,Jane Got a Gun,22
1853,Think Like a Man Too,5
1853,Think Like a Man Too,17
1854,The Whole Nine Yards,5
1854,The Whole Nine Yards,6
1855,Footloose,8
1855,Footloose,14
1855,Footloose,17
1856,Old School,5
1857,The Fisher King,5
1857,The Fisher King,8
1857,The Fisher King,10
1858,I Still Know What You Did Last Summer,13
1858,I Still Know What You Did Last Summer,16
1859,Return to Me,5
1859,Return to Me,8
1859,Return to Me,17
1860,Zack and Miri Make a Porno,5
1860,Zack and Miri Make a Porno,17
1861,Nurse Betty,5
1861,Nurse Betty,6
1861,Nurse Betty,8
1862,The Men Who Stare at Goats,5
1862,The Men Who Stare at Goats,21
1863,Double Take,1
1863,Double Take,5
1863,Double Take,6
1863,Double Take,20
1864,"Girl, Interrupted",4
1864,"Girl, Interrupted",8
1865,Win a Date with Tad Hamilton!,5
1865,Win a Date with Tad Hamilton!,17
1866,Muppets from Space,2
1866,Muppets from Space,5
1866,Muppets from Space,9
1866,Muppets from Space,10
1866,Muppets from Space,14
1866,Muppets from Space,18
1867,The Wiz,2
1867,The Wiz,9
1867,The Wiz,10
1867,The Wiz,14
1867,The Wiz,15
1868,Ready to Rumble,5
1868,Ready to Rumble,19
1869,Play It to the Bone,5
1869,Play It to the Bone,8
1869,Play It to the Bone,19
1870,I Don't Know How She Does It,5
1870,I Don't Know How She Does It,17
1871,Piranha 3D,5
1871,Piranha 3D,13
1872,Beyond the Sea,4
1872,Beyond the Sea,8
1872,Beyond the Sea,14
1872,Beyond the Sea,15
1873,The Princess and the Cobbler,1
1873,The Princess and the Cobbler,2
1873,The Princess and the Cobbler,3
1873,The Princess and the Cobbler,5
1873,The Princess and the Cobbler,10
1874,The Bridge of San Luis Rey,8
1874,The Bridge of San Luis Rey,17
1875,Faster,1
1875,Faster,6
1875,Faster,8
1875,Faster,20
1876,Howl's Moving Castle,2
1876,Howl's Moving Castle,3
1876,Howl's Moving Castle,9
1876,Howl's Moving Castle,10
1877,Zombieland,2
1877,Zombieland,5
1877,Zombieland,13
1877,Zombieland,18
1878,The Waterboy,5
1878,The Waterboy,19
1879,Star Wars: Episode V - The Empire Strikes Back,1
1879,Star Wars: Episode V - The Empire Strikes Back,2
1879,Star Wars: Episode V - The Empire Strikes Back,10
1879,Star Wars: Episode V - The Empire Strikes Back,18
1880,Bad Boys,1
1880,Bad Boys,5
1880,Bad Boys,6
1880,Bad Boys,8
1880,Bad Boys,20
1881,The Naked Gun 2½: The Smell of Fear,5
1881,The Naked Gun 2½: The Smell of Fear,6
1882,Final Destination,13
1882,Final Destination,20
1883,The Ides of March,8
1884,Pitch Black,13
1884,Pitch Black,18
1885,Someone Like You...,5
1885,Someone Like You...,17
1886,Her,8
1886,Her,17
1886,Her,18
1887,Joy Ride,16
1887,Joy Ride,20
1888,The Adventurer: The Curse of the Midas Box,2
1888,The Adventurer: The Curse of the Midas Box,9
1888,The Adventurer: The Curse of the Midas Box,10
1889,Anywhere But Here,5
1889,Anywhere But Here,8
1890,The Crew,5
1890,The Crew,6
1891,Haywire,1
1891,Haywire,20
1892,Jaws: The Revenge,2
1892,Jaws: The Revenge,13
1892,Jaws: The Revenge,20
1893,Marvin's Room,8
1894,The Longshots,4
1894,The Longshots,5
1894,The Longshots,8
1894,The Longshots,9
1894,The Longshots,19
1895,The End of the Affair,8
1895,The End of the Affair,17
1896,Harley Davidson and the Marlboro Man,1
1896,Harley Davidson and the Marlboro Man,6
1896,Harley Davidson and the Marlboro Man,8
1896,Harley Davidson and the Marlboro Man,20
1896,Harley Davidson and the Marlboro Man,22
1897,Coco Before Chanel,4
1897,Coco Before Chanel,8
1898,Chéri,5
1898,Chéri,8
1898,Chéri,17
1899,Vanity Fair,8
1900,1408,10
1900,1408,13
1901,Spaceballs,2
1901,Spaceballs,5
1901,Spaceballs,18
1902,The Water Diviner,8
1902,The Water Diviner,21
1903,Ghost,8
1903,Ghost,10
1903,Ghost,17
1903,Ghost,20
1904,There's Something About Mary,5
1904,There's Something About Mary,17
1905,The Santa Clause,5
1905,The Santa Clause,8
1905,The Santa Clause,9
1905,The Santa Clause,10
1906,The Rookie,8
1906,The Rookie,9
1906,The Rookie,19
1907,The Game Plan,5
1907,The Game Plan,9
1907,The Game Plan,19
1908,The Bridges of Madison County,8
1908,The Bridges of Madison County,17
1909,The Animal,5
1909,The Animal,18
1910,The Hundred-Foot Journey,5
1910,The Hundred-Foot Journey,8
1911,The Net,1
1911,The Net,6
1911,The Net,8
1911,The Net,16
1911,The Net,20
1912,I Am Sam,8
1913,Son of God,4
1913,Son of God,8
1913,Son of God,12
1914,Underworld,1
1914,Underworld,10
1914,Underworld,20
1915,Derailed,8
1915,Derailed,20
1916,The Informant!,5
1916,The Informant!,6
1916,The Informant!,8
1916,The Informant!,20
1917,Shadowlands,4
1917,Shadowlands,8
1917,Shadowlands,17
1918,Deuce Bigalow: European Gigolo,5
1919,Delivery Man,5
1919,Delivery Man,8
1920,Saving Silverman,5
1920,Saving Silverman,6
1920,Saving Silverman,17
1921,Diary of a Wimpy Kid: Dog Days,5
1921,Diary of a Wimpy Kid: Dog Days,9
1922,Summer of Sam,6
1922,Summer of Sam,8
1922,Summer of Sam,17
1922,Summer of Sam,20
1923,Jay and Silent Bob Strike Back,5
1924,The Glass House,6
1924,The Glass House,8
1924,The Glass House,16
1924,The Glass House,20
1925,"Hail, Caesar!",5
1925,"Hail, Caesar!",16
1926,Josie and the Pussycats,5
1926,Josie and the Pussycats,14
1927,Homefront,1
1927,Homefront,6
1927,Homefront,8
1927,Homefront,20
1928,The Little Vampire,2
1928,The Little Vampire,5
1928,The Little Vampire,9
1928,The Little Vampire,10
1929,I Heart Huckabees,5
1930,RoboCop 3,1
1930,RoboCop 3,6
1930,RoboCop 3,18
1930,RoboCop 3,20
1931,Megiddo: The Omega Code 2,1
1931,Megiddo: The Omega Code 2,2
1931,Megiddo: The Omega Code 2,10
1931,Megiddo: The Omega Code 2,18
1931,Megiddo: The Omega Code 2,20
1932,Darling Lili,5
1932,Darling Lili,8
1932,Darling Lili,15
1932,Darling Lili,17
1932,Darling Lili,21
1933,Dudley Do-Right,5
1933,Dudley Do-Right,9
1933,Dudley Do-Right,17
1934,The Transporter Refueled,1
1934,The Transporter Refueled,6
1934,The Transporter Refueled,20
1935,Black Book,8
1935,Black Book,20
1935,Black Book,21
1936,Joyeux Noel,8
1936,Joyeux Noel,12
1936,Joyeux Noel,14
1936,Joyeux Noel,17
1936,Joyeux Noel,21
1937,Hit and Run,1
1937,Hit and Run,5
1937,Hit and Run,17
1938,Mad Money,5
1938,Mad Money,6
1938,Mad Money,20
1939,Before I Go to Sleep,8
1939,Before I Go to Sleep,16
1939,Before I Go to Sleep,20
1940,Stone,8
1940,Stone,20
1941,Molière,5
1941,Molière,12
1942,Out of the Furnace,6
1942,Out of the Furnace,8
1942,Out of the Furnace,20
1943,Michael Clayton,6
1943,Michael Clayton,8
1943,Michael Clayton,16
1943,Michael Clayton,20
1944,My Fellow Americans,2
1944,My Fellow Americans,5
1945,Arlington Road,6
1945,Arlington Road,8
1945,Arlington Road,20
1946,To Rome with Love,5
1946,To Rome with Love,17
1947,Firefox,1
1947,Firefox,2
1947,Firefox,20
1948,South Park: Bigger Longer & Uncut,3
1948,South Park: Bigger Longer & Uncut,5
1948,South Park: Bigger Longer & Uncut,10
1948,South Park: Bigger Longer & Uncut,15
1949,Death at a Funeral,5
1950,Teenage Mutant Ninja Turtles III,1
1950,Teenage Mutant Ninja Turtles III,2
1950,Teenage Mutant Ninja Turtles III,5
1950,Teenage Mutant Ninja Turtles III,9
1950,Teenage Mutant Ninja Turtles III,10
1950,Teenage Mutant Ninja Turtles III,18
1951,Hardball,8
1951,Hardball,19
1952,Silver Linings Playbook,5
1952,Silver Linings Playbook,8
1952,Silver Linings Playbook,17
1953,Freedom Writers,4
1953,Freedom Writers,6
1953,Freedom Writers,8
1954,The Transporter,1
1954,The Transporter,6
1954,The Transporter,20
1955,Never Back Down,1
1955,Never Back Down,8
1955,Never Back Down,19
1956,The Rage: Carrie 2,13
1956,The Rage: Carrie 2,18
1956,The Rage: Carrie 2,20
1957,Away We Go,5
1957,Away We Go,8
1957,Away We Go,17
1958,Swing Vote,5
1958,Swing Vote,8
1959,Moonlight Mile,8
1959,Moonlight Mile,17
1960,Tinker Tailor Soldier Spy,8
1960,Tinker Tailor Soldier Spy,16
1960,Tinker Tailor Soldier Spy,20
1961,Molly,5
1961,Molly,8
1961,Molly,17
1962,The Beaver,8
1963,The Best Little Whorehouse in Texas,5
1963,The Best Little Whorehouse in Texas,15
1964,eXistenZ,13
1964,eXistenZ,18
1964,eXistenZ,20
1965,Raiders of the Lost Ark,1
1965,Raiders of the Lost Ark,2
1966,Home Alone 2: Lost in New York,2
1966,Home Alone 2: Lost in New York,5
1966,Home Alone 2: Lost in New York,9
1967,Close Encounters of the Third Kind,8
1967,Close Encounters of the Third Kind,18
1968,Pulse,8
1968,Pulse,13
1968,Pulse,18
1968,Pulse,20
1969,Beverly Hills Cop II,1
1969,Beverly Hills Cop II,5
1969,Beverly Hills Cop II,6
1969,Beverly Hills Cop II,20
1970,Bringing Down the House,5
1971,The Silence of the Lambs,6
1971,The Silence of the Lambs,8
1971,The Silence of the Lambs,13
1971,The Silence of the Lambs,20
1972,Wayne's World,5
1972,Wayne's World,14
1973,Jackass 3D,1
1973,Jackass 3D,5
1973,Jackass 3D,7
1974,Jaws 2,2
1974,Jaws 2,13
1974,Jaws 2,20
1975,Beverly Hills Chihuahua,2
1975,Beverly Hills Chihuahua,5
1975,Beverly Hills Chihuahua,8
1975,Beverly Hills Chihuahua,9
1975,Beverly Hills Chihuahua,17
1976,The Conjuring,13
1976,The Conjuring,16
1976,The Conjuring,20
1977,Are We There Yet?,2
1977,Are We There Yet?,5
1977,Are We There Yet?,9
1977,Are We There Yet?,17
1978,Tammy,5
1979,School of Rock,5
1979,School of Rock,14
1980,Mortal Kombat,1
1980,Mortal Kombat,2
1980,Mortal Kombat,10
1980,Mortal Kombat,18
1980,Mortal Kombat,20
1981,White Chicks,5
1981,White Chicks,6
1982,The Descendants,5
1982,The Descendants,8
1983,Holes,2
1983,Holes,5
1983,Holes,8
1983,Holes,9
1983,Holes,16
1984,The Last Song,8
1984,The Last Song,9
1984,The Last Song,14
1984,The Last Song,17
1985,12 Years a Slave,4
1985,12 Years a Slave,8
1985,12 Years a Slave,12
1986,Drumline,5
1986,Drumline,8
1986,Drumline,14
1986,Drumline,17
1987,Why Did I Get Married Too?,5
1987,Why Did I Get Married Too?,8
1987,Why Did I Get Married Too?,17
1988,Edward Scissorhands,10
1988,Edward Scissorhands,17
1989,Me Before You,8
1989,Me Before You,17
1990,Madea's Witness Protection,5
1990,Madea's Witness Protection,6
1990,Madea's Witness Protection,8
1991,Date Movie,5
1991,Date Movie,17
1992,Return to Never Land,2
1992,Return to Never Land,3
1992,Return to Never Land,9
1992,Return to Never Land,10
1993,Selma,4
1993,Selma,8
1993,Selma,12
1994,The Jungle Book 2,2
1994,The Jungle Book 2,3
1994,The Jungle Book 2,9
1994,The Jungle Book 2,15
1995,Boogeyman,8
1995,Boogeyman,13
1995,Boogeyman,16
1995,Boogeyman,20
1996,Premonition,8
1996,Premonition,16
1996,Premonition,20
1997,The Tigger Movie,3
1997,The Tigger Movie,5
1997,The Tigger Movie,8
1997,The Tigger Movie,9
1997,The Tigger Movie,15
1998,Max,2
1998,Max,9
1999,Epic Movie,2
1999,Epic Movie,5
2000,Spotlight,4
2000,Spotlight,6
2000,Spotlight,8
2000,Spotlight,12
2001,Lakeview Terrace,6
2001,Lakeview Terrace,8
2001,Lakeview Terrace,20
2002,The Grudge 2,13
2002,The Grudge 2,20
2003,How Stella Got Her Groove Back,5
2003,How Stella Got Her Groove Back,8
2003,How Stella Got Her Groove Back,17
2004,Bill & Ted's Bogus Journey,2
2004,Bill & Ted's Bogus Journey,5
2004,Bill & Ted's Bogus Journey,10
2004,Bill & Ted's Bogus Journey,14
2004,Bill & Ted's Bogus Journey,18
2005,Man of the Year,5
2005,Man of the Year,8
2005,Man of the Year,17
2005,Man of the Year,20
2006,The American,6
2006,The American,8
2006,The American,20
2007,Selena,4
2007,Selena,8
2007,Selena,14
2008,Vampires Suck,5
2009,Babel,8
2010,This Is Where I Leave You,5
2010,This Is Where I Leave You,8
2011,Doubt,8
2011,Doubt,16
2012,Team America: World Police,1
2012,Team America: World Police,5
2013,Texas Chainsaw 3D,13
2013,Texas Chainsaw 3D,20
2014,Copycat,6
2014,Copycat,8
2014,Copycat,16
2014,Copycat,20
2015,Scary Movie 5,5
2016,Milk,4
2016,Milk,8
2016,Milk,12
2017,Risen,1
2017,Risen,2
2017,Risen,8
2017,Risen,16
2018,Ghost Ship,13
2019,A Very Harold & Kumar 3D Christmas,2
2019,A Very Harold & Kumar 3D Christmas,5
2020,Wild Things,6
2020,Wild Things,8
2020,Wild Things,16
2020,Wild Things,20
2021,The Debt,8
2021,The Debt,20
2022,High Fidelity,5
2022,High Fidelity,8
2022,High Fidelity,14
2022,High Fidelity,17
2023,One Missed Call,13
2023,One Missed Call,16
2024,Eye for an Eye,6
2024,Eye for an Eye,8
2024,Eye for an Eye,20
2025,The Bank Job,6
2025,The Bank Job,8
2025,The Bank Job,17
2025,The Bank Job,20
2026,Eternal Sunshine of the Spotless Mind,8
2026,Eternal Sunshine of the Spotless Mind,10
2026,Eternal Sunshine of the Spotless Mind,17
2026,Eternal Sunshine of the Spotless Mind,18
2027,You Again,5
2027,You Again,9
2027,You Again,17
2028,Street Kings,1
2028,Street Kings,6
2028,Street Kings,8
2028,Street Kings,20
2029,The World's End,1
2029,The World's End,5
2029,The World's End,18
2030,Nancy Drew,5
2030,Nancy Drew,6
2030,Nancy Drew,9
2030,Nancy Drew,16
2030,Nancy Drew,17
2030,Nancy Drew,20
2031,Daybreakers,1
2031,Daybreakers,13
2031,Daybreakers,18
2031,Daybreakers,20
2032,She's Out of My League,5
2032,She's Out of My League,17
2033,Monte Carlo,2
2033,Monte Carlo,5
2033,Monte Carlo,9
2033,Monte Carlo,17
2034,Stay Alive,13
2034,Stay Alive,20
2035,Quigley Down Under,1
2035,Quigley Down Under,2
2035,Quigley Down Under,8
2035,Quigley Down Under,17
2035,Quigley Down Under,22
2036,Alpha and Omega,2
2036,Alpha and Omega,3
2036,Alpha and Omega,5
2036,Alpha and Omega,9
2036,Alpha and Omega,17
2037,The Covenant,1
2037,The Covenant,10
2037,The Covenant,13
2037,The Covenant,20
2038,Shorts,5
2038,Shorts,9
2038,Shorts,10
2039,To Die For,5
2039,To Die For,6
2039,To Die For,8
2040,Vampires,1
2040,Vampires,13
2040,Vampires,20
2041,Psycho,13
2041,Psycho,16
2041,Psycho,20
2042,My Best Friend's Girl,5
2042,My Best Friend's Girl,17
2043,Endless Love,8
2043,Endless Love,17
2044,Georgia Rule,5
2044,Georgia Rule,8
2045,Under the Rainbow,5
2046,Simon Birch,5
2046,Simon Birch,8
2046,Simon Birch,9
2047,Reign Over Me,8
2048,Into the Wild,2
2048,Into the Wild,4
2048,Into the Wild,8
2049,School for Scoundrels,5
2050,Silent Hill: Revelation 3D,2
2050,Silent Hill: Revelation 3D,8
2050,Silent Hill: Revelation 3D,13
2050,Silent Hill: Revelation 3D,16
2050,Silent Hill: Revelation 3D,20
2051,From Dusk Till Dawn,6
2051,From Dusk Till Dawn,10
2051,From Dusk Till Dawn,13
2052,Pooh's Heffalump Movie,3
2052,Pooh's Heffalump Movie,9
2052,Pooh's Heffalump Movie,10
2052,Pooh's Heffalump Movie,16
2053,Home for the Holidays,5
2053,Home for the Holidays,8
2053,Home for the Holidays,17
2054,Kung Fu Hustle,1
2054,Kung Fu Hustle,5
2054,Kung Fu Hustle,6
2054,Kung Fu Hustle,10
2055,The Country Bears,5
2055,The Country Bears,9
2055,The Country Bears,14
2055,The Country Bears,15
2056,The Kite Runner,8
2057,21 Grams,8
2058,Paparazzi,1
2058,Paparazzi,6
2058,Paparazzi,8
2058,Paparazzi,20
2059,A Guy Thing,5
2059,A Guy Thing,17
2060,Loser,5
2060,Loser,17
2061,The Greatest Story Ever Told,4
2061,The Greatest Story Ever Told,8
2061,The Greatest Story Ever Told,12
2062,Disaster Movie,5
2063,Armored,1
2063,Armored,6
2063,Armored,20
2064,The Man Who Knew Too Little,1
2064,The Man Who Knew Too Little,5
2064,The Man Who Knew Too Little,6
2064,The Man Who Knew Too Little,20
2065,What's Your Number?,5
2065,What's Your Number?,17
2066,Lockout,1
2066,Lockout,2
2066,Lockout,18
2066,Lockout,20
2067,Envy,5
2068,Crank: High Voltage,1
2068,Crank: High Voltage,6
2068,Crank: High Voltage,18
2068,Crank: High Voltage,20
2069,Bullets Over Broadway,5
2069,Bullets Over Broadway,6
2070,One Night with the King,4
2070,One Night with the King,8
2070,One Night with the King,12
2071,The Quiet American,8
2071,The Quiet American,16
2071,The Quiet American,17
2071,The Quiet American,20
2071,The Quiet American,21
2072,The Weather Man,5
2072,The Weather Man,8
2073,Undisputed,1
2073,Undisputed,6
2073,Undisputed,8
2073,Undisputed,19
2074,Ghost Town,5
2074,Ghost Town,8
2074,Ghost Town,10
2074,Ghost Town,17
2075,12 Rounds,1
2075,12 Rounds,6
2075,12 Rounds,20
2076,Let Me In,8
2076,Let Me In,10
2076,Let Me In,13
2076,Let Me In,16
2077,3 Ninjas Kick Back,1
2077,3 Ninjas Kick Back,5
2077,3 Ninjas Kick Back,9
2078,Be Kind Rewind,5
2079,Mrs Henderson Presents,5
2079,Mrs Henderson Presents,8
2079,Mrs Henderson Presents,14
2079,Mrs Henderson Presents,21
2080,Triple 9,1
2080,Triple 9,6
2080,Triple 9,8
2080,Triple 9,20
2081,Deconstructing Harry,5
2082,Three to Tango,5
2082,Three to Tango,17
2083,Burnt,5
2083,Burnt,8
2084,We're No Angels,5
2084,We're No Angels,6
2085,Everyone Says I Love You,5
2085,Everyone Says I Love You,15
2085,Everyone Says I Love You,17
2086,Death Sentence,1
2086,Death Sentence,6
2086,Death Sentence,20
2087,Everybody's Fine,2
2087,Everybody's Fine,8
2088,Superbabies: Baby Geniuses 2,5
2088,Superbabies: Baby Geniuses 2,9
2088,Superbabies: Baby Geniuses 2,18
2089,The Man,1
2089,The Man,5
2089,The Man,6
2090,Code Name: The Cleaner,1
2090,Code Name: The Cleaner,5
2090,Code Name: The Cleaner,6
2091,Connie and Carla,5
2091,Connie and Carla,6
2091,Connie and Carla,14
2092,Inherent Vice,5
2092,Inherent Vice,6
2092,Inherent Vice,8
2092,Inherent Vice,16
2092,Inherent Vice,17
2093,Doogal,2
2093,Doogal,3
2093,Doogal,5
2093,Doogal,9
2093,Doogal,10
2094,Battle of the Year,8
2094,Battle of the Year,14
2095,An American Carol,5
2095,An American Carol,10
2096,Machete Kills,1
2096,Machete Kills,5
2096,Machete Kills,6
2096,Machete Kills,20
2097,Willard,8
2097,Willard,13
2097,Willard,18
2097,Willard,20
2098,Strange Wilderness,2
2098,Strange Wilderness,5
2099,Topsy-Turvy,4
2099,Topsy-Turvy,5
2099,Topsy-Turvy,8
2099,Topsy-Turvy,12
2099,Topsy-Turvy,14
2099,Topsy-Turvy,15
2100,A Dangerous Method,4
2100,A Dangerous Method,8
2100,A Dangerous Method,20
2101,A Scanner Darkly,3
2101,A Scanner Darkly,8
2101,A Scanner Darkly,16
2101,A Scanner Darkly,18
2101,A Scanner Darkly,20
2102,Chasing Mavericks,4
2102,Chasing Mavericks,8
2102,Chasing Mavericks,19
2103,Alone in the Dark,13
2103,Alone in the Dark,18
2104,Bandslam,5
2104,Bandslam,8
2104,Bandslam,9
2104,Bandslam,14
2104,Bandslam,17
2105,Birth,8
2105,Birth,16
2105,Birth,17
2105,Birth,20
2106,A Most Violent Year,1
2106,A Most Violent Year,6
2106,A Most Violent Year,8
2106,A Most Violent Year,20
2107,Flash of Genius,4
2107,Flash of Genius,8
2108,I'm Not There.,4
2108,I'm Not There.,8
2108,I'm Not There.,14
2109,The Cold Light of Day,1
2109,The Cold Light of Day,20
2110,The Brothers Bloom,2
2110,The Brothers Bloom,5
2110,The Brothers Bloom,8
2110,The Brothers Bloom,17
2111,"Synecdoche, New York",5
2111,"Synecdoche, New York",8
2111,"Synecdoche, New York",17
2112,Princess Mononoke,2
2112,Princess Mononoke,3
2112,Princess Mononoke,10
2113,Bon voyage,5
2113,Bon voyage,8
2113,Bon voyage,16
2113,Bon voyage,17
2113,Bon voyage,20
2113,Bon voyage,21
2114,Can't Stop the Music,4
2114,Can't Stop the Music,5
2114,Can't Stop the Music,15
2115,The Proposition,6
2115,The Proposition,8
2115,The Proposition,22
2116,Courage,4
2116,Courage,8
2116,Courage,19
2117,Marci X,5
2117,Marci X,14
2118,Equilibrium,1
2118,Equilibrium,8
2118,Equilibrium,18
2118,Equilibrium,20
2119,The Children of Huang Shi,8
2119,The Children of Huang Shi,21
2120,The Yards,6
2120,The Yards,8
2120,The Yards,17
2120,The Yards,20
2121,By the Sea,8
2121,By the Sea,17
2122,Steamboy,1
2122,Steamboy,2
2122,Steamboy,3
2122,Steamboy,9
2122,Steamboy,18
2122,Steamboy,20
2123,The Game of Their Lives,8
2123,The Game of Their Lives,12
2123,The Game of Their Lives,19
2124,Rapa Nui,1
2124,Rapa Nui,2
2124,Rapa Nui,8
2124,Rapa Nui,12
2124,Rapa Nui,17
2125,Dylan Dog: Dead of Night,1
2125,Dylan Dog: Dead of Night,5
2125,Dylan Dog: Dead of Night,6
2125,Dylan Dog: Dead of Night,10
2125,Dylan Dog: Dead of Night,13
2125,Dylan Dog: Dead of Night,16
2125,Dylan Dog: Dead of Night,18
2125,Dylan Dog: Dead of Night,20
2126,People I Know,6
2126,People I Know,8
2126,People I Know,16
2127,The Tempest,5
2127,The Tempest,8
2127,The Tempest,10
2127,The Tempest,17
2128,The Painted Veil,8
2128,The Painted Veil,17
2129,The Baader Meinhof Complex,1
2129,The Baader Meinhof Complex,4
2129,The Baader Meinhof Complex,6
2129,The Baader Meinhof Complex,8
2130,Dances with Wolves,2
2130,Dances with Wolves,8
2130,Dances with Wolves,22
2131,Bad Teacher,5
2132,Sea of Love,6
2132,Sea of Love,8
2132,Sea of Love,16
2132,Sea of Love,20
2133,A Cinderella Story,5
2133,A Cinderella Story,9
2133,A Cinderella Story,17
2134,Scream,13
2134,Scream,16
2135,Thir13en Ghosts,13
2136,Back to the Future,2
2136,Back to the Future,5
2136,Back to the Future,18
2137,House on Haunted Hill,13
2137,House on Haunted Hill,16
2137,House on Haunted Hill,20
2138,I Can Do Bad All by Myself,5
2138,I Can Do Bad All by Myself,8
2139,The Switch,5
2139,The Switch,8
2139,The Switch,17
2140,Just Married,5
2140,Just Married,17
2141,The Devil's Double,4
2141,The Devil's Double,8
2141,The Devil's Double,20
2142,Thomas and the Magic Railroad,2
2142,Thomas and the Magic Railroad,5
2142,Thomas and the Magic Railroad,8
2142,Thomas and the Magic Railroad,9
2142,Thomas and the Magic Railroad,10
2143,The Crazies,13
2143,The Crazies,20
2144,Spirited Away,2
2144,Spirited Away,3
2144,Spirited Away,9
2144,Spirited Away,10
2145,The Bounty,1
2145,The Bounty,2
2145,The Bounty,8
2145,The Bounty,12
2145,The Bounty,17
2146,The Book Thief,8
2146,The Book Thief,21
2147,Sex Drive,2
2147,Sex Drive,5
2147,Sex Drive,17
2148,Leap Year,5
2148,Leap Year,17
2149,Take Me Home Tonight,5
2149,Take Me Home Tonight,8
2149,Take Me Home Tonight,17
2150,The Nutcracker,9
2150,The Nutcracker,10
2150,The Nutcracker,14
2151,Kansas City,6
2151,Kansas City,8
2151,Kansas City,14
2151,Kansas City,20
2152,The Amityville Horror,8
2152,The Amityville Horror,13
2152,The Amityville Horror,16
2152,The Amityville Horror,20
2153,Adaptation.,5
2153,Adaptation.,8
2154,Land of the Dead,13
2155,Fear and Loathing in Las Vegas,2
2155,Fear and Loathing in Las Vegas,5
2155,Fear and Loathing in Las Vegas,8
2156,The Invention of Lying,5
2156,The Invention of Lying,10
2156,The Invention of Lying,17
2157,Neighbors,5
2158,The Mask,1
2158,The Mask,5
2158,The Mask,6
2158,The Mask,10
2159,Big,5
2159,Big,8
2159,Big,9
2159,Big,10
2159,Big,17
2160,Borat: Cultural Learnings of America for Make Benefit Glorious Nation of Kazakhstan,5
2161,Legally Blonde,5
2161,Legally Blonde,17
2162,Star Trek III: The Search for Spock,1
2162,Star Trek III: The Search for Spock,2
2162,Star Trek III: The Search for Spock,18
2163,The Exorcism of Emily Rose,8
2163,The Exorcism of Emily Rose,13
2163,The Exorcism of Emily Rose,20
2164,Deuce Bigalow: Male Gigolo,5
2164,Deuce Bigalow: Male Gigolo,17
2165,Left Behind,1
2165,Left Behind,8
2165,Left Behind,10
2165,Left Behind,16
2165,Left Behind,20
2166,The Family Stone,5
2166,The Family Stone,8
2166,The Family Stone,17
2167,Barbershop 2: Back in Business,5
2167,Barbershop 2: Back in Business,8
2168,Bad Santa,5
2168,Bad Santa,6
2168,Bad Santa,8
2169,Austin Powers: International Man of Mystery,5
2169,Austin Powers: International Man of Mystery,6
2170,My Big Fat Greek Wedding 2,5
2170,My Big Fat Greek Wedding 2,9
2170,My Big Fat Greek Wedding 2,17
2171,Diary of a Wimpy Kid: Rodrick Rules,5
2171,Diary of a Wimpy Kid: Rodrick Rules,9
2172,Predator,1
2172,Predator,13
2172,Predator,18
2173,Amadeus,4
2173,Amadeus,8
2173,Amadeus,12
2173,Amadeus,14
2174,Prom Night,13
2174,Prom Night,16
2175,Mean Girls,5
2176,Under the Tuscan Sun,5
2176,Under the Tuscan Sun,8
2176,Under the Tuscan Sun,17
2177,Gosford Park,8
2177,Gosford Park,16
2178,Peggy Sue Got Married,5
2178,Peggy Sue Got Married,8
2178,Peggy Sue Got Married,10
2178,Peggy Sue Got Married,17
2179,Birdman or (The Unexpected Virtue of Ignorance),5
2179,Birdman or (The Unexpected Virtue of Ignorance),8
2179,Birdman or (The Unexpected Virtue of Ignorance),17
2180,Blue Jasmine,8
2181,United 93,8
2181,United 93,12
2181,United 93,20
2182,Honey,8
2182,Honey,14
2182,Honey,17
2183,Spy Hard,1
2183,Spy Hard,5
2184,The Fog,10
2184,The Fog,13
2185,Soul Surfer,4
2185,Soul Surfer,8
2185,Soul Surfer,9
2185,Soul Surfer,19
2186,Observe and Report,5
2186,Observe and Report,6
2186,Observe and Report,8
2187,Conan the Destroyer,1
2187,Conan the Destroyer,2
2187,Conan the Destroyer,10
2188,Raging Bull,4
2188,Raging Bull,8
2188,Raging Bull,19
2189,Love Happens,8
2189,Love Happens,17
2190,Young Sherlock Holmes,2
2190,Young Sherlock Holmes,10
2190,Young Sherlock Holmes,16
2190,Young Sherlock Holmes,20
2191,Fame,5
2191,Fame,8
2191,Fame,15
2191,Fame,17
2192,127 Hours,2
2192,127 Hours,4
2192,127 Hours,8
2192,127 Hours,20
2193,Small Time Crooks,5
2193,Small Time Crooks,6
2194,Center Stage,8
2194,Center Stage,14
2194,Center Stage,17
2195,Love the Coopers,5
2196,Catch That Kid,5
2196,Catch That Kid,6
2197,Life as a House,8
2198,Steve Jobs,4
2198,Steve Jobs,8
2199,"I Love You, Beth Cooper",5
2199,"I Love You, Beth Cooper",17
2200,Youth in Revolt,5
2200,Youth in Revolt,8
2200,Youth in Revolt,17
2201,The Legend of the Lone Ranger,1
2201,The Legend of the Lone Ranger,2
2201,The Legend of the Lone Ranger,22
2202,The Tailor of Panama,8
2202,The Tailor of Panama,20
2203,Getaway,1
2203,Getaway,6
2203,Getaway,20
2204,The Ice Storm,8
2205,And So It Goes,5
2205,And So It Goes,8
2205,And So It Goes,17
2206,Troop Beverly Hills,2
2206,Troop Beverly Hills,5
2207,Being Julia,5
2207,Being Julia,8
2207,Being Julia,17
2208,9½ Weeks,8
2208,9½ Weeks,17
2209,Dragonslayer,1
2209,Dragonslayer,2
2209,Dragonslayer,10
2210,The Last Station,4
2210,The Last Station,8
2210,The Last Station,17
2211,Ed Wood,4
2211,Ed Wood,5
2211,Ed Wood,8
2212,Labor Day,8
2213,Mongol: The Rise of Genghis Khan,2
2213,Mongol: The Rise of Genghis Khan,4
2213,Mongol: The Rise of Genghis Khan,8
2213,Mongol: The Rise of Genghis Khan,12
2213,Mongol: The Rise of Genghis Khan,21
2214,RocknRolla,1
2214,RocknRolla,6
2214,RocknRolla,20
2215,Megaforce,1
2215,Megaforce,18
2216,Hamlet,8
2217,Midnight Special,2
2217,Midnight Special,8
2217,Midnight Special,18
2217,Midnight Special,20
2218,Anything Else,5
2218,Anything Else,17
2219,The Railway Man,4
2219,The Railway Man,8
2219,The Railway Man,17
2219,The Railway Man,21
2220,The White Ribbon,8
2220,The White Ribbon,16
2221,The Wraith,1
2221,The Wraith,13
2221,The Wraith,17
2221,The Wraith,18
2221,The Wraith,20
2222,The Salton Sea,6
2222,The Salton Sea,8
2222,The Salton Sea,16
2222,The Salton Sea,20
2223,One Man's Hero,1
2223,One Man's Hero,8
2223,One Man's Hero,12
2223,One Man's Hero,17
2223,One Man's Hero,21
2223,One Man's Hero,22
2224,Renaissance,1
2224,Renaissance,3
2224,Renaissance,18
2224,Renaissance,20
2225,Superbad,5
2226,Step Up 2: The Streets,8
2226,Step Up 2: The Streets,14
2226,Step Up 2: The Streets,15
2226,Step Up 2: The Streets,17
2227,Hoodwinked!,1
2227,Hoodwinked!,3
2227,Hoodwinked!,5
2227,Hoodwinked!,6
2227,Hoodwinked!,9
2228,Hotel Rwanda,8
2228,Hotel Rwanda,12
2228,Hotel Rwanda,21
2229,Hitman,1
2229,Hitman,6
2229,Hitman,8
2229,Hitman,20
2230,Black Nativity,8
2230,Black Nativity,9
2230,Black Nativity,14
2230,Black Nativity,15
2231,City of Ghosts,6
2231,City of Ghosts,8
2231,City of Ghosts,20
2232,The Others,10
2232,The Others,13
2232,The Others,20
2233,Aliens,1
2233,Aliens,2
2233,Aliens,18
2234,My Fair Lady,8
2234,My Fair Lady,9
2234,My Fair Lady,15
2234,My Fair Lady,17
2235,I Know What You Did Last Summer,13
2235,I Know What You Did Last Summer,16
2235,I Know What You Did Last Summer,20
2236,Let's Be Cops,5
2237,Sideways,2
2237,Sideways,5
2237,Sideways,8
2237,Sideways,17
2238,Beerfest,5
2239,Halloween,13
2239,Halloween,20
2240,Good Boy!,5
2240,Good Boy!,8
2240,Good Boy!,9
2240,Good Boy!,10
2240,Good Boy!,18
2241,The Best Man Holiday,5
2241,The Best Man Holiday,8
2242,Smokin' Aces,1
2242,Smokin' Aces,6
2242,Smokin' Aces,8
2242,Smokin' Aces,20
2243,Saw 3D: The Final Chapter,13
2243,Saw 3D: The Final Chapter,16
2244,40 Days and 40 Nights,5
2244,40 Days and 40 Nights,17
2245,A Night at the Roxbury,5
2245,A Night at the Roxbury,14
2245,A Night at the Roxbury,17
2246,Beastly,8
2246,Beastly,10
2246,Beastly,17
2247,The Hills Have Eyes,13
2248,Dickie Roberts: Former Child Star,5
2249,"McFarland, USA",4
2249,"McFarland, USA",8
2249,"McFarland, USA",19
2250,Pitch Perfect,5
2250,Pitch Perfect,14
2250,Pitch Perfect,17
2251,Summer Catch,5
2251,Summer Catch,8
2251,Summer Catch,17
2251,Summer Catch,19
2252,A Simple Plan,6
2252,A Simple Plan,8
2252,A Simple Plan,20
2253,They,13
2253,They,16
2253,They,20
2254,Larry the Cable Guy: Health Inspector,5
2254,Larry the Cable Guy: Health Inspector,17
2255,The Adventures of Elmo in Grouchland,2
2255,The Adventures of Elmo in Grouchland,5
2255,The Adventures of Elmo in Grouchland,9
2255,The Adventures of Elmo in Grouchland,10
2255,The Adventures of Elmo in Grouchland,15
2256,Brooklyn's Finest,6
2256,Brooklyn's Finest,8
2256,Brooklyn's Finest,20
2257,Evil Dead,13
2258,My Life in Ruins,5
2258,My Life in Ruins,17
2259,American Dreamz,5
2259,American Dreamz,14
2260,Superman IV: The Quest for Peace,1
2260,Superman IV: The Quest for Peace,2
2260,Superman IV: The Quest for Peace,9
2260,Superman IV: The Quest for Peace,18
2261,Running Scared,1
2261,Running Scared,6
2261,Running Scared,8
2261,Running Scared,20
2262,Shanghai Surprise,2
2262,Shanghai Surprise,6
2262,Shanghai Surprise,8
2262,Shanghai Surprise,17
2263,The Illusionist,8
2263,The Illusionist,16
2263,The Illusionist,17
2263,The Illusionist,20
2264,Roar,2
2264,Roar,13
2264,Roar,20
2265,Veronica Guerin,4
2265,Veronica Guerin,6
2265,Veronica Guerin,8
2265,Veronica Guerin,20
2266,Southland Tales,5
2266,Southland Tales,16
2266,Southland Tales,18
2266,Southland Tales,20
2267,The Apparition,13
2267,The Apparition,20
2268,My Girl,5
2268,My Girl,8
2268,My Girl,9
2268,My Girl,17
2269,Fur: An Imaginary Portrait of Diane Arbus,4
2269,Fur: An Imaginary Portrait of Diane Arbus,8
2269,Fur: An Imaginary Portrait of Diane Arbus,17
2270,Wall Street,6
2270,Wall Street,8
2271,Sense and Sensibility,8
2271,Sense and Sensibility,17
2272,Becoming Jane,4
2272,Becoming Jane,8
2272,Becoming Jane,17
2273,Sydney White,5
2273,Sydney White,17
2274,House of Sand and Fog,8
2275,Dead Poets Society,5
2275,Dead Poets Society,8
2276,Dumb & Dumber,5
2277,When Harry Met Sally...,5
2277,When Harry Met Sally...,8
2277,When Harry Met Sally...,17
2278,The Verdict,8
2279,Road Trip,5
2280,Varsity Blues,5
2280,Varsity Blues,8
2280,Varsity Blues,17
2280,Varsity Blues,19
2281,The Artist,5
2281,The Artist,8
2281,The Artist,17
2282,The Unborn,8
2282,The Unborn,10
2282,The Unborn,13
2282,The Unborn,16
2282,The Unborn,20
2283,Moonrise Kingdom,2
2283,Moonrise Kingdom,5
2283,Moonrise Kingdom,8
2283,Moonrise Kingdom,17
2284,The Texas Chainsaw Massacre: The Beginning,13
2285,The Young Messiah,8
2286,The Master of Disguise,5
2286,The Master of Disguise,9
2287,Pan's Labyrinth,8
2287,Pan's Labyrinth,10
2287,Pan's Labyrinth,21
2288,See Spot Run,1
2288,See Spot Run,5
2288,See Spot Run,6
2288,See Spot Run,9
2289,Baby Boy,6
2289,Baby Boy,8
2289,Baby Boy,17
2289,Baby Boy,20
2290,The Roommate,8
2290,The Roommate,13
2290,The Roommate,20
2291,Joe Dirt,2
2291,Joe Dirt,5
2291,Joe Dirt,8
2292,Double Impact,1
2292,Double Impact,6
2293,Hot Fuzz,1
2293,Hot Fuzz,5
2293,Hot Fuzz,16
2294,The Women,5
2294,The Women,8
2295,Vicky Cristina Barcelona,8
2295,Vicky Cristina Barcelona,17
2296,Boys and Girls,5
2296,Boys and Girls,8
2296,Boys and Girls,17
2297,White Oleander,8
2298,Jennifer's Body,5
2298,Jennifer's Body,10
2298,Jennifer's Body,13
2299,Drowning Mona,5
2299,Drowning Mona,6
2299,Drowning Mona,16
2300,Radio Days,5
2301,Remember Me,8
2301,Remember Me,17
2302,How to Deal,5
2302,How to Deal,8
2302,How to Deal,17
2303,My Stepmother Is an Alien,5
2303,My Stepmother Is an Alien,17
2303,My Stepmother Is an Alien,18
2304,Philadelphia,8
2305,The Thirteenth Floor,16
2305,The Thirteenth Floor,18
2305,The Thirteenth Floor,20
2306,Duets,5
2306,Duets,8
2306,Duets,14
2307,Hollywood Ending,5
2307,Hollywood Ending,17
2308,Detroit Rock City,5
2308,Detroit Rock City,14
2309,Highlander,1
2309,Highlander,2
2309,Highlander,10
2310,Things We Lost in the Fire,8
2311,Steel,1
2311,Steel,6
2311,Steel,18
2312,The Immigrant,8
2312,The Immigrant,17
2313,The White Countess,8
2313,The White Countess,12
2313,The White Countess,17
2313,The White Countess,21
2314,Trance,6
2314,Trance,8
2314,Trance,16
2314,Trance,20
2315,Soul Plane,5
2316,Good,8
2316,Good,17
2316,Good,21
2317,Enter the Void,8
2317,Enter the Void,10
2318,Vamps,5
2318,Vamps,13
2318,Vamps,17
2319,The Homesman,8
2319,The Homesman,22
2320,Juwanna Mann,5
2320,Juwanna Mann,8
2320,Juwanna Mann,17
2320,Juwanna Mann,19
2321,Slow Burn,8
2321,Slow Burn,16
2321,Slow Burn,20
2322,Wasabi,1
2322,Wasabi,5
2322,Wasabi,6
2322,Wasabi,8
2322,Wasabi,20
2323,Slither,5
2323,Slither,13
2323,Slither,18
2324,Beverly Hills Cop,1
2324,Beverly Hills Cop,5
2324,Beverly Hills Cop,6
2325,Home Alone,5
2325,Home Alone,9
2326,3 Men and a Baby,5
2326,3 Men and a Baby,8
2326,3 Men and a Baby,9
2327,Tootsie,5
2327,Tootsie,8
2327,Tootsie,17
2328,Top Gun,1
2328,Top Gun,8
2328,Top Gun,17
2329,"Crouching Tiger, Hidden Dragon",1
2329,"Crouching Tiger, Hidden Dragon",8
2329,"Crouching Tiger, Hidden Dragon",17
2330,American Beauty,8
2331,The King's Speech,4
2331,The King's Speech,8
2331,The King's Speech,12
2331,The King's Speech,17
2332,Twins,5
2332,Twins,6
2333,The Yellow Handkerchief,8
2333,The Yellow Handkerchief,17
2334,The Color Purple,8
2335,The Imitation Game,4
2335,The Imitation Game,8
2335,The Imitation Game,20
2335,The Imitation Game,21
2336,Private Benjamin,5
2336,Private Benjamin,21
2337,Diary of a Wimpy Kid,5
2337,Diary of a Wimpy Kid,9
2338,Mama,10
2338,Mama,13
2339,National Lampoon's Vacation,2
2339,National Lampoon's Vacation,5
2340,Bad Grandpa,5
2341,The Queen,4
2341,The Queen,8
2342,Beetlejuice,5
2342,Beetlejuice,10
2343,Why Did I Get Married?,5
2343,Why Did I Get Married?,8
2344,Little Women,8
2344,Little Women,9
2344,Little Women,17
2345,The Woman in Black,8
2345,The Woman in Black,10
2345,The Woman in Black,13
2345,The Woman in Black,20
2346,When a Stranger Calls,13
2346,When a Stranger Calls,20
2347,Big Fat Liar,2
2347,Big Fat Liar,5
2347,Big Fat Liar,9
2348,Wag the Dog,5
2348,Wag the Dog,8
2349,The Lizzie McGuire Movie,2
2349,The Lizzie McGuire Movie,5
2349,The Lizzie McGuire Movie,9
2349,The Lizzie McGuire Movie,14
2349,The Lizzie McGuire Movie,17
2350,Snitch,1
2350,Snitch,8
2350,Snitch,20
2351,Krampus,5
2351,Krampus,10
2351,Krampus,13
2352,The Faculty,13
2352,The Faculty,16
2352,The Faculty,18
2353,Cop Land,6
2353,Cop Land,8
2353,Cop Land,20
2354,Not Another Teen Movie,5
2355,End of Watch,6
2355,End of Watch,8
2355,End of Watch,20
2356,The Skulls,1
2356,The Skulls,6
2356,The Skulls,8
2356,The Skulls,20
2357,The Theory of Everything,4
2357,The Theory of Everything,8
2357,The Theory of Everything,17
2358,Malibu's Most Wanted,5
2358,Malibu's Most Wanted,6
2359,Where the Heart Is,5
2359,Where the Heart Is,8
2359,Where the Heart Is,17
2360,Lawrence of Arabia,2
2360,Lawrence of Arabia,4
2360,Lawrence of Arabia,8
2360,Lawrence of Arabia,12
2360,Lawrence of Arabia,21
2361,Halloween II,13
2362,Wild,2
2362,Wild,4
2362,Wild,8
2363,The Last House on the Left,6
2363,The Last House on the Left,13
2363,The Last House on the Left,20
2364,The Wedding Date,5
2364,The Wedding Date,17
2365,Halloween: Resurrection,5
2365,Halloween: Resurrection,13
2365,Halloween: Resurrection,20
2366,The Princess Bride,2
2366,The Princess Bride,9
2366,The Princess Bride,10
2366,The Princess Bride,17
2367,The Great Debaters,4
2367,The Great Debaters,8
2368,Drive,6
2368,Drive,8
2369,Confessions of a Teenage Drama Queen,5
2369,Confessions of a Teenage Drama Queen,9
2369,Confessions of a Teenage Drama Queen,14
2369,Confessions of a Teenage Drama Queen,17
2370,The Object of My Affection,5
2370,The Object of My Affection,8
2370,The Object of My Affection,17
2371,28 Weeks Later,8
2371,28 Weeks Later,13
2371,28 Weeks Later,18
2372,When the Game Stands Tall,8
2372,When the Game Stands Tall,9
2372,When the Game Stands Tall,19
2373,Because of Winn-Dixie,5
2373,Because of Winn-Dixie,8
2373,Because of Winn-Dixie,9
2374,Love & Basketball,8
2374,Love & Basketball,17
2374,Love & Basketball,19
2375,Grosse Pointe Blank,1
2375,Grosse Pointe Blank,5
2375,Grosse Pointe Blank,6
2375,Grosse Pointe Blank,17
2375,Grosse Pointe Blank,20
2376,All About Steve,5
2376,All About Steve,17
2377,Book of Shadows: Blair Witch 2,2
2377,Book of Shadows: Blair Witch 2,10
2377,Book of Shadows: Blair Witch 2,13
2377,Book of Shadows: Blair Witch 2,16
2377,Book of Shadows: Blair Witch 2,20
2378,The Craft,8
2378,The Craft,10
2378,The Craft,13
2378,The Craft,20
2379,Match Point,8
2379,Match Point,17
2379,Match Point,20
2380,Ramona and Beezus,2
2380,Ramona and Beezus,5
2380,Ramona and Beezus,9
2380,Ramona and Beezus,10
2381,The Remains of the Day,8
2381,The Remains of the Day,17
2382,Boogie Nights,8
2383,Nowhere to Run,1
2383,Nowhere to Run,6
2383,Nowhere to Run,8
2383,Nowhere to Run,17
2383,Nowhere to Run,20
2384,Flicka,2
2384,Flicka,8
2384,Flicka,9
2385,The Hills Have Eyes II,13
2386,Urban Legends: Final Cut,13
2386,Urban Legends: Final Cut,16
2386,Urban Legends: Final Cut,20
2387,Tuck Everlasting,8
2387,Tuck Everlasting,9
2387,Tuck Everlasting,10
2387,Tuck Everlasting,17
2388,The Marine,1
2388,The Marine,8
2388,The Marine,20
2389,Keanu,1
2389,Keanu,5
2390,Country Strong,8
2390,Country Strong,14
2391,Disturbing Behavior,13
2391,Disturbing Behavior,16
2391,Disturbing Behavior,18
2391,Disturbing Behavior,20
2392,The Place Beyond the Pines,6
2392,The Place Beyond the Pines,8
2392,The Place Beyond the Pines,20
2393,The November Man,1
2393,The November Man,6
2393,The November Man,20
2394,Eye of the Beholder,8
2394,Eye of the Beholder,16
2394,Eye of the Beholder,20
2395,The Hurt Locker,8
2395,The Hurt Locker,12
2395,The Hurt Locker,20
2395,The Hurt Locker,21
2396,Firestarter,1
2396,Firestarter,13
2396,Firestarter,18
2396,Firestarter,20
2397,Killing Them Softly,6
2397,Killing Them Softly,20
2398,A Most Wanted Man,6
2398,A Most Wanted Man,8
2398,A Most Wanted Man,20
2399,Freddy Got Fingered,5
2400,The Pirates Who Don't Do Anything: A VeggieTales Movie,2
2400,The Pirates Who Don't Do Anything: A VeggieTales Movie,3
2400,The Pirates Who Don't Do Anything: A VeggieTales Movie,5
2400,The Pirates Who Don't Do Anything: A VeggieTales Movie,9
2401,Highlander: Endgame,1
2401,Highlander: Endgame,2
2401,Highlander: Endgame,10
2401,Highlander: Endgame,18
2402,Idlewild,6
2402,Idlewild,8
2402,Idlewild,15
2402,Idlewild,17
2403,One Day,8
2403,One Day,17
2404,Whip It,8
2404,Whip It,19
2405,Confidence,6
2405,Confidence,20
2406,The Muse,5
2407,De-Lovely,4
2407,De-Lovely,8
2407,De-Lovely,14
2407,De-Lovely,15
2408,New York Stories,5
2408,New York Stories,8
2408,New York Stories,17
2409,Barney's Great Adventure,2
2409,Barney's Great Adventure,9
2410,The Man with the Iron Fists,1
2411,Home Fries,5
2411,Home Fries,8
2411,Home Fries,17
2412,Here on Earth,8
2412,Here on Earth,17
2413,Brazil,8
2413,Brazil,18
2414,Raise Your Voice,9
2414,Raise Your Voice,14
2414,Raise Your Voice,17
2415,The Big Lebowski,5
2415,The Big Lebowski,6
2416,Black Snake Moan,8
2416,Black Snake Moan,14
2417,Dark Blue,6
2417,Dark Blue,8
2417,Dark Blue,17
2417,Dark Blue,20
2418,A Mighty Heart,4
2418,A Mighty Heart,8
2418,A Mighty Heart,12
2418,A Mighty Heart,20
2418,A Mighty Heart,21
2419,Whatever It Takes,5
2419,Whatever It Takes,8
2419,Whatever It Takes,17
2420,Boat Trip,5
2421,The Importance of Being Earnest,5
2421,The Importance of Being Earnest,8
2421,The Importance of Being Earnest,17
2422,Hoot,2
2422,Hoot,5
2422,Hoot,9
2423,In Bruges,5
2423,In Bruges,6
2423,In Bruges,8
2424,Peeples,5
2424,Peeples,17
2425,The Rocker,5
2425,The Rocker,14
2426,Post Grad,5
2426,Post Grad,17
2427,Promised Land,8
2428,Whatever Works,5
2428,Whatever Works,17
2429,The In Crowd,8
2429,The In Crowd,16
2429,The In Crowd,20
2430,Three Burials,2
2430,Three Burials,6
2430,Three Burials,8
2430,Three Burials,16
2430,Three Burials,22
2431,Jakob the Liar,8
2431,Jakob the Liar,21
2432,Kiss Kiss Bang Bang,5
2432,Kiss Kiss Bang Bang,6
2432,Kiss Kiss Bang Bang,16
2433,Idle Hands,5
2433,Idle Hands,10
2433,Idle Hands,13
2433,Idle Hands,20
2434,Mulholland Drive,8
2434,Mulholland Drive,16
2434,Mulholland Drive,20
2435,You Will Meet a Tall Dark Stranger,5
2435,You Will Meet a Tall Dark Stranger,8
2435,You Will Meet a Tall Dark Stranger,17
2436,Never Let Me Go,8
2436,Never Let Me Go,17
2436,Never Let Me Go,18
2437,Transsiberian,6
2437,Transsiberian,8
2437,Transsiberian,16
2437,Transsiberian,20
2438,The Clan of the Cave Bear,2
2438,The Clan of the Cave Bear,8
2438,The Clan of the Cave Bear,10
2439,Crazy in Alabama,5
2439,Crazy in Alabama,6
2439,Crazy in Alabama,8
2440,Funny Games,6
2440,Funny Games,8
2440,Funny Games,13
2440,Funny Games,20
2441,Metropolis,8
2441,Metropolis,18
2442,District B13,1
2442,District B13,6
2442,District B13,20
2443,Things to Do in Denver When You're Dead,6
2443,Things to Do in Denver When You're Dead,8
2444,The Assassin,1
2444,The Assassin,8
2445,Buffalo Soldiers,5
2445,Buffalo Soldiers,6
2445,Buffalo Soldiers,8
2445,Buffalo Soldiers,20
2445,Buffalo Soldiers,21
2446,Ong-bak 2,1
2447,The Midnight Meat Train,10
2447,The Midnight Meat Train,13
2447,The Midnight Meat Train,16
2448,The Son of No One,6
2448,The Son of No One,8
2448,The Son of No One,20
2449,All the Queen's Men,1
2449,All the Queen's Men,5
2449,All the Queen's Men,8
2449,All the Queen's Men,21
2450,The Good Night,5
2450,The Good Night,8
2450,The Good Night,10
2450,The Good Night,14
2450,The Good Night,17
2451,Groundhog Day,5
2451,Groundhog Day,10
2451,Groundhog Day,17
2452,Magic Mike XXL,5
2452,Magic Mike XXL,8
2452,Magic Mike XXL,14
2453,Romeo + Juliet,8
2453,Romeo + Juliet,17
2454,Sarah's Key,8
2454,Sarah's Key,21
2455,Unforgiven,8
2455,Unforgiven,22
2456,Manderlay,8
2457,Slumdog Millionaire,8
2457,Slumdog Millionaire,17
2458,Fatal Attraction,8
2458,Fatal Attraction,17
2458,Fatal Attraction,20
2459,Pretty Woman,5
2459,Pretty Woman,17
2460,Crocodile Dundee II,1
2460,Crocodile Dundee II,2
2460,Crocodile Dundee II,5
2461,Born on the Fourth of July,4
2461,Born on the Fourth of July,8
2461,Born on the Fourth of July,21
2462,Cool Runnings,2
2462,Cool Runnings,5
2462,Cool Runnings,9
2462,Cool Runnings,19
2463,My Bloody Valentine,13
2463,My Bloody Valentine,20
2464,Stomp the Yard,8
2464,Stomp the Yard,14
2464,Stomp the Yard,17
2465,The Spy Who Loved Me,1
2465,The Spy Who Loved Me,2
2465,The Spy Who Loved Me,18
2465,The Spy Who Loved Me,20
2466,Urban Legend,13
2466,Urban Legend,16
2466,Urban Legend,20
2467,White Fang,2
2467,White Fang,8
2468,Superstar,5
2468,Superstar,17
2469,The Iron Lady,4
2469,The Iron Lady,8
2469,The Iron Lady,12
2470,Jonah: A VeggieTales Movie,2
2470,Jonah: A VeggieTales Movie,3
2470,Jonah: A VeggieTales Movie,5
2470,Jonah: A VeggieTales Movie,8
2470,Jonah: A VeggieTales Movie,9
2470,Jonah: A VeggieTales Movie,15
2471,Poetic Justice,8
2471,Poetic Justice,17
2472,All About the Benjamins,1
2472,All About the Benjamins,5
2472,All About the Benjamins,6
2472,All About the Benjamins,20
2473,Vampire in Brooklyn,5
2473,Vampire in Brooklyn,10
2473,Vampire in Brooklyn,13
2473,Vampire in Brooklyn,17
2474,An American Haunting,13
2474,An American Haunting,16
2474,An American Haunting,20
2475,My Boss's Daughter,5
2475,My Boss's Daughter,17
2476,A Perfect Getaway,2
2476,A Perfect Getaway,16
2476,A Perfect Getaway,20
2477,Our Family Wedding,5
2477,Our Family Wedding,17
2478,Dead Man on Campus,5
2479,Tea with Mussolini,5
2479,Tea with Mussolini,8
2479,Tea with Mussolini,21
2480,Thinner,10
2480,Thinner,13
2481,Crooklyn,5
2481,Crooklyn,8
2482,Jason X,1
2482,Jason X,13
2482,Jason X,18
2482,Jason X,20
2483,Bobby,8
2483,Bobby,12
2484,Head Over Heels,5
2484,Head Over Heels,16
2484,Head Over Heels,17
2485,Fun Size,2
2485,Fun Size,5
2486,Little Children,8
2486,Little Children,17
2487,Gossip,8
2487,Gossip,16
2487,Gossip,20
2488,A Walk on the Moon,8
2489,Catch a Fire,4
2489,Catch a Fire,8
2489,Catch a Fire,12
2490,Soul Survivors,8
2490,Soul Survivors,13
2490,Soul Survivors,16
2490,Soul Survivors,20
2491,Jefferson in Paris,4
2491,Jefferson in Paris,8
2491,Jefferson in Paris,12
2491,Jefferson in Paris,17
2492,Caravans,1
2492,Caravans,2
2492,Caravans,12
2493,Mr. Turner,4
2493,Mr. Turner,8
2493,Mr. Turner,12
2494,Amen.,4
2494,Amen.,6
2494,Amen.,8
2494,Amen.,21
2495,The Lucky Ones,5
2495,The Lucky Ones,8
2495,The Lucky Ones,21
2496,Margaret,8
2497,Flipped,5
2497,Flipped,8
2497,Flipped,17
2498,Brokeback Mountain,8
2498,Brokeback Mountain,17
2499,Clueless,5
2499,Clueless,17
2500,Far from Heaven,8
2500,Far from Heaven,17
2501,Hot Tub Time Machine 2,5
2501,Hot Tub Time Machine 2,18
2502,Quills,4
2502,Quills,8
2503,Seven Psychopaths,5
2503,Seven Psychopaths,6
2504,Downfall,4
2504,Downfall,8
2504,Downfall,12
2504,Downfall,21
2505,The Sea Inside,4
2505,The Sea Inside,8
2505,The Sea Inside,17
2506,"Good Morning, Vietnam",4
2506,"Good Morning, Vietnam",5
2506,"Good Morning, Vietnam",8
2506,"Good Morning, Vietnam",21
2507,The Last Godfather,5
2508,Justin Bieber: Never Say Never,7
2508,Justin Bieber: Never Say Never,14
2509,Black Swan,8
2509,Black Swan,20
2510,The Godfather: Part II,6
2510,The Godfather: Part II,8
2511,Save the Last Dance,8
2511,Save the Last Dance,14
2511,Save the Last Dance,17
2512,A Nightmare on Elm Street 4: The Dream Master,10
2512,A Nightmare on Elm Street 4: The Dream Master,13
2512,A Nightmare on Elm Street 4: The Dream Master,20
2513,Miracles from Heaven,8
2514,"Dude, Where's My Car?",5
2514,"Dude, Where's My Car?",16
2515,Young Guns,1
2515,Young Guns,6
2515,Young Guns,8
2515,Young Guns,20
2515,Young Guns,22
2516,St. Vincent,5
2516,St. Vincent,8
2517,About Last Night,5
2517,About Last Night,17
2518,10 Things I Hate About You,5
2518,10 Things I Hate About You,8
2518,10 Things I Hate About You,17
2519,The New Guy,5
2520,Loaded Weapon 1,1
2520,Loaded Weapon 1,5
2520,Loaded Weapon 1,6
2521,The Shallows,8
2521,The Shallows,13
2521,The Shallows,20
2522,The Butterfly Effect,18
2522,The Butterfly Effect,20
2523,Snow Day,2
2523,Snow Day,5
2523,Snow Day,9
2524,This Christmas,5
2524,This Christmas,8
2524,This Christmas,17
2525,Baby Geniuses,5
2525,Baby Geniuses,6
2525,Baby Geniuses,9
2525,Baby Geniuses,18
2526,The Big Hit,1
2526,The Big Hit,5
2526,The Big Hit,6
2526,The Big Hit,20
2527,Harriet the Spy,5
2527,Harriet the Spy,8
2527,Harriet the Spy,9
2528,Child's Play 2,10
2528,Child's Play 2,13
2529,No Good Deed,6
2529,No Good Deed,20
2530,The Mist,13
2531,Ex Machina,8
2531,Ex Machina,16
2531,Ex Machina,18
2531,Ex Machina,20
2532,Being John Malkovich,5
2532,Being John Malkovich,8
2532,Being John Malkovich,10
2533,Two Can Play That Game,5
2533,Two Can Play That Game,17
2534,Earth to Echo,2
2534,Earth to Echo,9
2534,Earth to Echo,18
2535,Crazy/Beautiful,8
2535,Crazy/Beautiful,17
2536,Letters from Iwo Jima,8
2536,Letters from Iwo Jima,12
2536,Letters from Iwo Jima,21
2537,The Astronaut Farmer,2
2537,The Astronaut Farmer,8
2537,The Astronaut Farmer,18
2538,Room,8
2539,Dirty Work,5
2540,Serial Mom,5
2540,Serial Mom,6
2540,Serial Mom,20
2541,Dick,5
2542,Light It Up,8
2542,Light It Up,20
2543,54,8
2543,54,14
2544,Bubble Boy,2
2544,Bubble Boy,5
2544,Bubble Boy,17
2544,Bubble Boy,18
2545,Birthday Girl,5
2545,Birthday Girl,6
2545,Birthday Girl,20
2546,21 & Over,5
2547,"Paris, je t'aime",5
2547,"Paris, je t'aime",8
2547,"Paris, je t'aime",17
2548,Resurrecting the Champ,8
2548,Resurrecting the Champ,19
2549,Admission,5
2549,Admission,8
2549,Admission,17
2550,The Widow of Saint-Pierre,8
2550,The Widow of Saint-Pierre,17
2551,Chloe,8
2551,Chloe,16
2551,Chloe,17
2551,Chloe,20
2552,Faithful,5
2552,Faithful,6
2552,Faithful,8
2553,Find Me Guilty,4
2553,Find Me Guilty,5
2553,Find Me Guilty,6
2553,Find Me Guilty,8
2554,The Perks of Being a Wallflower,8
2554,The Perks of Being a Wallflower,17
2555,Excessive Force,1
2556,Infamous,4
2556,Infamous,6
2556,Infamous,8
2557,The Claim,8
2557,The Claim,17
2557,The Claim,22
2558,The Vatican Tapes,13
2558,The Vatican Tapes,20
2559,Attack the Block,1
2559,Attack the Block,5
2559,Attack the Block,18
2559,Attack the Block,20
2560,In the Land of Blood and Honey,8
2560,In the Land of Blood and Honey,17
2560,In the Land of Blood and Honey,21
2561,The Call,6
2561,The Call,20
2562,The Crocodile Hunter: Collision Course,1
2562,The Crocodile Hunter: Collision Course,2
2562,The Crocodile Hunter: Collision Course,5
2562,The Crocodile Hunter: Collision Course,9
2563,I Love You Phillip Morris,4
2563,I Love You Phillip Morris,5
2563,I Love You Phillip Morris,6
2563,I Love You Phillip Morris,8
2563,I Love You Phillip Morris,17
2564,Antwone Fisher,4
2564,Antwone Fisher,8
2565,The Emperor's Club,8
2566,True Romance,1
2566,True Romance,6
2566,True Romance,8
2566,True Romance,17
2566,True Romance,20
2567,Glengarry Glen Ross,6
2567,Glengarry Glen Ross,8
2567,Glengarry Glen Ross,16
2568,The Killer Inside Me,6
2568,The Killer Inside Me,8
2568,The Killer Inside Me,20
2569,Sorority Row,13
2569,Sorority Row,16
2570,Lars and the Real Girl,5
2570,Lars and the Real Girl,8
2570,Lars and the Real Girl,17
2571,The Boy in the Striped Pajamas,8
2571,The Boy in the Striped Pajamas,21
2572,Dancer in the Dark,6
2572,Dancer in the Dark,8
2572,Dancer in the Dark,15
2573,Oscar and Lucinda,8
2573,Oscar and Lucinda,17
2574,The Funeral,6
2574,The Funeral,8
2575,Solitary Man,5
2575,Solitary Man,8
2575,Solitary Man,17
2576,Machete,1
2576,Machete,6
2576,Machete,20
2577,Casino Jack,4
2577,Casino Jack,5
2577,Casino Jack,6
2577,Casino Jack,8
2578,The Land Before Time,2
2578,The Land Before Time,3
2578,The Land Before Time,9
2579,Tae Guk Gi: The Brotherhood of War,1
2579,Tae Guk Gi: The Brotherhood of War,8
2579,Tae Guk Gi: The Brotherhood of War,21
2580,The Perfect Game,5
2580,The Perfect Game,8
2580,The Perfect Game,9
2580,The Perfect Game,19
2581,The Exorcist,13
2582,Jaws,2
2582,Jaws,8
2582,Jaws,20
2583,American Pie,5
2584,Ernest & Celestine,3
2584,Ernest & Celestine,5
2584,Ernest & Celestine,6
2584,Ernest & Celestine,8
2584,Ernest & Celestine,9
2585,The Golden Child,1
2585,The Golden Child,2
2585,The Golden Child,5
2585,The Golden Child,10
2585,The Golden Child,16
2586,Think Like a Man,5
2586,Think Like a Man,17
2587,Barbershop,5
2587,Barbershop,8
2588,Star Trek II: The Wrath of Khan,1
2588,Star Trek II: The Wrath of Khan,2
2588,Star Trek II: The Wrath of Khan,18
2589,Ace Ventura: Pet Detective,5
2590,WarGames,18
2590,WarGames,20
2591,Witness,6
2591,Witness,8
2591,Witness,17
2591,Witness,20
2592,Act of Valor,1
2592,Act of Valor,2
2592,Act of Valor,8
2592,Act of Valor,20
2592,Act of Valor,21
2593,Step Up,6
2593,Step Up,8
2593,Step Up,14
2593,Step Up,17
2594,Beavis and Butt-Head Do America,2
2594,Beavis and Butt-Head Do America,3
2594,Beavis and Butt-Head Do America,5
2594,Beavis and Butt-Head Do America,6
2595,Jackie Brown,6
2595,Jackie Brown,20
2596,Harold & Kumar Escape from Guantanamo Bay,2
2596,Harold & Kumar Escape from Guantanamo Bay,5
2597,Chronicle,8
2597,Chronicle,18
2597,Chronicle,20
2598,Yentl,8
2598,Yentl,15
2598,Yentl,17
2599,Time Bandits,2
2599,Time Bandits,5
2599,Time Bandits,10
2599,Time Bandits,18
2600,Crossroads,5
2600,Crossroads,8
2601,Project X,5
2601,Project X,6
2602,One Hour Photo,8
2602,One Hour Photo,20
2603,Quarantine,13
2603,Quarantine,18
2603,Quarantine,20
2604,The Eye,13
2604,The Eye,16
2605,Johnson Family Vacation,5
2606,How High,5
2606,How High,10
2607,The Muppet Christmas Carol,5
2607,The Muppet Christmas Carol,8
2607,The Muppet Christmas Carol,9
2607,The Muppet Christmas Carol,10
2607,The Muppet Christmas Carol,15
2608,Frida,4
2608,Frida,8
2608,Frida,17
2609,Katy Perry: Part of Me,7
2609,Katy Perry: Part of Me,14
2610,The Fault in Our Stars,8
2610,The Fault in Our Stars,17
2611,Rounders,6
2611,Rounders,8
2612,Top Five,5
2612,Top Five,17
2613,Stir of Echoes,13
2613,Stir of Echoes,16
2613,Stir of Echoes,20
2614,Philomena,4
2614,Philomena,8
2615,The Upside of Anger,5
2615,The Upside of Anger,8
2616,Aquamarine,5
2616,Aquamarine,9
2616,Aquamarine,10
2616,Aquamarine,17
2617,Paper Towns,8
2617,Paper Towns,16
2617,Paper Towns,17
2618,Nebraska,2
2618,Nebraska,5
2618,Nebraska,8
2619,Tales from the Crypt: Demon Knight,1
2619,Tales from the Crypt: Demon Knight,10
2619,Tales from the Crypt: Demon Knight,13
2619,Tales from the Crypt: Demon Knight,20
2620,Max Keeble's Big Move,5
2620,Max Keeble's Big Move,6
2620,Max Keeble's Big Move,9
2621,Young Adult,5
2621,Young Adult,8
2622,Crank,1
2622,Crank,6
2622,Crank,20
2623,Living Out Loud,5
2623,Living Out Loud,8
2623,Living Out Loud,17
2624,Das Boot,2
2624,Das Boot,8
2624,Das Boot,20
2624,Das Boot,21
2625,Sorority Boys,5
2626,About Time,8
2626,About Time,10
2626,About Time,17
2627,House of Flying Daggers,1
2627,House of Flying Daggers,2
2627,House of Flying Daggers,8
2627,House of Flying Daggers,17
2628,Arbitrage,8
2628,Arbitrage,20
2629,Project Almanac,18
2629,Project Almanac,20
2630,Cadillac Records,4
2630,Cadillac Records,8
2630,Cadillac Records,14
2631,Screwed,5
2631,Screwed,6
2632,Fortress,1
2632,Fortress,6
2632,Fortress,18
2632,Fortress,20
2633,For Your Consideration,5
2634,Celebrity,5
2634,Celebrity,8
2635,Running with Scissors,5
2635,Running with Scissors,8
2636,From Justin to Kelly,5
2636,From Justin to Kelly,15
2636,From Justin to Kelly,17
2637,Girl 6,5
2637,Girl 6,8
2638,In the Cut,16
2638,In the Cut,20
2639,Two Lovers,8
2639,Two Lovers,17
2640,Last Orders,8
2641,The Host,5
2641,The Host,8
2641,The Host,13
2641,The Host,18
2642,Ravenous,10
2642,Ravenous,13
2642,Ravenous,20
2643,Charlie Bartlett,5
2643,Charlie Bartlett,8
2643,Charlie Bartlett,17
2644,The Great Beauty,8
2645,The Dangerous Lives of Altar Boys,5
2645,The Dangerous Lives of Altar Boys,8
2646,Stoker,8
2646,Stoker,20
2647,2046,8
2647,2046,17
2647,2046,18
2648,Married Life,6
2648,Married Life,8
2648,Married Life,17
2649,Duma,2
2649,Duma,8
2649,Duma,9
2650,Ondine,8
2650,Ondine,16
2650,Ondine,17
2651,Brother,6
2651,Brother,8
2651,Brother,20
2652,Welcome to Collinwood,5
2652,Welcome to Collinwood,6
2653,Critical Care,5
2653,Critical Care,8
2654,The Life Before Her Eyes,8
2654,The Life Before Her Eyes,16
2654,The Life Before Her Eyes,20
2655,Trade,6
2655,Trade,8
2655,Trade,20
2656,Fateless,8
2656,Fateless,17
2656,Fateless,21
2657,Breakfast of Champions,5
2658,City of Life and Death,8
2658,City of Life and Death,12
2658,City of Life and Death,21
2659,5 Days of War,1
2659,5 Days of War,8
2659,5 Days of War,21
2660,Heaven Is for Real,4
2660,Heaven Is for Real,8
2661,Snatch,5
2661,Snatch,6
2662,Pet Sematary,10
2662,Pet Sematary,13
2663,Gremlins,5
2663,Gremlins,10
2663,Gremlins,13
2664,Star Wars: Episode IV - A New Hope,1
2664,Star Wars: Episode IV - A New Hope,2
2664,Star Wars: Episode IV - A New Hope,10
2664,Star Wars: Episode IV - A New Hope,18
2665,Dirty Grandpa,5
2666,Doctor Zhivago,8
2666,Doctor Zhivago,17
2666,Doctor Zhivago,21
2667,High School Musical 3: Senior Year,5
2667,High School Musical 3: Senior Year,8
2667,High School Musical 3: Senior Year,9
2667,High School Musical 3: Senior Year,14
2667,High School Musical 3: Senior Year,15
2667,High School Musical 3: Senior Year,17
2668,The Fighter,4
2668,The Fighter,8
2668,The Fighter,19
2669,My Cousin Vinny,5
2669,My Cousin Vinny,6
2670,If I Stay,8
2670,If I Stay,10
2670,If I Stay,14
2670,If I Stay,17
2671,Major League,5
2671,Major League,19
2672,Phone Booth,6
2672,Phone Booth,20
2673,A Walk to Remember,8
2673,A Walk to Remember,17
2674,Dead Man Walking,6
2674,Dead Man Walking,8
2675,Cruel Intentions,8
2675,Cruel Intentions,17
2676,Saw VI,13
2676,Saw VI,16
2677,The Secret Life of Bees,8
2678,Corky Romano,5
2678,Corky Romano,6
2679,Raising Cain,6
2679,Raising Cain,8
2679,Raising Cain,20
2680,Invaders from Mars,13
2680,Invaders from Mars,18
2681,Brooklyn,8
2681,Brooklyn,17
2682,Out Cold,5
2682,Out Cold,19
2683,The Ladies Man,5
2684,Quartet,5
2684,Quartet,8
2685,Tomcats,5
2686,Frailty,6
2686,Frailty,8
2686,Frailty,20
2687,Woman in Gold,4
2687,Woman in Gold,8
2687,Woman in Gold,12
2688,Kinsey,4
2688,Kinsey,8
2689,Army of Darkness,5
2689,Army of Darkness,10
2689,Army of Darkness,13
2690,Slackers,5
2690,Slackers,17
2691,What's Eating Gilbert Grape,8
2691,What's Eating Gilbert Grape,17
2692,The Visual Bible: The Gospel of John,4
2692,The Visual Bible: The Gospel of John,8
2692,The Visual Bible: The Gospel of John,12
2693,Vera Drake,6
2693,Vera Drake,8
2694,The Guru,5
2694,The Guru,14
2694,The Guru,17
2695,The Perez Family,5
2695,The Perez Family,8
2695,The Perez Family,17
2696,Inside Llewyn Davis,8
2696,Inside Llewyn Davis,14
2697,O,8
2697,O,17
2697,O,20
2698,Return to the Blue Lagoon,2
2698,Return to the Blue Lagoon,8
2698,Return to the Blue Lagoon,17
2699,Copying Beethoven,4
2699,Copying Beethoven,8
2699,Copying Beethoven,14
2700,Saw V,13
2700,Saw V,16
2701,Jindabyne,6
2701,Jindabyne,8
2701,Jindabyne,16
2701,Jindabyne,20
2702,Kabhi Alvida Naa Kehna,8
2703,An Ideal Husband,5
2703,An Ideal Husband,17
2704,The Last Days on Mars,13
2704,The Last Days on Mars,18
2704,The Last Days on Mars,20
2705,Darkness,13
2706,2001: A Space Odyssey,2
2706,2001: A Space Odyssey,16
2706,2001: A Space Odyssey,18
2707,E.T. the Extra-Terrestrial,9
2707,E.T. the Extra-Terrestrial,18
2708,In the Land of Women,5
2708,In the Land of Women,8
2708,In the Land of Women,17
2709,For Greater Glory: The True Story of Cristiada,8
2709,For Greater Glory: The True Story of Cristiada,12
2709,For Greater Glory: The True Story of Cristiada,21
2710,Good Will Hunting,8
2711,Saw III,13
2711,Saw III,16
2712,Stripes,1
2712,Stripes,5
2712,Stripes,21
2713,Bring It On,5
2713,Bring It On,19
2714,The Purge: Election Year,1
2714,The Purge: Election Year,13
2714,The Purge: Election Year,18
2714,The Purge: Election Year,20
2715,She's All That,5
2715,She's All That,17
2716,Saw IV,13
2716,Saw IV,16
2717,White Noise,8
2717,White Noise,13
2717,White Noise,16
2717,White Noise,20
2718,Madea's Family Reunion,5
2718,Madea's Family Reunion,8
2718,Madea's Family Reunion,17
2719,The Color of Money,8
2719,The Color of Money,19
2720,The Mighty Ducks,5
2720,The Mighty Ducks,8
2720,The Mighty Ducks,9
2720,The Mighty Ducks,19
2721,The Grudge,13
2721,The Grudge,16
2721,The Grudge,20
2722,Happy Gilmore,5
2722,Happy Gilmore,19
2723,Jeepers Creepers,13
2723,Jeepers Creepers,16
2724,Bill & Ted's Excellent Adventure,2
2724,Bill & Ted's Excellent Adventure,5
2724,Bill & Ted's Excellent Adventure,14
2724,Bill & Ted's Excellent Adventure,18
2725,Oliver!,8
2725,Oliver!,9
2725,Oliver!,15
2726,The Best Exotic Marigold Hotel,5
2726,The Best Exotic Marigold Hotel,8
2727,Recess: School's Out,3
2727,Recess: School's Out,5
2727,Recess: School's Out,9
2727,Recess: School's Out,16
2727,Recess: School's Out,18
2728,Mad Max Beyond Thunderdome,1
2728,Mad Max Beyond Thunderdome,2
2728,Mad Max Beyond Thunderdome,18
2728,Mad Max Beyond Thunderdome,20
2729,The Boy,13
2729,The Boy,16
2729,The Boy,20
2730,Devil,13
2730,Devil,16
2730,Devil,20
2731,Friday After Next,5
2731,Friday After Next,8
2732,Insidious: Chapter 3,10
2732,Insidious: Chapter 3,13
2732,Insidious: Chapter 3,20
2733,The Last Dragon,1
2733,The Last Dragon,5
2733,The Last Dragon,8
2733,The Last Dragon,14
2734,The Lawnmower Man,13
2734,The Lawnmower Man,18
2735,Nick and Norah's Infinite Playlist,5
2735,Nick and Norah's Infinite Playlist,8
2735,Nick and Norah's Infinite Playlist,14
2735,Nick and Norah's Infinite Playlist,17
2736,Dogma,2
2736,Dogma,5
2736,Dogma,8
2736,Dogma,10
2737,The Banger Sisters,5
2737,The Banger Sisters,8
2738,Twilight Zone: The Movie,10
2738,Twilight Zone: The Movie,13
2738,Twilight Zone: The Movie,18
2739,Road House,1
2739,Road House,20
2740,A Low Down Dirty Shame,1
2740,A Low Down Dirty Shame,5
2740,A Low Down Dirty Shame,6
2741,Swimfan,8
2741,Swimfan,20
2742,Employee of the Month,5
2742,Employee of the Month,17
2743,Can't Hardly Wait,5
2743,Can't Hardly Wait,17
2744,The Outsiders,6
2744,The Outsiders,8
2745,Sinister 2,13
2745,Sinister 2,16
2745,Sinister 2,20
2746,Sparkle,8
2746,Sparkle,14
2747,Valentine,13
2747,Valentine,16
2747,Valentine,20
2748,The Fourth Kind,16
2748,The Fourth Kind,18
2748,The Fourth Kind,20
2749,A Prairie Home Companion,5
2749,A Prairie Home Companion,8
2749,A Prairie Home Companion,14
2750,Sugar Hill,8
2750,Sugar Hill,20
2751,Rushmore,5
2751,Rushmore,8
2752,Skyline,1
2752,Skyline,18
2752,Skyline,20
2753,The Second Best Exotic Marigold Hotel,5
2753,The Second Best Exotic Marigold Hotel,8
2754,Kit Kittredge: An American Girl,8
2754,Kit Kittredge: An American Girl,9
2755,The Perfect Man,5
2755,The Perfect Man,9
2755,The Perfect Man,17
2756,Mo' Better Blues,8
2756,Mo' Better Blues,14
2756,Mo' Better Blues,17
2757,Kung Pow: Enter the Fist,1
2757,Kung Pow: Enter the Fist,5
2758,Tremors,5
2758,Tremors,13
2758,Tremors,18
2759,Wrong Turn,13
2759,Wrong Turn,20
2760,The Corruptor,1
2760,The Corruptor,6
2760,The Corruptor,8
2760,The Corruptor,16
2760,The Corruptor,20
2761,Mud,8
2762,Reno 911!: Miami,5
2762,Reno 911!: Miami,6
2763,One Direction: This Is Us,7
2763,One Direction: This Is Us,14
2764,Hey Arnold! The Movie,2
2764,Hey Arnold! The Movie,3
2764,Hey Arnold! The Movie,5
2764,Hey Arnold! The Movie,9
2765,My Week with Marilyn,4
2765,My Week with Marilyn,8
2766,The Matador,5
2766,The Matador,6
2766,The Matador,8
2766,The Matador,20
2767,Love Jones,8
2767,Love Jones,17
2768,The Gift,16
2768,The Gift,20
2769,End of the Spear,2
2769,End of the Spear,8
2770,Get Over It,5
2770,Get Over It,17
2771,Office Space,5
2772,Drop Dead Gorgeous,5
2772,Drop Dead Gorgeous,17
2772,Drop Dead Gorgeous,20
2773,Big Eyes,4
2773,Big Eyes,6
2773,Big Eyes,8
2773,Big Eyes,17
2774,Very Bad Things,5
2774,Very Bad Things,6
2774,Very Bad Things,20
2775,Sleepover,5
2775,Sleepover,17
2776,MacGruber,1
2776,MacGruber,5
2776,MacGruber,17
2777,Dirty Pretty Things,6
2777,Dirty Pretty Things,8
2777,Dirty Pretty Things,20
2778,Movie 43,5
2779,Over Her Dead Body,5
2779,Over Her Dead Body,10
2779,Over Her Dead Body,17
2780,Seeking a Friend for the End of the World,2
2780,Seeking a Friend for the End of the World,5
2780,Seeking a Friend for the End of the World,8
2780,Seeking a Friend for the End of the World,17
2780,Seeking a Friend for the End of the World,18
2781,American History X,6
2781,American History X,8
2782,The Collection,1
2782,The Collection,13
2782,The Collection,20
2783,Teacher's Pet,3
2783,Teacher's Pet,5
2783,Teacher's Pet,9
2783,Teacher's Pet,10
2783,Teacher's Pet,15
2784,The Red Violin,8
2784,The Red Violin,14
2784,The Red Violin,16
2784,The Red Violin,17
2785,The Straight Story,4
2785,The Straight Story,8
2786,Deuces Wild,1
2786,Deuces Wild,6
2786,Deuces Wild,8
2787,Bad Words,5
2787,Bad Words,8
2788,Black or White,8
2789,On the Line,5
2789,On the Line,9
2789,On the Line,17
2790,Rescue Dawn,2
2790,Rescue Dawn,4
2790,Rescue Dawn,8
2790,Rescue Dawn,21
2791,"Jeff, Who Lives at Home",5
2791,"Jeff, Who Lives at Home",8
2792,I Am Love,8
2792,I Am Love,17
2793,Atlas Shrugged II: The Strike,8
2793,Atlas Shrugged II: The Strike,16
2793,Atlas Shrugged II: The Strike,18
2794,Romeo Is Bleeding,1
2794,Romeo Is Bleeding,6
2794,Romeo Is Bleeding,8
2794,Romeo Is Bleeding,20
2795,The Limey,6
2795,The Limey,8
2795,The Limey,16
2795,The Limey,20
2796,Crash,6
2796,Crash,8
2796,Crash,20
2797,The House of Mirth,8
2797,The House of Mirth,17
2798,Malone,1
2798,Malone,8
2798,Malone,20
2799,Peaceful Warrior,8
2799,Peaceful Warrior,17
2799,Peaceful Warrior,19
2800,Bucky Larson: Born to Be a Star,5
2801,Bamboozled,5
2801,Bamboozled,8
2801,Bamboozled,14
2802,The Forest,13
2802,The Forest,16
2802,The Forest,20
2803,Sphinx,2
2803,Sphinx,16
2803,Sphinx,20
2804,While We're Young,5
2804,While We're Young,8
2805,A Better Life,8
2805,A Better Life,17
2806,Spider,8
2806,Spider,16
2806,Spider,20
2807,Gun Shy,5
2807,Gun Shy,6
2807,Gun Shy,17
2808,Nicholas Nickleby,8
2808,Nicholas Nickleby,17
2809,The Iceman,4
2809,The Iceman,6
2809,The Iceman,8
2810,Cecil B. DeMented,5
2810,Cecil B. DeMented,6
2810,Cecil B. DeMented,20
2811,Killer Joe,6
2811,Killer Joe,8
2811,Killer Joe,17
2811,Killer Joe,20
2812,The Joneses,5
2812,The Joneses,8
2813,Owning Mahowny,6
2813,Owning Mahowny,8
2813,Owning Mahowny,20
2814,The Brothers Solomon,5
2815,My Blueberry Nights,8
2815,My Blueberry Nights,17
2816,Swept Away,5
2816,Swept Away,17
2817,"War, Inc.",1
2817,"War, Inc.",5
2817,"War, Inc.",20
2818,Shaolin Soccer,1
2818,Shaolin Soccer,5
2818,Shaolin Soccer,19
2819,The Brown Bunny,8
2820,Rosewater,4
2820,Rosewater,8
2821,Imaginary Heroes,5
2821,Imaginary Heroes,8
2822,High Heels and Low Lifes,1
2822,High Heels and Low Lifes,5
2822,High Heels and Low Lifes,8
2823,Severance,5
2823,Severance,13
2823,Severance,20
2824,Edmond,8
2824,Edmond,20
2825,Police Academy: Mission to Moscow,5
2825,Police Academy: Mission to Moscow,6
2826,An Alan Smithee Film: Burn Hollywood Burn,5
2827,The Open Road,5
2827,The Open Road,8
2828,The Good Guy,5
2828,The Good Guy,17
2829,Motherhood,5
2829,Motherhood,8
2830,Blonde Ambition,5
2830,Blonde Ambition,17
2831,The Oxford Murders,6
2831,The Oxford Murders,16
2831,The Oxford Murders,20
2832,Eulogy,5
2832,Eulogy,8
2833,"The Good, the Bad, the Weird",1
2833,"The Good, the Bad, the Weird",2
2833,"The Good, the Bad, the Weird",5
2833,"The Good, the Bad, the Weird",22
2834,The Lost City,8
2834,The Lost City,17
2835,Next Friday,5
2836,You Only Live Twice,1
2836,You Only Live Twice,2
2836,You Only Live Twice,20
2837,Amour,8
2837,Amour,17
2838,Poltergeist III,13
2838,Poltergeist III,20
2839,"It's a Mad, Mad, Mad, Mad World",1
2839,"It's a Mad, Mad, Mad, Mad World",2
2839,"It's a Mad, Mad, Mad, Mad World",5
2839,"It's a Mad, Mad, Mad, Mad World",6
2840,Richard III,8
2840,Richard III,21
2841,Melancholia,8
2841,Melancholia,18
2842,Jab Tak Hai Jaan,8
2842,Jab Tak Hai Jaan,17
2843,Alien,13
2843,Alien,18
2844,The Texas Chain Saw Massacre,13
2844,The Texas Chain Saw Massacre,20
2845,The Runaways,4
2845,The Runaways,8
2845,The Runaways,14
2846,Fiddler on the Roof,8
2846,Fiddler on the Roof,9
2846,Fiddler on the Roof,15
2846,Fiddler on the Roof,17
2847,Thunderball,1
2847,Thunderball,2
2847,Thunderball,20
2848,Set It Off,1
2848,Set It Off,6
2848,Set It Off,8
2848,Set It Off,17
2848,Set It Off,20
2849,The Best Man,5
2849,The Best Man,8
2850,Child's Play,10
2850,Child's Play,13
2851,Sicko,7
2851,Sicko,8
2852,The Purge: Anarchy,1
2852,The Purge: Anarchy,13
2852,The Purge: Anarchy,18
2852,The Purge: Anarchy,20
2853,Down to You,5
2853,Down to You,8
2853,Down to You,17
2854,Harold & Kumar Go to White Castle,2
2854,Harold & Kumar Go to White Castle,5
2855,The Contender,8
2855,The Contender,20
2856,Boiler Room,6
2856,Boiler Room,8
2856,Boiler Room,20
2857,Black Christmas,13
2858,Henry V,1
2858,Henry V,4
2858,Henry V,8
2858,Henry V,12
2858,Henry V,17
2858,Henry V,21
2859,The Way of the Gun,1
2859,The Way of the Gun,6
2859,The Way of the Gun,8
2859,The Way of the Gun,20
2860,Igby Goes Down,5
2860,Igby Goes Down,8
2861,PCU,5
2862,Gracie,4
2862,Gracie,8
2862,Gracie,19
2863,Trust the Man,5
2863,Trust the Man,8
2863,Trust the Man,17
2864,Hamlet 2,5
2864,Hamlet 2,14
2865,Glee: The 3D Concert Movie,7
2865,Glee: The 3D Concert Movie,14
2866,The Legend of Suriyothai,1
2866,The Legend of Suriyothai,2
2866,The Legend of Suriyothai,8
2866,The Legend of Suriyothai,12
2866,The Legend of Suriyothai,21
2867,Two Evil Eyes,13
2868,All or Nothing,8
2869,Princess Kaiulani,8
2870,Opal Dream,8
2870,Opal Dream,9
2871,Flame and Citron,8
2871,Flame and Citron,12
2871,Flame and Citron,20
2871,Flame and Citron,21
2872,Undiscovered,5
2872,Undiscovered,14
2872,Undiscovered,17
2873,Crocodile Dundee,2
2873,Crocodile Dundee,5
2874,Awake,6
2874,Awake,16
2874,Awake,20
2875,Skin Trade,1
2875,Skin Trade,6
2875,Skin Trade,20
2876,Crazy Heart,8
2876,Crazy Heart,14
2876,Crazy Heart,17
2877,The Rose,8
2877,The Rose,14
2877,The Rose,17
2878,Baggage Claim,5
2879,Election,5
2879,Election,8
2880,The DUFF,5
2881,Glitter,8
2881,Glitter,14
2881,Glitter,17
2882,Bright Star,4
2882,Bright Star,8
2882,Bright Star,17
2883,My Name Is Khan,2
2883,My Name Is Khan,8
2883,My Name Is Khan,20
2884,Limbo,2
2884,Limbo,8
2884,Limbo,20
2885,Repo! The Genetic Opera,13
2885,Repo! The Genetic Opera,15
2885,Repo! The Genetic Opera,18
2886,Pulp Fiction,6
2886,Pulp Fiction,8
2887,Nightcrawler,6
2887,Nightcrawler,8
2887,Nightcrawler,20
2888,Club Dread,5
2888,Club Dread,13
2888,Club Dread,20
2889,The Sound of Music,4
2889,The Sound of Music,8
2889,The Sound of Music,9
2889,The Sound of Music,15
2889,The Sound of Music,17
2890,Splash,5
2890,Splash,10
2890,Splash,17
2891,Little Miss Sunshine,5
2891,Little Miss Sunshine,8
2892,Stand by Me,2
2892,Stand by Me,8
2893,28 Days Later...,8
2893,28 Days Later...,13
2893,28 Days Later...,18
2893,28 Days Later...,20
2894,You Got Served,8
2894,You Got Served,14
2895,Escape from Alcatraz,4
2895,Escape from Alcatraz,6
2895,Escape from Alcatraz,8
2896,Brown Sugar,5
2896,Brown Sugar,8
2896,Brown Sugar,14
2896,Brown Sugar,17
2897,A Thin Line Between Love and Hate,5
2897,A Thin Line Between Love and Hate,6
2897,A Thin Line Between Love and Hate,8
2897,A Thin Line Between Love and Hate,17
2897,A Thin Line Between Love and Hate,20
2898,50/50,5
2898,50/50,8
2898,50/50,17
2899,Shutter,13
2899,Shutter,16
2899,Shutter,20
2900,That Awkward Moment,5
2900,That Awkward Moment,17
2901,Much Ado About Nothing,5
2901,Much Ado About Nothing,8
2901,Much Ado About Nothing,17
2902,On Her Majesty's Secret Service,1
2902,On Her Majesty's Secret Service,2
2902,On Her Majesty's Secret Service,20
2903,New Nightmare,10
2903,New Nightmare,13
2903,New Nightmare,16
2903,New Nightmare,20
2904,Drive Me Crazy,5
2904,Drive Me Crazy,8
2904,Drive Me Crazy,17
2905,Half Baked,5
2905,Half Baked,6
2906,New in Town,5
2906,New in Town,17
2907,American Psycho,6
2907,American Psycho,8
2908,The Good Girl,8
2908,The Good Girl,17
2909,The Boondock Saints II: All Saints Day,1
2909,The Boondock Saints II: All Saints Day,6
2909,The Boondock Saints II: All Saints Day,20
2910,Enough Said,5
2910,Enough Said,8
2910,Enough Said,17
2911,Easy A,5
2911,Easy A,17
2912,Shadow of the Vampire,8
2912,Shadow of the Vampire,13
2913,Prom,5
2913,Prom,8
2914,Held Up,5
2915,Woman on Top,5
2915,Woman on Top,10
2915,Woman on Top,17
2916,Anomalisa,3
2916,Anomalisa,5
2916,Anomalisa,8
2916,Anomalisa,17
2917,Another Year,5
2917,Another Year,8
2918,8 Women,5
2918,8 Women,6
2918,8 Women,15
2918,8 Women,17
2919,Showdown in Little Tokyo,1
2919,Showdown in Little Tokyo,5
2919,Showdown in Little Tokyo,6
2919,Showdown in Little Tokyo,20
2920,Clay Pigeons,5
2920,Clay Pigeons,6
2921,It's Kind of a Funny Story,5
2921,It's Kind of a Funny Story,8
2921,It's Kind of a Funny Story,17
2922,Made in Dagenham,4
2922,Made in Dagenham,5
2922,Made in Dagenham,8
2922,Made in Dagenham,12
2923,When Did You Last See Your Father?,4
2923,When Did You Last See Your Father?,8
2924,Prefontaine,4
2924,Prefontaine,8
2924,Prefontaine,17
2924,Prefontaine,19
2925,The Secret of Kells,2
2925,The Secret of Kells,3
2925,The Secret of Kells,9
2925,The Secret of Kells,10
2926,Begin Again,8
2926,Begin Again,14
2927,Down in the Valley,8
2927,Down in the Valley,17
2927,Down in the Valley,20
2928,Brooklyn Rules,6
2928,Brooklyn Rules,8
2929,The Singing Detective,5
2929,The Singing Detective,6
2929,The Singing Detective,15
2929,The Singing Detective,16
2930,Fido,5
2930,Fido,8
2930,Fido,13
2930,Fido,18
2931,The Wendell Baker Story,5
2931,The Wendell Baker Story,8
2931,The Wendell Baker Story,17
2932,Wild Target,1
2932,Wild Target,5
2932,Wild Target,6
2933,Pathology,6
2933,Pathology,13
2933,Pathology,20
2934,10th & Wolf,6
2934,10th & Wolf,8
2934,10th & Wolf,20
2935,Dear Wendy,5
2935,Dear Wendy,6
2935,Dear Wendy,8
2935,Dear Wendy,17
2936,Akira,1
2936,Akira,3
2936,Akira,18
2937,Imagine Me & You,5
2937,Imagine Me & You,8
2937,Imagine Me & You,17
2938,The Blood of Heroes,1
2938,The Blood of Heroes,18
2938,The Blood of Heroes,19
2939,Driving Miss Daisy,5
2939,Driving Miss Daisy,8
2939,Driving Miss Daisy,9
2940,Soul Food,5
2940,Soul Food,8
2941,Rumble in the Bronx,1
2941,Rumble in the Bronx,5
2942,Thank You for Smoking,5
2942,Thank You for Smoking,8
2943,Hostel: Part II,13
2944,An Education,8
2945,The Hotel New Hampshire,5
2945,The Hotel New Hampshire,8
2945,The Hotel New Hampshire,17
2946,Narc,6
2946,Narc,8
2946,Narc,16
2946,Narc,20
2947,Men with Brooms,5
2947,Men with Brooms,8
2947,Men with Brooms,17
2947,Men with Brooms,19
2948,Witless Protection,5
2948,Witless Protection,6
2949,Extract,5
2949,Extract,6
2949,Extract,17
2950,Code 46,8
2950,Code 46,17
2950,Code 46,18
2950,Code 46,20
2951,Albert Nobbs,8
2952,Persepolis,3
2952,Persepolis,4
2952,Persepolis,8
2952,Persepolis,21
2953,The Neon Demon,13
2953,The Neon Demon,20
2954,Harry Brown,1
2954,Harry Brown,6
2954,Harry Brown,8
2954,Harry Brown,20
2955,The Omega Code,1
2955,The Omega Code,2
2955,The Omega Code,10
2955,The Omega Code,18
2955,The Omega Code,20
2956,Juno,5
2956,Juno,8
2956,Juno,17
2957,Diamonds Are Forever,1
2957,Diamonds Are Forever,2
2957,Diamonds Are Forever,20
2958,The Godfather,6
2958,The Godfather,8
2959,Flashdance,8
2959,Flashdance,14
2959,Flashdance,17
2960,500 Days of Summer,5
2960,500 Days of Summer,8
2960,500 Days of Summer,17
2961,The Piano,8
2961,The Piano,14
2961,The Piano,17
2962,Magic Mike,5
2962,Magic Mike,8
2963,Darkness Falls,13
2963,Darkness Falls,16
2963,Darkness Falls,20
2964,Live and Let Die,1
2964,Live and Let Die,2
2964,Live and Let Die,20
2965,My Dog Skip,8
2965,My Dog Skip,9
2965,My Dog Skip,19
2966,Jumping the Broom,5
2966,Jumping the Broom,8
2967,"Good Night, and Good Luck.",4
2967,"Good Night, and Good Luck.",8
2967,"Good Night, and Good Luck.",12
2968,Capote,4
2968,Capote,6
2968,Capote,8
2969,Desperado,1
2969,Desperado,6
2969,Desperado,20
2970,Logan's Run,1
2970,Logan's Run,2
2970,Logan's Run,18
2971,The Man with the Golden Gun,1
2971,The Man with the Golden Gun,2
2971,The Man with the Golden Gun,20
2972,Action Jackson,1
2972,Action Jackson,5
2972,Action Jackson,6
2972,Action Jackson,20
2973,The Descent,2
2973,The Descent,13
2973,The Descent,20
2974,Devil's Due,13
2974,Devil's Due,16
2975,Flirting with Disaster,5
2976,The Devil's Rejects,6
2976,The Devil's Rejects,13
2977,Dope,5
2977,Dope,6
2977,Dope,8
2978,In Too Deep,6
2978,In Too Deep,8
2978,In Too Deep,20
2979,House of 1000 Corpses,13
2980,A Serious Man,5
2980,A Serious Man,8
2981,Get Low,8
2981,Get Low,16
2982,Warlock,1
2982,Warlock,10
2982,Warlock,13
2982,Warlock,20
2983,A Single Man,8
2983,A Single Man,17
2984,The Last Temptation of Christ,8
2985,Outside Providence,5
2985,Outside Providence,8
2985,Outside Providence,17
2986,Bride & Prejudice,5
2986,Bride & Prejudice,8
2986,Bride & Prejudice,15
2986,Bride & Prejudice,17
2987,Rabbit-Proof Fence,2
2987,Rabbit-Proof Fence,4
2987,Rabbit-Proof Fence,8
2987,Rabbit-Proof Fence,12
2988,Who's Your Caddy?,5
2988,Who's Your Caddy?,19
2989,Split Second,1
2989,Split Second,6
2989,Split Second,13
2989,Split Second,18
2989,Split Second,20
2990,The Other Side of Heaven,2
2990,The Other Side of Heaven,4
2990,The Other Side of Heaven,8
2991,Redbelt,8
2991,Redbelt,19
2992,Cyrus,5
2992,Cyrus,8
2992,Cyrus,17
2993,A Dog of Flanders,8
2993,A Dog of Flanders,9
2994,Auto Focus,4
2994,Auto Focus,6
2994,Auto Focus,8
2995,Factory Girl,4
2995,Factory Girl,8
2996,We Need to Talk About Kevin,8
2996,We Need to Talk About Kevin,20
2997,The Mighty Macs,8
2997,The Mighty Macs,19
2998,Mother and Child,8
2998,Mother and Child,17
2999,March or Die,2
2999,March or Die,8
2999,March or Die,17
2999,March or Die,21
3000,Les visiteurs,5
3000,Les visiteurs,10
3000,Les visiteurs,18
3001,Somewhere,5
3001,Somewhere,8
3002,Chairman of the Board,5
3003,Hesher,8
3004,The Heart of Me,8
3004,The Heart of Me,17
3005,Freeheld,4
3005,Freeheld,8
3005,Freeheld,17
3006,The Extra Man,5
3007,Ca$h,5
3007,Ca$h,6
3007,Ca$h,20
3008,Wah-Wah,8
3009,Pale Rider,22
3010,Dazed and Confused,5
3011,The Chumscrubber,5
3011,The Chumscrubber,8
3012,Shade,6
3012,Shade,20
3013,House at the End of the Street,8
3013,House at the End of the Street,13
3013,House at the End of the Street,20
3014,Incendies,8
3014,Incendies,16
3014,Incendies,21
3015,"Remember Me, My Love",5
3015,"Remember Me, My Love",8
3015,"Remember Me, My Love",17
3016,Elite Squad,1
3016,Elite Squad,6
3016,Elite Squad,8
3016,Elite Squad,20
3017,Annabelle,13
3017,Annabelle,16
3018,Bran Nue Dae,5
3018,Bran Nue Dae,8
3018,Bran Nue Dae,15
3019,Boyz n the Hood,6
3019,Boyz n the Hood,8
3020,La Bamba,4
3020,La Bamba,8
3020,La Bamba,14
3021,Dressed to Kill,16
3021,Dressed to Kill,17
3021,Dressed to Kill,20
3022,The Adventures of Huck Finn,2
3022,The Adventures of Huck Finn,5
3022,The Adventures of Huck Finn,8
3022,The Adventures of Huck Finn,9
3023,Go,5
3023,Go,6
3024,Friends with Money,5
3024,Friends with Money,8
3024,Friends with Money,17
3025,Bats,13
3025,Bats,18
3025,Bats,20
3026,Nowhere in Africa,4
3026,Nowhere in Africa,8
3027,Shame,8
3028,Layer Cake,6
3028,Layer Cake,8
3028,Layer Cake,20
3029,The Work and the Glory II: American Zion,8
3029,The Work and the Glory II: American Zion,22
3030,The East,8
3030,The East,20
3031,A Home at the End of the World,8
3031,A Home at the End of the World,17
3032,The Messenger,8
3032,The Messenger,17
3032,The Messenger,21
3033,Control,4
3033,Control,8
3033,Control,14
3034,The Terminator,1
3034,The Terminator,18
3035,Good Bye Lenin!,8
3035,Good Bye Lenin!,17
3036,The Damned United,4
3036,The Damned United,8
3036,The Damned United,19
3037,Mallrats,5
3037,Mallrats,17
3038,Grease,15
3038,Grease,17
3039,Platoon,8
3039,Platoon,21
3040,Fahrenheit 9/11,7
3040,Fahrenheit 9/11,8
3040,Fahrenheit 9/11,21
3041,Butch Cassidy and the Sundance Kid,4
3041,Butch Cassidy and the Sundance Kid,6
3041,Butch Cassidy and the Sundance Kid,8
3041,Butch Cassidy and the Sundance Kid,22
3042,Mary Poppins,5
3042,Mary Poppins,9
3042,Mary Poppins,10
3042,Mary Poppins,15
3043,Ordinary People,8
3044,West Side Story,6
3044,West Side Story,8
3044,West Side Story,15
3044,West Side Story,17
3044,West Side Story,20
3045,Caddyshack,5
3045,Caddyshack,19
3046,The Brothers,5
3046,The Brothers,8
3047,The Wood,5
3047,The Wood,8
3047,The Wood,17
3048,The Usual Suspects,6
3048,The Usual Suspects,8
3048,The Usual Suspects,16
3048,The Usual Suspects,20
3049,A Nightmare on Elm Street 5: The Dream Child,10
3049,A Nightmare on Elm Street 5: The Dream Child,13
3049,A Nightmare on Elm Street 5: The Dream Child,17
3049,A Nightmare on Elm Street 5: The Dream Child,20
3050,Van Wilder: Party Liaison,5
3050,Van Wilder: Party Liaison,17
3051,The Wrestler,8
3051,The Wrestler,19
3052,Duel in the Sun,8
3052,Duel in the Sun,17
3052,Duel in the Sun,22
3053,Best in Show,5
3054,Escape from New York,1
3054,Escape from New York,18
3055,School Daze,5
3055,School Daze,8
3055,School Daze,15
3056,Daddy Day Camp,5
3056,Daddy Day Camp,9
3057,Mystic Pizza,5
3057,Mystic Pizza,8
3057,Mystic Pizza,17
3058,Sliding Doors,5
3058,Sliding Doors,8
3058,Sliding Doors,10
3058,Sliding Doors,17
3059,Tales from the Hood,5
3059,Tales from the Hood,13
3059,Tales from the Hood,20
3060,The Last King of Scotland,4
3060,The Last King of Scotland,8
3060,The Last King of Scotland,12
3060,The Last King of Scotland,20
3061,Halloween 5,13
3061,Halloween 5,20
3062,Bernie,5
3062,Bernie,6
3062,Bernie,8
3063,Pollock,4
3063,Pollock,8
3064,200 Cigarettes,5
3064,200 Cigarettes,8
3064,200 Cigarettes,17
3065,The Words,8
3065,The Words,16
3065,The Words,17
3065,The Words,20
3066,Casa de mi Padre,5
3066,Casa de mi Padre,22
3067,City Island,5
3067,City Island,8
3068,The Guard,5
3068,The Guard,6
3068,The Guard,20
3069,College,5
3070,The Virgin Suicides,8
3070,The Virgin Suicides,17
3071,Miss March,5
3071,Miss March,17
3072,Wish I Was Here,5
3072,Wish I Was Here,8
3073,Simply Irresistible,5
3073,Simply Irresistible,8
3073,Simply Irresistible,10
3073,Simply Irresistible,17
3074,Hedwig and the Angry Inch,5
3074,Hedwig and the Angry Inch,8
3074,Hedwig and the Angry Inch,14
3074,Hedwig and the Angry Inch,15
3075,Only the Strong,1
3075,Only the Strong,8
3076,Shattered Glass,8
3076,Shattered Glass,12
3077,Novocaine,5
3077,Novocaine,6
3077,Novocaine,8
3077,Novocaine,20
3078,The Wackness,5
3078,The Wackness,8
3078,The Wackness,17
3079,Beastmaster 2: Through the Portal of Time,1
3079,Beastmaster 2: Through the Portal of Time,2
3079,Beastmaster 2: Through the Portal of Time,10
3079,Beastmaster 2: Through the Portal of Time,18
3080,The 5th Quarter,4
3080,The 5th Quarter,8
3080,The 5th Quarter,19
3081,The Greatest,8
3081,The Greatest,17
3082,Come Early Morning,8
3082,Come Early Morning,17
3083,Lucky Break,5
3083,Lucky Break,6
3083,Lucky Break,17
3084,"Surfer, Dude",5
3085,Deadfall,6
3085,Deadfall,8
3085,Deadfall,20
3086,L'auberge espagnole,5
3086,L'auberge espagnole,8
3087,Winter in Wartime,8
3087,Winter in Wartime,12
3087,Winter in Wartime,21
3088,The Protector,1
3088,The Protector,6
3088,The Protector,8
3088,The Protector,20
3089,Bend It Like Beckham,5
3089,Bend It Like Beckham,8
3089,Bend It Like Beckham,17
3089,Bend It Like Beckham,19
3090,Sunshine State,8
3090,Sunshine State,17
3091,Crossover,1
3091,Crossover,19
3092,[Rec] 2,13
3093,The Sting,5
3093,The Sting,6
3093,The Sting,8
3094,Chariots of Fire,4
3094,Chariots of Fire,8
3094,Chariots of Fire,19
3095,Diary of a Mad Black Woman,5
3095,Diary of a Mad Black Woman,8
3095,Diary of a Mad Black Woman,17
3096,Shine,4
3096,Shine,8
3096,Shine,14
3096,Shine,17
3097,Don Jon,5
3097,Don Jon,8
3097,Don Jon,17
3098,Ghost World,5
3098,Ghost World,8
3099,Iris,4
3099,Iris,8
3099,Iris,17
3100,The Chorus,8
3100,The Chorus,14
3101,Mambo Italiano,5
3101,Mambo Italiano,8
3102,Wonderland,6
3102,Wonderland,8
3102,Wonderland,16
3102,Wonderland,20
3103,Do the Right Thing,8
3104,Harvard Man,5
3104,Harvard Man,6
3104,Harvard Man,8
3104,Harvard Man,17
3104,Harvard Man,20
3105,Le Havre,5
3105,Le Havre,8
3106,R100,5
3106,R100,8
3107,Salvation Boulevard,1
3107,Salvation Boulevard,5
3107,Salvation Boulevard,8
3107,Salvation Boulevard,20
3108,The Ten,5
3108,The Ten,17
3109,Headhunters,6
3109,Headhunters,8
3109,Headhunters,20
3110,Saint Ralph,5
3110,Saint Ralph,8
3110,Saint Ralph,19
3111,Insidious: Chapter 2,10
3111,Insidious: Chapter 2,13
3111,Insidious: Chapter 2,20
3112,Saw II,13
3112,Saw II,16
3113,10 Cloverfield Lane,8
3113,10 Cloverfield Lane,13
3113,10 Cloverfield Lane,16
3113,10 Cloverfield Lane,18
3113,10 Cloverfield Lane,20
3114,Jackass: The Movie,5
3114,Jackass: The Movie,7
3115,Lights Out,13
3116,Paranormal Activity 3,13
3117,Ouija,10
3117,Ouija,13
3118,A Nightmare on Elm Street 3: Dream Warriors,1
3118,A Nightmare on Elm Street 3: Dream Warriors,10
3118,A Nightmare on Elm Street 3: Dream Warriors,13
3118,A Nightmare on Elm Street 3: Dream Warriors,20
3119,Instructions Not Included,5
3119,Instructions Not Included,8
3120,Paranormal Activity 4,13
3121,The Robe,8
3121,The Robe,12
3122,Freddy's Dead: The Final Nightmare,5
3122,Freddy's Dead: The Final Nightmare,10
3122,Freddy's Dead: The Final Nightmare,13
3122,Freddy's Dead: The Final Nightmare,20
3123,Monster,4
3123,Monster,6
3123,Monster,8
3123,Monster,20
3124,Paranormal Activity: The Marked Ones,10
3124,Paranormal Activity: The Marked Ones,13
3124,Paranormal Activity: The Marked Ones,20
3125,Dallas Buyers Club,4
3125,Dallas Buyers Club,8
3126,The Lazarus Effect,13
3126,The Lazarus Effect,18
3126,The Lazarus Effect,20
3127,Memento,16
3127,Memento,20
3128,Oculus,13
3128,Oculus,16
3129,Clerks II,5
3130,Billy Elliot,8
3130,Billy Elliot,14
3131,The Way Way Back,5
3131,The Way Way Back,8
3132,House Party 2,5
3132,House Party 2,8
3132,House Party 2,14
3132,House Party 2,17
3133,Doug's 1st Movie,3
3133,Doug's 1st Movie,5
3133,Doug's 1st Movie,9
3134,The Apostle,8
3135,Our Idiot Brother,5
3135,Our Idiot Brother,8
3136,The Players Club,5
3136,The Players Club,8
3137,"As Above, So Below",13
3137,"As Above, So Below",16
3137,"As Above, So Below",20
3138,Addicted,8
3138,Addicted,20
3139,Eve's Bayou,8
3140,Still Alice,8
3141,Friday the 13th Part VIII: Jason Takes Manhattan,2
3141,Friday the 13th Part VIII: Jason Takes Manhattan,13
3142,My Big Fat Greek Wedding,5
3142,My Big Fat Greek Wedding,9
3142,My Big Fat Greek Wedding,17
3143,Spring Breakers,6
3143,Spring Breakers,8
3144,Halloween: The Curse of Michael Myers,13
3144,Halloween: The Curse of Michael Myers,20
3145,Y Tu Mamá También,2
3145,Y Tu Mamá También,5
3145,Y Tu Mamá También,8
3145,Y Tu Mamá También,17
3146,Shaun of the Dead,5
3146,Shaun of the Dead,13
3147,The Haunting of Molly Hartley,8
3147,The Haunting of Molly Hartley,13
3147,The Haunting of Molly Hartley,20
3148,Lone Star,8
3148,Lone Star,16
3149,Halloween 4: The Return of Michael Myers,13
3149,Halloween 4: The Return of Michael Myers,20
3150,April Fool's Day,13
3150,April Fool's Day,16
3151,Diner,5
3151,Diner,8
3152,Lone Wolf McQuade,1
3152,Lone Wolf McQuade,6
3152,Lone Wolf McQuade,8
3152,Lone Wolf McQuade,20
3152,Lone Wolf McQuade,22
3153,Apollo 18,13
3153,Apollo 18,16
3153,Apollo 18,18
3153,Apollo 18,20
3154,Sunshine Cleaning,5
3154,Sunshine Cleaning,8
3155,No Escape,1
3155,No Escape,20
3156,Not Easily Broken,8
3156,Not Easily Broken,17
3157,Digimon: The Movie,1
3157,Digimon: The Movie,2
3157,Digimon: The Movie,3
3157,Digimon: The Movie,9
3157,Digimon: The Movie,18
3158,Saved!,5
3158,Saved!,8
3159,The Barbarian Invasions,5
3159,The Barbarian Invasions,6
3159,The Barbarian Invasions,8
3159,The Barbarian Invasions,16
3159,The Barbarian Invasions,17
3160,The Forsaken,13
3160,The Forsaken,20
3161,UHF,5
3161,UHF,8
3162,Slums of Beverly Hills,5
3162,Slums of Beverly Hills,8
3163,Made,5
3163,Made,6
3163,Made,8
3163,Made,20
3164,Moon,8
3164,Moon,16
3164,Moon,18
3165,The Sweet Hereafter,8
3166,Of Gods and Men,8
3167,Bottle Shock,5
3167,Bottle Shock,8
3168,Heavenly Creatures,4
3168,Heavenly Creatures,6
3168,Heavenly Creatures,8
3168,Heavenly Creatures,17
3168,Heavenly Creatures,20
3169,90 Minutes in Heaven,8
3170,Everything Must Go,5
3170,Everything Must Go,8
3171,Zero Effect,5
3171,Zero Effect,6
3171,Zero Effect,8
3171,Zero Effect,16
3171,Zero Effect,20
3172,The Machinist,8
3172,The Machinist,20
3173,Light Sleeper,6
3173,Light Sleeper,8
3174,Kill the Messenger,4
3174,Kill the Messenger,6
3174,Kill the Messenger,8
3174,Kill the Messenger,16
3174,Kill the Messenger,20
3175,Rabbit Hole,8
3176,Party Monster,4
3176,Party Monster,6
3176,Party Monster,8
3176,Party Monster,20
3177,Green Room,6
3177,Green Room,13
3177,Green Room,14
3177,Green Room,20
3178,Bottle Rocket,5
3178,Bottle Rocket,6
3178,Bottle Rocket,8
3179,Albino Alligator,6
3179,Albino Alligator,8
3179,Albino Alligator,20
3180,"Lovely, Still",8
3180,"Lovely, Still",17
3181,Desert Blue,8
3182,The Visit,13
3182,The Visit,20
3183,Redacted,6
3183,Redacted,20
3183,Redacted,21
3184,Fascination,16
3184,Fascination,17
3184,Fascination,20
3185,I Served the King of England,5
3185,I Served the King of England,8
3185,I Served the King of England,17
3185,I Served the King of England,21
3186,Sling Blade,8
3187,Hostel,13
3188,Tristram Shandy: A Cock and Bull Story,5
3188,Tristram Shandy: A Cock and Bull Story,8
3189,Take Shelter,8
3189,Take Shelter,20
3190,Lady in White,10
3190,Lady in White,13
3190,Lady in White,16
3190,Lady in White,20
3191,The Texas Chainsaw Massacre 2,5
3191,The Texas Chainsaw Massacre 2,13
3192,Only God Forgives,6
3192,Only God Forgives,8
3193,The Names of Love,5
3193,The Names of Love,8
3193,The Names of Love,17
3194,Savage Grace,8
3195,Police Academy,5
3196,Four Weddings and a Funeral,5
3196,Four Weddings and a Funeral,8
3196,Four Weddings and a Funeral,17
3197,25th Hour,8
3198,Bound,6
3198,Bound,8
3198,Bound,17
3198,Bound,20
3199,Requiem for a Dream,8
3200,Tango,8
3200,Tango,15
3201,Moms' Night Out,5
3202,Donnie Darko,8
3202,Donnie Darko,18
3202,Donnie Darko,20
3203,Character,6
3203,Character,8
3203,Character,16
3204,Spun,5
3204,Spun,6
3204,Spun,8
3205,Lady Vengeance,6
3205,Lady Vengeance,8
3206,Mean Machine,5
3206,Mean Machine,8
3206,Mean Machine,19
3207,Exiled,1
3207,Exiled,6
3207,Exiled,20
3208,After.Life,8
3208,After.Life,13
3208,After.Life,16
3208,After.Life,20
3209,One Flew Over the Cuckoo's Nest,8
3210,The Sweeney,1
3210,The Sweeney,6
3210,The Sweeney,8
3211,Whale Rider,8
3211,Whale Rider,9
3212,Night Watch,10
3212,Night Watch,20
3213,The Crying Game,6
3213,The Crying Game,8
3213,The Crying Game,17
3213,The Crying Game,20
3214,Porky's,5
3215,Survival of the Dead,13
3216,Lost in Translation,8
3217,Annie Hall,5
3217,Annie Hall,17
3218,The Greatest Show on Earth,8
3218,The Greatest Show on Earth,9
3218,The Greatest Show on Earth,17
3219,Monster's Ball,8
3219,Monster's Ball,17
3220,Maggie,8
3220,Maggie,13
3221,Leaving Las Vegas,8
3221,Leaving Las Vegas,17
3222,The Boy Next Door,16
3222,The Boy Next Door,20
3223,The Kids Are All Right,5
3223,The Kids Are All Right,8
3224,They Live,13
3224,They Live,18
3224,They Live,20
3225,The Last Exorcism Part II,8
3225,The Last Exorcism Part II,13
3225,The Last Exorcism Part II,20
3226,Boyhood,8
3227,Scoop,5
3227,Scoop,6
3227,Scoop,16
3228,The Wash,5
3229,3 Strikes,5
3230,The Cooler,6
3230,The Cooler,8
3230,The Cooler,10
3230,The Cooler,17
3231,The Night Listener,6
3231,The Night Listener,16
3231,The Night Listener,20
3232,The Orphanage,8
3232,The Orphanage,16
3232,The Orphanage,20
3233,A Haunted House 2,5
3233,A Haunted House 2,10
3234,The Rules of Attraction,5
3234,The Rules of Attraction,8
3234,The Rules of Attraction,17
3235,Four Rooms,5
3235,Four Rooms,10
3236,Secretary,5
3236,Secretary,8
3236,Secretary,17
3237,The Real Cancun,7
3238,Talk Radio,8
3239,Waiting for Guffman,5
3240,Love Stinks,5
3241,You Kill Me,5
3241,You Kill Me,6
3241,You Kill Me,17
3241,You Kill Me,20
3242,Thumbsucker,5
3242,Thumbsucker,8
3243,Mirrormask,2
3243,Mirrormask,10
3244,Samsara,7
3244,Samsara,14
3245,The Barbarians,2
3245,The Barbarians,10
3246,Poolhall Junkies,8
3246,Poolhall Junkies,20
3247,The Loss of Sexual Innocence,8
3248,Joe,8
3249,Shooting Fish,5
3249,Shooting Fish,6
3249,Shooting Fish,17
3250,Prison,6
3250,Prison,8
3250,Prison,13
3250,Prison,20
3251,Psycho Beach Party,5
3251,Psycho Beach Party,13
3251,Psycho Beach Party,16
3252,The Big Tease,5
3253,Trust,6
3253,Trust,8
3253,Trust,20
3254,An Everlasting Piece,5
3255,Adore,8
3255,Adore,17
3256,Mondays in the Sun,5
3256,Mondays in the Sun,8
3257,Stake Land,8
3257,Stake Land,13
3257,Stake Land,18
3258,The Last Time I Committed Suicide,4
3258,The Last Time I Committed Suicide,8
3259,Futuro Beach,8
3260,Gone with the Wind,8
3260,Gone with the Wind,12
3260,Gone with the Wind,17
3260,Gone with the Wind,21
3261,Desert Dancer,4
3261,Desert Dancer,8
3262,Major Dundee,2
3262,Major Dundee,21
3262,Major Dundee,22
3263,Annie Get Your Gun,4
3263,Annie Get Your Gun,5
3263,Annie Get Your Gun,15
3263,Annie Get Your Gun,17
3263,Annie Get Your Gun,22
3264,Defendor,5
3264,Defendor,6
3264,Defendor,8
3265,The Pirate,2
3265,The Pirate,5
3265,The Pirate,15
3265,The Pirate,17
3266,The Good Heart,8
3267,The History Boys,5
3267,The History Boys,8
3268,The Full Monty,5
3268,The Full Monty,8
3268,The Full Monty,14
3269,Airplane!,5
3270,Friday,5
3270,Friday,8
3271,Menace II Society,6
3271,Menace II Society,8
3271,Menace II Society,20
3272,Creepshow 2,5
3272,Creepshow 2,10
3272,Creepshow 2,13
3272,Creepshow 2,20
3273,The Witch,13
3273,The Witch,16
3274,I Got the Hook Up,5
3275,She's the One,5
3275,She's the One,8
3275,She's the One,17
3276,Gods and Monsters,4
3276,Gods and Monsters,8
3277,The Secret in Their Eyes,8
3277,The Secret in Their Eyes,16
3277,The Secret in Their Eyes,20
3278,Evil Dead II,5
3278,Evil Dead II,10
3278,Evil Dead II,13
3278,Evil Dead II,20
3279,Pootie Tang,1
3279,Pootie Tang,2
3279,Pootie Tang,5
3279,Pootie Tang,15
3280,La otra conquista,8
3280,La otra conquista,12
3281,Trollhunter,5
3281,Trollhunter,8
3281,Trollhunter,10
3281,Trollhunter,13
3282,Ira & Abby,5
3282,Ira & Abby,17
3283,Winter Passing,5
3283,Winter Passing,8
3284,D.E.B.S.,1
3284,D.E.B.S.,5
3284,D.E.B.S.,17
3285,March of the Penguins,7
3286,Margin Call,4
3286,Margin Call,8
3286,Margin Call,20
3287,Choke,5
3287,Choke,8
3288,Whiplash,8
3288,Whiplash,14
3289,City of God,6
3289,City of God,8
3290,Human Traffic,5
3290,Human Traffic,14
3291,The Hunt,8
3292,Bella,8
3292,Bella,17
3293,Maria Full of Grace,6
3293,Maria Full of Grace,8
3294,Beginners,5
3294,Beginners,8
3294,Beginners,17
3295,Animal House,5
3296,Goldfinger,1
3296,Goldfinger,2
3296,Goldfinger,20
3297,Trainspotting,8
3298,The Original Kings of Comedy,5
3298,The Original Kings of Comedy,7
3299,Paranormal Activity 2,13
3300,Waking Ned Devine,5
3301,Bowling for Columbine,6
3301,Bowling for Columbine,7
3301,Bowling for Columbine,8
3302,A Nightmare on Elm Street 2: Freddy's Revenge,10
3302,A Nightmare on Elm Street 2: Freddy's Revenge,13
3303,A Room with a View,8
3303,A Room with a View,17
3304,The Purge,13
3304,The Purge,18
3304,The Purge,20
3305,Sinister,13
3305,Sinister,16
3306,Martin Lawrence Live: Runteldat,4
3306,Martin Lawrence Live: Runteldat,5
3306,Martin Lawrence Live: Runteldat,7
3307,Air Bud,5
3307,Air Bud,8
3307,Air Bud,9
3307,Air Bud,19
3308,Jason Lives: Friday the 13th Part VI,13
3308,Jason Lives: Friday the 13th Part VI,20
3309,The Bridge on the River Kwai,2
3309,The Bridge on the River Kwai,8
3309,The Bridge on the River Kwai,21
3310,Spaced Invaders,2
3310,Spaced Invaders,5
3310,Spaced Invaders,18
3311,Jason Goes to Hell: The Final Friday,10
3311,Jason Goes to Hell: The Final Friday,13
3311,Jason Goes to Hell: The Final Friday,20
3312,Dave Chappelle's Block Party,5
3312,Dave Chappelle's Block Party,7
3312,Dave Chappelle's Block Party,14
3313,Next Day Air,1
3313,Next Day Air,5
3313,Next Day Air,6
3314,Phat Girlz,5
3315,Before Midnight,8
3315,Before Midnight,17
3316,Teen Wolf Too,5
3316,Teen Wolf Too,10
3317,Phantasm II,1
3317,Phantasm II,10
3317,Phantasm II,13
3317,Phantasm II,18
3317,Phantasm II,20
3318,Real Women Have Curves,5
3318,Real Women Have Curves,8
3319,East Is East,5
3319,East Is East,8
3320,Whipped,5
3320,Whipped,17
3321,Kama Sutra: A Tale of Love,6
3321,Kama Sutra: A Tale of Love,8
3321,Kama Sutra: A Tale of Love,12
3321,Kama Sutra: A Tale of Love,17
3322,Warlock: The Armageddon,10
3322,Warlock: The Armageddon,13
3323,8 Heads in a Duffel Bag,5
3323,8 Heads in a Duffel Bag,6
3324,Thirteen Conversations About One Thing,8
3325,Jawbreaker,5
3325,Jawbreaker,6
3325,Jawbreaker,20
3326,Basquiat,4
3326,Basquiat,8
3327,Tsotsi,6
3327,Tsotsi,8
3328,DysFunktional Family,5
3328,DysFunktional Family,7
3329,Tusk,5
3329,Tusk,8
3329,Tusk,13
3330,Oldboy,8
3330,Oldboy,16
3330,Oldboy,20
3331,Letters to God,8
3331,Letters to God,9
3332,Hobo with a Shotgun,1
3332,Hobo with a Shotgun,5
3332,Hobo with a Shotgun,20
3333,Bachelorette,5
3333,Bachelorette,17
3334,Tim and Eric's Billion Dollar Movie,5
3335,Summer Storm,5
3335,Summer Storm,8
3335,Summer Storm,17
3335,Summer Storm,19
3336,Chain Letter,13
3336,Chain Letter,20
3337,Just Looking,5
3337,Just Looking,8
3338,The Divide,8
3338,The Divide,18
3338,The Divide,20
3339,Central Station,8
3340,Boynton Beach Club,5
3340,Boynton Beach Club,17
3341,High Tension,13
3342,Hustle & Flow,6
3342,Hustle & Flow,8
3342,Hustle & Flow,14
3343,Some Like It Hot,5
3343,Some Like It Hot,14
3343,Some Like It Hot,17
3344,Friday the 13th Part VII: The New Blood,13
3345,The Wizard of Oz,2
3345,The Wizard of Oz,9
3345,The Wizard of Oz,10
3345,The Wizard of Oz,15
3346,Young Frankenstein,5
3347,Diary of the Dead,13
3348,Ulee's Gold,8
3349,Blazing Saddles,5
3349,Blazing Saddles,22
3350,Friday the 13th: The Final Chapter,13
3350,Friday the 13th: The Final Chapter,20
3351,Maurice,8
3351,Maurice,17
3352,Timecrimes,13
3352,Timecrimes,16
3352,Timecrimes,18
3352,Timecrimes,20
3353,A Haunted House,5
3353,A Haunted House,10
3354,2016: Obama's America,7
3355,That Thing You Do!,5
3355,That Thing You Do!,8
3355,That Thing You Do!,14
3356,Halloween III: Season of the Witch,13
3356,Halloween III: Season of the Witch,16
3356,Halloween III: Season of the Witch,18
3357,Kevin Hart: Let Me Explain,5
3357,Kevin Hart: Let Me Explain,7
3358,My Own Private Idaho,8
3359,Garden State,5
3359,Garden State,8
3359,Garden State,17
3360,Before Sunrise,8
3360,Before Sunrise,17
3361,Jesus' Son,8
3362,Robot & Frank,5
3362,Robot & Frank,6
3362,Robot & Frank,8
3362,Robot & Frank,18
3363,My Life Without Me,8
3363,My Life Without Me,17
3364,The Spectacular Now,5
3364,The Spectacular Now,8
3364,The Spectacular Now,17
3365,Religulous,5
3365,Religulous,7
3365,Religulous,21
3366,Fuel,7
3367,Eye of the Dolphin,5
3367,Eye of the Dolphin,8
3367,Eye of the Dolphin,9
3368,8: The Mormon Proposition,7
3369,The Other End of the Line,5
3369,The Other End of the Line,8
3369,The Other End of the Line,17
3370,Anatomy,13
3370,Anatomy,20
3371,Sleep Dealer,8
3371,Sleep Dealer,17
3371,Sleep Dealer,18
3371,Sleep Dealer,20
3372,Super,5
3372,Super,6
3372,Super,8
3373,Get on the Bus,8
3373,Get on the Bus,12
3374,Thr3e,8
3374,Thr3e,13
3374,Thr3e,16
3374,Thr3e,20
3375,This Is England,6
3375,This Is England,8
3376,Go for It!,8
3376,Go for It!,15
3377,Friday the 13th Part III,13
3377,Friday the 13th Part III,20
3378,Friday the 13th: A New Beginning,13
3378,Friday the 13th: A New Beginning,16
3378,Friday the 13th: A New Beginning,20
3379,The Last Sin Eater,8
3380,The Best Years of Our Lives,8
3380,The Best Years of Our Lives,17
3380,The Best Years of Our Lives,21
3381,Elling,5
3381,Elling,8
3382,From Russia with Love,1
3382,From Russia with Love,2
3382,From Russia with Love,20
3383,The Toxic Avenger Part II,1
3383,The Toxic Avenger Part II,5
3383,The Toxic Avenger Part II,13
3383,The Toxic Avenger Part II,18
3384,It Follows,13
3384,It Follows,16
3385,Mad Max 2: The Road Warrior,1
3385,Mad Max 2: The Road Warrior,2
3385,Mad Max 2: The Road Warrior,18
3385,Mad Max 2: The Road Warrior,20
3386,The Legend of Drunken Master,1
3386,The Legend of Drunken Master,5
3387,Boys Don't Cry,4
3387,Boys Don't Cry,6
3387,Boys Don't Cry,8
3387,Boys Don't Cry,17
3388,Silent House,8
3388,Silent House,13
3388,Silent House,16
3388,Silent House,20
3389,The Lives of Others,8
3389,The Lives of Others,20
3390,Courageous,8
3391,The Triplets of Belleville,3
3391,The Triplets of Belleville,5
3391,The Triplets of Belleville,8
3392,Smoke Signals,5
3392,Smoke Signals,8
3393,Before Sunset,8
3393,Before Sunset,17
3394,Amores Perros,8
3394,Amores Perros,20
3395,Thirteen,8
3396,Winter's Bone,8
3397,Me and You and Everyone We Know,5
3397,Me and You and Everyone We Know,8
3398,We Are Your Friends,8
3398,We Are Your Friends,14
3398,We Are Your Friends,17
3399,Harsh Times,1
3399,Harsh Times,6
3399,Harsh Times,8
3399,Harsh Times,20
3400,Captive,6
3400,Captive,8
3400,Captive,20
3401,Full Frontal,5
3401,Full Frontal,17
3402,Witchboard,13
3402,Witchboard,16
3402,Witchboard,20
3403,Shortbus,5
3403,Shortbus,8
3403,Shortbus,17
3404,Waltz with Bashir,3
3404,Waltz with Bashir,4
3404,Waltz with Bashir,7
3404,Waltz with Bashir,8
3404,Waltz with Bashir,12
3404,Waltz with Bashir,21
3405,"The Book of Mormon Movie, Volume 1: The Journey",2
3406,The Diary of a Teenage Girl,8
3406,The Diary of a Teenage Girl,17
3407,In the Shadow of the Moon,7
3407,In the Shadow of the Moon,12
3408,Inside Deep Throat,4
3408,Inside Deep Throat,7
3408,Inside Deep Throat,12
3409,The Virginity Hit,5
3410,House of D,5
3410,House of D,8
3411,Six-String Samurai,1
3411,Six-String Samurai,2
3411,Six-String Samurai,5
3411,Six-String Samurai,8
3411,Six-String Samurai,14
3411,Six-String Samurai,18
3412,Saint John of Las Vegas,5
3412,Saint John of Las Vegas,8
3413,Stonewall,8
3414,London,8
3414,London,17
3415,Sherrybaby,8
3416,Gangster's Paradise: Jerusalema,1
3416,Gangster's Paradise: Jerusalema,6
3416,Gangster's Paradise: Jerusalema,8
3417,The Lady from Shanghai,6
3417,The Lady from Shanghai,8
3417,The Lady from Shanghai,11
3417,The Lady from Shanghai,16
3417,The Lady from Shanghai,20
3418,The Ghastly Love of Johnny X,5
3418,The Ghastly Love of Johnny X,10
3418,The Ghastly Love of Johnny X,15
3418,The Ghastly Love of Johnny X,18
3419,River's Edge,6
3419,River's Edge,8
3420,Northfork,8
3420,Northfork,10
3421,Buried,8
3421,Buried,16
3421,Buried,20
3422,One to Another,8
3423,Man on Wire,4
3423,Man on Wire,6
3423,Man on Wire,7
3423,Man on Wire,12
3423,Man on Wire,20
3424,Brotherly Love,8
3425,The Last Exorcism,8
3425,The Last Exorcism,13
3425,The Last Exorcism,20
3426,El crimen del padre Amaro,8
3426,El crimen del padre Amaro,17
3427,Beasts of the Southern Wild,8
3427,Beasts of the Southern Wild,10
3428,Songcatcher,8
3428,Songcatcher,14
3429,Run Lola Run,6
3429,Run Lola Run,8
3430,May,8
3430,May,13
3431,In the Bedroom,6
3431,In the Bedroom,8
3432,I Spit on Your Grave,13
3432,I Spit on Your Grave,20
3433,"Happy, Texas",5
3433,"Happy, Texas",6
3433,"Happy, Texas",17
3434,My Summer of Love,8
3434,My Summer of Love,17
3435,The Lunchbox,8
3435,The Lunchbox,17
3436,Yes,8
3436,Yes,17
3437,Caramel,5
3437,Caramel,8
3437,Caramel,17
3438,Mississippi Mermaid,6
3438,Mississippi Mermaid,8
3438,Mississippi Mermaid,17
3439,I Love Your Work,8
3439,I Love Your Work,16
3440,Waitress,5
3440,Waitress,8
3440,Waitress,17
3441,Bloodsport,1
3441,Bloodsport,4
3441,Bloodsport,8
3441,Bloodsport,19
3442,The Squid and the Whale,5
3442,The Squid and the Whale,8
3443,Kissing Jessica Stein,5
3443,Kissing Jessica Stein,8
3443,Kissing Jessica Stein,17
3444,Exotica,8
3444,Exotica,16
3444,Exotica,17
3445,Buffalo '66,5
3445,Buffalo '66,6
3445,Buffalo '66,8
3445,Buffalo '66,17
3446,Insidious,10
3446,Insidious,13
3446,Insidious,16
3446,Insidious,20
3447,Nine Queens,6
3447,Nine Queens,8
3447,Nine Queens,20
3448,The Ballad of Jack and Rose,8
3449,The To Do List,5
3449,The To Do List,17
3450,Killing Zoe,6
3450,Killing Zoe,8
3450,Killing Zoe,20
3451,The Believer,8
3452,Session 9,13
3452,Session 9,16
3453,I Want Someone to Eat Cheese With,5
3453,I Want Someone to Eat Cheese With,17
3454,Modern Times,5
3454,Modern Times,8
3454,Modern Times,9
3455,Stolen Summer,8
3456,My Name Is Bruce,5
3456,My Name Is Bruce,10
3457,Pontypool,10
3457,Pontypool,13
3458,Trucker,8
3459,The Lords of Salem,8
3459,The Lords of Salem,10
3459,The Lords of Salem,13
3459,The Lords of Salem,20
3460,Snow White and the Seven Dwarfs,3
3460,Snow White and the Seven Dwarfs,9
3460,Snow White and the Seven Dwarfs,10
3460,Snow White and the Seven Dwarfs,15
3461,The Holy Girl,8
3462,Incident at Loch Ness,2
3462,Incident at Loch Ness,5
3462,Incident at Loch Ness,13
3463,"Lock, Stock and Two Smoking Barrels",5
3463,"Lock, Stock and Two Smoking Barrels",6
3464,The Celebration,8
3465,Trees Lounge,5
3465,Trees Lounge,8
3466,Journey from the Fall,8
3467,The Basket,8
3468,The Hebrew Hammer,5
3469,Friday the 13th Part 2,13
3469,Friday the 13th Part 2,16
3469,Friday the 13th Part 2,20
3470,"Sex, Lies, and Videotape",8
3471,Saw,13
3471,Saw,16
3471,Saw,20
3472,Super Troopers,5
3472,Super Troopers,6
3472,Super Troopers,16
3473,Monsoon Wedding,5
3473,Monsoon Wedding,8
3473,Monsoon Wedding,17
3474,You Can Count on Me,8
3475,But I'm a Cheerleader,5
3475,But I'm a Cheerleader,8
3476,Home Run,8
3476,Home Run,19
3477,Reservoir Dogs,6
3477,Reservoir Dogs,8
3477,Reservoir Dogs,20
3478,"The Good, the Bad and the Ugly",22
3479,The Second Mother,5
3479,The Second Mother,8
3480,Blue Like Jazz,5
3480,Blue Like Jazz,8
3481,Down and Out with the Dolls,5
3481,Down and Out with the Dolls,14
3482,Airborne,2
3482,Airborne,5
3482,Airborne,19
3483,Waiting...,5
3484,From a Whisper to a Scream,1
3484,From a Whisper to a Scream,8
3484,From a Whisper to a Scream,13
3484,From a Whisper to a Scream,20
3485,Beyond the Black Rainbow,18
3485,Beyond the Black Rainbow,20
3486,The Raid: Redemption,1
3486,The Raid: Redemption,6
3486,The Raid: Redemption,20
3487,Rocky,8
3487,Rocky,19
3488,Unfriended,13
3488,Unfriended,16
3488,Unfriended,20
3489,The Howling,13
3490,Dr. No,1
3490,Dr. No,2
3490,Dr. No,20
3491,Chernobyl Diaries,13
3491,Chernobyl Diaries,16
3491,Chernobyl Diaries,18
3491,Chernobyl Diaries,20
3492,Hellraiser,10
3492,Hellraiser,13
3493,God's Not Dead 2,8
3494,Cry_Wolf,8
3494,Cry_Wolf,13
3494,Cry_Wolf,16
3494,Cry_Wolf,20
3495,Godzilla 2000,1
3495,Godzilla 2000,2
3495,Godzilla 2000,8
3495,Godzilla 2000,18
3495,Godzilla 2000,20
3496,Blue Valentine,8
3496,Blue Valentine,17
3497,Transamerica,2
3497,Transamerica,5
3497,Transamerica,8
3498,The Devil Inside,13
3499,Beyond the Valley of the Dolls,5
3499,Beyond the Valley of the Dolls,8
3499,Beyond the Valley of the Dolls,14
3500,The Green Inferno,2
3500,The Green Inferno,13
3501,The Sessions,4
3501,The Sessions,5
3501,The Sessions,8
3501,The Sessions,17
3502,Next Stop Wonderland,5
3502,Next Stop Wonderland,8
3502,Next Stop Wonderland,17
3503,Frozen River,6
3503,Frozen River,8
3504,20 Feet from Stardom,7
3504,20 Feet from Stardom,14
3505,Two Girls and a Guy,5
3505,Two Girls and a Guy,8
3506,Walking and Talking,5
3506,Walking and Talking,8
3506,Walking and Talking,17
3507,Who Killed the Electric Car?,7
3508,The Broken Hearts Club: A Romantic Comedy,5
3508,The Broken Hearts Club: A Romantic Comedy,8
3508,The Broken Hearts Club: A Romantic Comedy,17
3508,The Broken Hearts Club: A Romantic Comedy,19
3509,Slam,8
3510,Brigham City,6
3510,Brigham City,8
3510,Brigham City,16
3511,Orgazmo,5
3511,Orgazmo,18
3512,All the Real Girls,8
3512,All the Real Girls,17
3513,Dream with the Fishes,5
3513,Dream with the Fishes,8
3514,Blue Car,8
3515,Wristcutters: A Love Story,5
3515,Wristcutters: A Love Story,8
3515,Wristcutters: A Love Story,10
3515,Wristcutters: A Love Story,17
3516,The Battle of Shaker Heights,5
3516,The Battle of Shaker Heights,8
3516,The Battle of Shaker Heights,17
3517,The Act of Killing,4
3517,The Act of Killing,6
3517,The Act of Killing,7
3517,The Act of Killing,12
3518,Taxi to the Dark Side,6
3518,Taxi to the Dark Side,7
3518,Taxi to the Dark Side,21
3519,Once in a Lifetime: The Extraordinary Story of the New York Cosmos,7
3519,Once in a Lifetime: The Extraordinary Story of the New York Cosmos,19
3520,Antarctica: A Year on Ice,2
3520,Antarctica: A Year on Ice,4
3520,Antarctica: A Year on Ice,7
3520,Antarctica: A Year on Ice,8
3521,Hardflip,1
3521,Hardflip,8
3522,The House of the Devil,13
3523,The Perfect Host,5
3523,The Perfect Host,6
3523,The Perfect Host,20
3524,Safe Men,5
3524,Safe Men,6
3525,The Specials,1
3525,The Specials,5
3525,The Specials,10
3525,The Specials,18
3526,Alone with Her,6
3526,Alone with Her,8
3526,Alone with Her,20
3527,Creative Control,8
3527,Creative Control,18
3528,Special,5
3528,Special,8
3528,Special,18
3529,In Her Line of Fire,1
3529,In Her Line of Fire,8
3530,The Jimmy Show,5
3530,The Jimmy Show,8
3531,On the Waterfront,6
3531,On the Waterfront,8
3531,On the Waterfront,17
3532,L!fe Happens,5
3533,"4 Months, 3 Weeks and 2 Days",8
3534,Hard Candy,6
3534,Hard Candy,8
3534,Hard Candy,20
3535,The Quiet,8
3535,The Quiet,20
3536,Fruitvale Station,4
3536,Fruitvale Station,8
3536,Fruitvale Station,17
3537,The Brass Teapot,5
3537,The Brass Teapot,10
3537,The Brass Teapot,20
3538,Latter Days,5
3538,Latter Days,8
3538,Latter Days,17
3539,"For a Good Time, Call...",5
3540,Time Changer,8
3540,Time Changer,10
3540,Time Changer,18
3541,A Separation,8
3541,A Separation,16
3542,Welcome to the Dollhouse,5
3542,Welcome to the Dollhouse,8
3543,Ruby in Paradise,8
3543,Ruby in Paradise,17
3544,Raising Victor Vargas,8
3544,Raising Victor Vargas,17
3545,Deterrence,8
3545,Deterrence,20
3546,Dead Snow,5
3546,Dead Snow,13
3547,American Graffiti,5
3547,American Graffiti,8
3547,American Graffiti,14
3548,Aqua Teen Hunger Force Colon Movie Film for Theaters,1
3548,Aqua Teen Hunger Force Colon Movie Film for Theaters,2
3548,Aqua Teen Hunger Force Colon Movie Film for Theaters,3
3548,Aqua Teen Hunger Force Colon Movie Film for Theaters,5
3548,Aqua Teen Hunger Force Colon Movie Film for Theaters,10
3548,Aqua Teen Hunger Force Colon Movie Film for Theaters,18
3549,Safety Not Guaranteed,5
3549,Safety Not Guaranteed,8
3549,Safety Not Guaranteed,17
3550,Kill List,6
3550,Kill List,13
3550,Kill List,20
3551,The Innkeepers,13
3552,Interview with the Assassin,8
3553,Donkey Punch,6
3553,Donkey Punch,8
3553,Donkey Punch,13
3553,Donkey Punch,20
3554,Hoop Dreams,7
3554,Hoop Dreams,8
3554,Hoop Dreams,19
3555,L.I.E.,6
3555,L.I.E.,8
3556,Half Nelson,8
3557,Top Hat,5
3557,Top Hat,15
3557,Top Hat,17
3558,The Blair Witch Project,13
3559,Woodstock,7
3559,Woodstock,12
3559,Woodstock,14
3560,Mercy Streets,1
3560,Mercy Streets,6
3560,Mercy Streets,8
3561,Broken Vessels,8
3562,A Hard Day's Night,5
3562,A Hard Day's Night,15
3563,Fireproof,8
3563,Fireproof,17
3564,Benji,2
3564,Benji,9
3564,Benji,17
3565,Open Water,2
3565,Open Water,4
3565,Open Water,8
3565,Open Water,13
3565,Open Water,20
3566,Kingdom of the Spiders,13
3566,Kingdom of the Spiders,18
3567,The Station Agent,5
3567,The Station Agent,8
3568,To Save a Life,8
3569,Beyond the Mat,4
3569,Beyond the Mat,7
3569,Beyond the Mat,19
3570,Osama,8
3571,Sholem Aleichem: Laughing in the Darkness,7
3572,Groove,8
3572,Groove,14
3573,Twin Falls Idaho,8
3574,Mean Creek,6
3574,Mean Creek,8
3575,Hurricane Streets,6
3575,Hurricane Streets,8
3575,Hurricane Streets,17
3576,Never Again,5
3576,Never Again,17
3577,Civil Brand,6
3577,Civil Brand,8
3577,Civil Brand,20
3578,Lonesome Jim,5
3578,Lonesome Jim,8
3579,Seven Samurai,1
3579,Seven Samurai,2
3579,Seven Samurai,8
3580,Finishing the Game: The Search for a New Bruce Lee,5
3581,Rubber,5
3581,Rubber,10
3581,Rubber,13
3582,Kiss the Bride,5
3582,Kiss the Bride,17
3583,The Slaughter Rule,8
3583,The Slaughter Rule,19
3584,Monsters,8
3584,Monsters,18
3584,Monsters,20
3585,Detention of the Dead,5
3585,Detention of the Dead,13
3586,Straight Out of Brooklyn,6
3586,Straight Out of Brooklyn,8
3587,Bloody Sunday,8
3587,Bloody Sunday,12
3587,Bloody Sunday,21
3588,Conversations with Other Women,5
3588,Conversations with Other Women,8
3588,Conversations with Other Women,17
3589,Poultrygeist: Night of the Chicken Dead,5
3589,Poultrygeist: Night of the Chicken Dead,13
3589,Poultrygeist: Night of the Chicken Dead,15
3590,42nd Street,5
3590,42nd Street,15
3590,42nd Street,17
3591,Metropolitan,5
3591,Metropolitan,8
3591,Metropolitan,17
3592,Napoleon Dynamite,5
3593,Blue Ruin,6
3593,Blue Ruin,8
3593,Blue Ruin,20
3594,Paranormal Activity,13
3595,Monty Python and the Holy Grail,2
3595,Monty Python and the Holy Grail,5
3595,Monty Python and the Holy Grail,10
3596,Quinceañera,8
3597,Tarnation,4
3597,Tarnation,7
3598,The Beyond,13
3599,What Happens in Vegas,5
3599,What Happens in Vegas,17
3600,The Broadway Melody,15
3600,The Broadway Melody,17
3601,Maniac,13
3601,Maniac,20
3602,Murderball,7
3602,Murderball,19
3603,American Ninja 2: The Confrontation,1
3603,American Ninja 2: The Confrontation,8
3604,Tumbleweeds,5
3604,Tumbleweeds,8
3605,The Prophecy,1
3605,The Prophecy,10
3605,The Prophecy,13
3605,The Prophecy,16
3605,The Prophecy,20
3606,When the Cat's Away,5
3606,When the Cat's Away,17
3607,Pieces of April,5
3607,Pieces of April,8
3608,Old Joy,8
3609,Wendy and Lucy,8
3610,Fighting Tommy Riley,8
3610,Fighting Tommy Riley,19
3611,Locker 13,20
3612,Compliance,4
3612,Compliance,6
3612,Compliance,8
3612,Compliance,20
3613,Chasing Amy,5
3613,Chasing Amy,8
3613,Chasing Amy,17
3614,Lovely & Amazing,5
3614,Lovely & Amazing,8
3614,Lovely & Amazing,17
3615,Better Luck Tomorrow,6
3615,Better Luck Tomorrow,8
3615,Better Luck Tomorrow,17
3616,The Incredibly True Adventure of Two Girls in Love,5
3616,The Incredibly True Adventure of Two Girls in Love,8
3616,The Incredibly True Adventure of Two Girls in Love,17
3617,Chuck & Buck,5
3617,Chuck & Buck,8
3618,American Desi,5
3618,American Desi,8
3618,American Desi,17
3619,Cube,16
3619,Cube,18
3619,Cube,20
3620,I Married a Strange Person!,3
3620,I Married a Strange Person!,5
3620,I Married a Strange Person!,8
3620,I Married a Strange Person!,10
3620,I Married a Strange Person!,18
3621,November,8
3621,November,16
3621,November,20
3622,Like Crazy,8
3622,Like Crazy,17
3623,The Canyons,8
3623,The Canyons,20
3624,Burn,7
3625,Urbania,8
3626,"The Beast from 20,000 Fathoms",2
3626,"The Beast from 20,000 Fathoms",13
3626,"The Beast from 20,000 Fathoms",18
3627,Swingers,5
3627,Swingers,8
3628,A Fistful of Dollars,1
3628,A Fistful of Dollars,8
3628,A Fistful of Dollars,22
3629,The Trials of Darryl Hunt,6
3629,The Trials of Darryl Hunt,7
3630,Children of Heaven,8
3630,Children of Heaven,9
3631,Weekend,8
3631,Weekend,17
3632,She's Gotta Have It,5
3632,She's Gotta Have It,17
3633,Another Earth,8
3633,Another Earth,17
3633,Another Earth,18
3634,Sweet Sweetback's Baadasssss Song,6
3634,Sweet Sweetback's Baadasssss Song,8
3634,Sweet Sweetback's Baadasssss Song,20
3635,Tadpole,5
3635,Tadpole,8
3635,Tadpole,17
3636,Once,8
3636,Once,14
3636,Once,17
3637,The Horse Boy,7
3638,Roger & Me,7
3639,Facing the Giants,8
3639,Facing the Giants,19
3640,The Gallows,13
3640,The Gallows,20
3641,Hollywood Shuffle,5
3642,The Lost Skeleton of Cadavra,5
3642,The Lost Skeleton of Cadavra,13
3642,The Lost Skeleton of Cadavra,18
3643,Cheap Thrills,5
3643,Cheap Thrills,6
3643,Cheap Thrills,8
3643,Cheap Thrills,13
3643,Cheap Thrills,20
3644,Pi,8
3644,Pi,16
3644,Pi,20
3645,20 Dates,4
3645,20 Dates,5
3645,20 Dates,17
3646,Super Size Me,5
3646,Super Size Me,7
3646,Super Size Me,8
3647,The FP,5
3648,Happy Christmas,5
3648,Happy Christmas,8
3649,The Brothers McMullen,5
3649,The Brothers McMullen,8
3649,The Brothers McMullen,17
3650,Tiny Furniture,5
3650,Tiny Furniture,8
3650,Tiny Furniture,17
3651,George Washington,8
3652,Smiling Fish & Goat on Fire,5
3652,Smiling Fish & Goat on Fire,17
3653,Clerks,5
3654,In the Company of Men,5
3654,In the Company of Men,8
3655,Slacker,5
3655,Slacker,8
3656,Pink Flamingos,5
3656,Pink Flamingos,6
3656,Pink Flamingos,13
3657,Clean,8
3657,Clean,14
3657,Clean,17
3658,The Circle,8
3659,Primer,8
3659,Primer,18
3659,Primer,20
3660,El Mariachi,1
3660,El Mariachi,6
3660,El Mariachi,8
3660,El Mariachi,17
3660,El Mariachi,20
3661,My Date with Drew,7
