Movie_ID,Title,Year,Duration,Language,Country,Content_rating,Imdb_Score,Budget,Gross,Profit,Director_Name
1,Avatar,2009,178,English,USA,PG-13,7.9,237000000.0,760505847.0,523505847.0,James Cameron
2,Pirates of the Caribbean: At World's End,2007,169,English,USA,PG-13,7.1,300000000.0,309404152.0,9404152.0,Gore Verbinski
3,Spectre,2015,148,English,UK,PG-13,6.8,245000000.0,200074175.0,-44925825.0,Sam Mendes
4,The Dark Knight Rises,2012,164,English,USA,PG-13,8.5,250000000.0,448130642.0,198130642.0,Christopher Nolan
5,John Carter,2012,132,English,USA,PG-13,6.6,263700000.0,73058679.0,-190641321.0,Andrew Stanton
6,Spider-Man 3,2007,156,English,USA,PG-13,6.2,258000000.0,336530303.0,78530303.0,Sam Raimi
7,Tangled,2010,100,English,USA,PG,7.8,260000000.0,200807262.0,-59192738.0,Nathan Greno
8,Avengers: Age of Ultron,2015,141,English,USA,PG-13,7.5,250000000.0,458991599.0,208991599.0,Joss Whedon
9,Harry Potter and the Half-Blood Prince,2009,153,English,UK,PG,7.5,250000000.0,301956980.0,51956980.0,David Yates
10,Batman v Superman: Dawn of Justice,2016,183,English,USA,PG-13,6.9,250000000.0,330249062.0,80249062.0,Zack Snyder
11,Superman Returns,2006,169,English,USA,PG-13,6.1,209000000.0,200069408.0,-8930592.0,Bryan Singer
12,Quantum of Solace,2008,106,English,UK,PG-13,6.7,200000000.0,168368427.0,-31631573.0,Marc Forster
13,Pirates of the Caribbean: Dead Man's Chest,2006,151,English,USA,PG-13,7.3,225000000.0,423032628.0,198032628.0,Gore Verbinski
14,The Lone Ranger,2013,150,English,USA,PG-13,6.5,215000000.0,89289910.0,-125710090.0,Gore Verbinski
15,Man of Steel,2013,143,English,USA,PG-13,7.2,225000000.0,291021565.0,66021565.0,Zack Snyder
16,The Chronicles of Narnia: Prince Caspian,2008,150,English,USA,PG,6.6,225000000.0,141614023.0,-83385977.0,Andrew Adamson
17,The Avengers,2012,173,English,USA,PG-13,8.1,220000000.0,623279547.0,403279547.0,Joss Whedon
18,Pirates of the Caribbean: On Stranger Tides,2011,136,English,USA,PG-13,6.7,250000000.0,241063875.0,-8936125.0,Rob Marshall
19,Men in Black 3,2012,106,English,USA,PG-13,6.8,225000000.0,179020854.0,-45979146.0,Barry Sonnenfeld
20,The Hobbit: The Battle of the Five Armies,2014,164,English,New Zealand,PG-13,7.5,250000000.0,255108370.0,5108370.0,Peter Jackson
21,The Amazing Spider-Man,2012,153,English,USA,PG-13,7.0,230000000.0,262030663.0,32030663.0,Marc Webb
22,Robin Hood,2010,156,English,USA,PG-13,6.7,200000000.0,105219735.0,-94780265.0,Ridley Scott
23,The Hobbit: The Desolation of Smaug,2013,186,English,USA,PG-13,7.9,225000000.0,258355354.0,33355354.0,Peter Jackson
24,The Golden Compass,2007,113,English,USA,PG-13,6.1,180000000.0,70083519.0,-109916481.0,Chris Weitz
25,King Kong,2005,201,English,New Zealand,PG-13,7.2,207000000.0,218051260.0,11051260.0,Peter Jackson
26,Titanic,1997,194,English,USA,PG-13,7.7,200000000.0,658672302.0,458672302.0,James Cameron
27,Captain America: Civil War,2016,147,English,USA,PG-13,8.2,250000000.0,407197282.0,157197282.0,Anthony Russo
28,Battleship,2012,131,English,USA,PG-13,5.9,209000000.0,65173160.0,-143826840.0,Peter Berg
29,Jurassic World,2015,124,English,USA,PG-13,7.0,150000000.0,652177271.0,502177271.0,Colin Trevorrow
30,Skyfall,2012,143,English,UK,PG-13,7.8,200000000.0,304360277.0,104360277.0,Sam Mendes
31,Spider-Man 2,2004,135,English,USA,PG-13,7.3,200000000.0,373377893.0,173377893.0,Sam Raimi
32,Iron Man 3,2013,195,English,USA,PG-13,7.2,200000000.0,408992272.0,208992272.0,Shane Black
33,Alice in Wonderland,2010,108,English,USA,PG,6.5,200000000.0,334185206.0,134185206.0,Tim Burton
34,X-Men: The Last Stand,2006,104,English,Canada,PG-13,6.8,210000000.0,234360014.0,24360014.0,Brett Ratner
35,Monsters University,2013,104,English,USA,G,7.3,200000000.0,268488329.0,68488329.0,Dan Scanlon
36,Transformers: Revenge of the Fallen,2009,150,English,USA,PG-13,6.0,200000000.0,402076689.0,202076689.0,Michael Bay
37,Transformers: Age of Extinction,2014,165,English,USA,PG-13,5.7,210000000.0,245428137.0,35428137.0,Michael Bay
38,Oz the Great and Powerful,2013,130,English,USA,PG,6.4,215000000.0,234903076.0,19903076.0,Sam Raimi
39,The Amazing Spider-Man 2,2014,142,English,USA,PG-13,6.7,200000000.0,202853933.0,2853933.0,Marc Webb
40,TRON: Legacy,2010,125,English,USA,PG,6.8,170000000.0,172051787.0,2051787.0,Joseph Kosinski
41,Cars 2,2011,106,English,USA,G,6.3,200000000.0,191450875.0,-8549125.0,John Lasseter
42,Green Lantern,2011,123,English,USA,PG-13,5.6,200000000.0,116593191.0,-83406809.0,Martin Campbell
43,Toy Story 3,2010,103,English,USA,G,8.3,200000000.0,414984497.0,214984497.0,Lee Unkrich
44,Terminator Salvation,2009,118,English,USA,PG-13,6.6,200000000.0,125320003.0,-74679997.0,McG
45,Furious 7,2015,140,English,USA,PG-13,7.2,190000000.0,350034110.0,160034110.0,James Wan
46,World War Z,2013,123,English,USA,PG-13,7.0,190000000.0,202351611.0,12351611.0,Marc Forster
47,X-Men: Days of Future Past,2014,149,English,USA,PG-13,8.0,200000000.0,233914986.0,33914986.0,Bryan Singer
48,Star Trek Into Darkness,2013,132,English,USA,PG-13,7.8,190000000.0,228756232.0,38756232.0,J.J. Abrams
49,Jack the Giant Slayer,2013,114,English,USA,PG-13,6.3,195000000.0,65171860.0,-129828140.0,Bryan Singer
50,The Great Gatsby,2013,143,English,Australia,PG-13,7.3,105000000.0,144812796.0,39812796.0,Baz Luhrmann
51,Prince of Persia: The Sands of Time,2010,116,English,USA,PG-13,6.6,200000000.0,90755643.0,-109244357.0,Mike Newell
52,Pacific Rim,2013,131,English,USA,PG-13,7.0,190000000.0,101785482.0,-88214518.0,Guillermo del Toro
53,Transformers: Dark of the Moon,2011,154,English,USA,PG-13,6.3,195000000.0,352358779.0,157358779.0,Michael Bay
54,Indiana Jones and the Kingdom of the Crystal Skull,2008,122,English,USA,PG-13,6.2,185000000.0,317011114.0,132011114.0,Steven Spielberg
55,Brave,2012,93,English,USA,PG,7.2,185000000.0,237282182.0,52282182.0,Mark Andrews
56,Star Trek Beyond,2016,122,English,USA,PG-13,7.5,185000000.0,130468626.0,-54531374.0,Justin Lin
57,WALL·E,2008,98,English,USA,G,8.4,180000000.0,223806889.0,43806889.0,Andrew Stanton
58,Rush Hour 3,2007,91,English,USA,PG-13,6.2,140000000.0,140080850.0,80850.0,Brett Ratner
59,2012,2009,158,English,USA,PG-13,5.8,200000000.0,166112167.0,-33887833.0,Roland Emmerich
60,A Christmas Carol,2009,96,English,USA,PG,6.8,200000000.0,137850096.0,-62149904.0,Robert Zemeckis
61,Jupiter Ascending,2015,127,English,USA,PG-13,5.4,176000000.0,47375327.0,-128624673.0,Lana Wachowski
62,The Legend of Tarzan,2016,110,English,USA,PG-13,6.6,180000000.0,124051759.0,-55948241.0,David Yates
63,"The Chronicles of Narnia: The Lion, the Witch and the Wardrobe",2005,150,English,USA,PG,6.9,180000000.0,291709845.0,111709845.0,Andrew Adamson
64,X-Men: Apocalypse,2016,144,English,USA,PG-13,7.3,178000000.0,154985087.0,-23014913.0,Bryan Singer
65,The Dark Knight,2008,152,English,USA,PG-13,9.0,185000000.0,533316061.0,348316061.0,Christopher Nolan
66,Up,2009,96,English,USA,PG,8.3,175000000.0,292979556.0,117979556.0,Pete Docter
67,Monsters vs. Aliens,2009,94,English,USA,PG,6.5,175000000.0,198332128.0,23332128.0,Rob Letterman
68,Iron Man,2008,126,English,USA,PG-13,7.9,140000000.0,318298180.0,178298180.0,Jon Favreau
69,Hugo,2011,126,English,USA,PG,7.5,170000000.0,73820094.0,-96179906.0,Martin Scorsese
70,Wild Wild West,1999,106,English,USA,PG-13,4.8,170000000.0,113745408.0,-56254592.0,Barry Sonnenfeld
71,The Mummy: Tomb of the Dragon Emperor,2008,112,English,USA,PG-13,5.2,145000000.0,102176165.0,-42823835.0,Rob Cohen
72,Suicide Squad,2016,123,English,USA,PG-13,6.9,175000000.0,161087183.0,-13912817.0,David Ayer
73,Evan Almighty,2007,96,English,USA,PG,5.4,175000000.0,100289690.0,-74710310.0,Tom Shadyac
74,Edge of Tomorrow,2014,113,English,USA,PG-13,7.9,178000000.0,100189501.0,-77810499.0,Doug Liman
75,Waterworld,1995,176,English,USA,PG-13,6.1,175000000.0,88246220.0,-86753780.0,Kevin Reynolds
76,G.I. Joe: The Rise of Cobra,2009,118,English,USA,PG-13,5.8,175000000.0,150167630.0,-24832370.0,Stephen Sommers
77,Inside Out,2015,95,English,USA,PG,8.3,175000000.0,356454367.0,181454367.0,Pete Docter
78,The Jungle Book,2016,106,English,UK,PG,7.8,175000000.0,362645141.0,187645141.0,Jon Favreau
79,Iron Man 2,2010,124,English,USA,PG-13,7.0,200000000.0,312057433.0,112057433.0,Jon Favreau
80,Snow White and the Huntsman,2012,132,English,USA,PG-13,6.1,170000000.0,155111815.0,-14888185.0,Rupert Sanders
81,Maleficent,2014,97,English,USA,PG,7.0,180000000.0,241407328.0,61407328.0,Robert Stromberg
82,Dawn of the Planet of the Apes,2014,130,English,USA,PG-13,7.6,170000000.0,208543795.0,38543795.0,Matt Reeves
83,47 Ronin,2013,128,English,USA,PG-13,6.3,175000000.0,38297305.0,-136702695.0,Carl Rinsch
84,Captain America: The Winter Soldier,2014,136,English,USA,PG-13,7.8,170000000.0,259746958.0,89746958.0,Anthony Russo
85,Shrek Forever After,2010,93,English,USA,PG,6.4,165000000.0,238371987.0,73371987.0,Mike Mitchell
86,Tomorrowland,2015,130,English,USA,PG,6.5,190000000.0,93417865.0,-96582135.0,Brad Bird
87,Big Hero 6,2014,102,English,USA,PG,7.9,165000000.0,222487711.0,57487711.0,Don Hall
88,Wreck-It Ralph,2012,101,English,USA,PG,7.8,165000000.0,189412677.0,24412677.0,Rich Moore
89,The Polar Express,2004,100,English,USA,G,6.6,165000000.0,665426.0,-164334574.0,Robert Zemeckis
90,Independence Day: Resurgence,2016,120,English,USA,PG-13,5.5,165000000.0,102315545.0,-62684455.0,Roland Emmerich
91,How to Train Your Dragon,2010,98,English,USA,PG,8.2,165000000.0,217387997.0,52387997.0,Dean DeBlois
92,Terminator 3: Rise of the Machines,2003,109,English,USA,R,6.4,200000000.0,150350192.0,-49649808.0,Jonathan Mostow
93,Guardians of the Galaxy,2014,121,English,USA,PG-13,8.1,170000000.0,333130696.0,163130696.0,James Gunn
94,Interstellar,2014,169,English,USA,PG-13,8.6,165000000.0,187991439.0,22991439.0,Christopher Nolan
95,Inception,2010,148,English,USA,PG-13,8.8,160000000.0,292568851.0,132568851.0,Christopher Nolan
96,The Hobbit: An Unexpected Journey,2012,182,English,USA,PG-13,7.9,180000000.0,303001229.0,123001229.0,Peter Jackson
97,The Fast and the Furious,2001,106,English,USA,PG-13,6.7,38000000.0,144512310.0,106512310.0,Rob Cohen
98,The Curious Case of Benjamin Button,2008,166,English,USA,PG-13,7.8,150000000.0,127490802.0,-22509198.0,David Fincher
99,X-Men: First Class,2011,132,English,USA,PG-13,7.8,160000000.0,146405371.0,-13594629.0,Matthew Vaughn
100,The Hunger Games: Mockingjay - Part 2,2015,137,English,USA,PG-13,6.6,160000000.0,281666058.0,121666058.0,Francis Lawrence
101,The Sorcerer's Apprentice,2010,109,English,USA,PG,6.1,150000000.0,63143812.0,-86856188.0,Jon Turteltaub
102,Poseidon,2006,98,English,USA,PG-13,5.6,160000000.0,60655503.0,-99344497.0,Wolfgang Petersen
103,Alice Through the Looking Glass,2016,113,English,USA,PG,6.4,170000000.0,76846624.0,-93153376.0,James Bobin
104,Shrek the Third,2007,93,English,USA,PG,6.1,160000000.0,320706665.0,160706665.0,Chris Miller
105,Warcraft,2016,123,English,USA,PG-13,7.3,160000000.0,46978995.0,-113021005.0,Duncan Jones
106,Terminator Genisys,2015,126,English,USA,PG-13,6.6,155000000.0,89732035.0,-65267965.0,Alan Taylor
107,The Chronicles of Narnia: The Voyage of the Dawn Treader,2010,113,English,USA,PG,6.3,155000000.0,104383624.0,-50616376.0,Michael Apted
108,Pearl Harbor,2001,184,English,USA,PG-13,6.1,140000000.0,198539855.0,58539855.0,Michael Bay
109,Transformers,2007,144,English,USA,PG-13,7.1,150000000.0,318759914.0,168759914.0,Michael Bay
110,Alexander,2004,206,English,Germany,R,5.5,155000000.0,34293771.0,-120706229.0,Oliver Stone
111,Harry Potter and the Order of the Phoenix,2007,138,English,UK,PG-13,7.5,150000000.0,292000866.0,142000866.0,David Yates
112,Harry Potter and the Goblet of Fire,2005,157,English,UK,PG-13,7.6,150000000.0,289994397.0,139994397.0,Mike Newell
113,Hancock,2008,102,English,USA,PG-13,6.4,150000000.0,227946274.0,77946274.0,Peter Berg
114,I Am Legend,2007,104,English,USA,PG-13,7.2,150000000.0,256386216.0,106386216.0,Francis Lawrence
115,Charlie and the Chocolate Factory,2005,115,English,USA,PG,6.7,150000000.0,206456431.0,56456431.0,Tim Burton
116,Ratatouille,2007,111,English,USA,G,8.0,150000000.0,206435493.0,56435493.0,Brad Bird
117,Batman Begins,2005,128,English,USA,PG-13,8.3,150000000.0,205343774.0,55343774.0,Christopher Nolan
118,Madagascar: Escape 2 Africa,2008,89,English,USA,PG,6.7,150000000.0,179982968.0,29982968.0,Eric Darnell
119,Night at the Museum: Battle of the Smithsonian,2009,105,English,USA,PG,5.9,150000000.0,177243721.0,27243721.0,Shawn Levy
120,X-Men Origins: Wolverine,2009,119,English,USA,PG-13,6.7,150000000.0,179883016.0,29883016.0,Gavin Hood
121,The Matrix Revolutions,2003,129,English,Australia,R,6.7,150000000.0,139259759.0,-10740241.0,Lana Wachowski
122,Frozen,2013,102,English,USA,PG,7.6,150000000.0,400736600.0,250736600.0,Chris Buck
123,The Matrix Reloaded,2003,138,English,USA,R,7.2,150000000.0,281492479.0,131492479.0,Lana Wachowski
124,Thor: The Dark World,2013,112,English,USA,PG-13,7.1,170000000.0,206360018.0,36360018.0,Alan Taylor
125,Mad Max: Fury Road,2015,120,English,Australia,R,8.1,150000000.0,153629485.0,3629485.0,George Miller
126,Angels & Demons,2009,146,English,USA,PG-13,6.7,150000000.0,133375846.0,-16624154.0,Ron Howard
127,Thor,2011,115,English,USA,PG-13,7.0,150000000.0,181015141.0,31015141.0,Kenneth Branagh
128,Bolt,2008,96,English,USA,PG,6.9,150000000.0,114053579.0,-35946421.0,Byron Howard
129,G-Force,2009,88,English,USA,PG,5.1,150000000.0,119420252.0,-30579748.0,Hoyt Yeatman
130,Wrath of the Titans,2012,99,English,USA,PG-13,5.8,150000000.0,83640426.0,-66359574.0,Jonathan Liebesman
131,Dark Shadows,2012,113,English,USA,PG-13,6.2,100000000.0,79711678.0,-20288322.0,Tim Burton
132,Mission: Impossible - Rogue Nation,2015,131,English,China,PG-13,7.4,150000000.0,195000874.0,45000874.0,Christopher McQuarrie
133,The Wolfman,2010,119,English,USA,R,5.8,150000000.0,61937495.0,-88062505.0,Joe Johnston
134,Bee Movie,2007,91,English,USA,PG,6.2,150000000.0,126597121.0,-23402879.0,Steve Hickner
135,Kung Fu Panda 2,2011,90,English,USA,PG,7.3,150000000.0,165230261.0,15230261.0,Jennifer Yuh Nelson
136,The Last Airbender,2010,103,English,USA,PG,4.2,150000000.0,131564731.0,-18435269.0,M. Night Shyamalan
137,Mission: Impossible III,2006,124,English,USA,PG-13,6.9,150000000.0,133382309.0,-16617691.0,J.J. Abrams
138,White House Down,2013,131,English,USA,PG-13,6.4,150000000.0,73103784.0,-76896216.0,Roland Emmerich
139,Mars Needs Moms,2011,88,English,USA,PG,5.4,150000000.0,21379315.0,-128620685.0,Simon Wells
140,Flushed Away,2006,85,English,UK,PG,6.7,149000000.0,64459316.0,-84540684.0,David Bowers
141,Pan,2015,111,English,USA,PG,5.8,150000000.0,34964818.0,-115035182.0,Joe Wright
142,Mr. Peabody & Sherman,2014,92,English,USA,PG,6.9,145000000.0,111505642.0,-33494358.0,Rob Minkoff
143,Troy,2004,196,English,USA,R,7.2,175000000.0,133228348.0,-41771652.0,Wolfgang Petersen
144,Madagascar 3: Europe's Most Wanted,2012,93,English,USA,PG,6.9,145000000.0,216366733.0,71366733.0,Eric Darnell
145,Die Another Day,2002,133,English,UK,PG-13,6.1,142000000.0,160201106.0,18201106.0,Lee Tamahori
146,Ghostbusters,2016,116,English,USA,PG-13,5.5,144000000.0,118099659.0,-25900341.0,Paul Feig
147,Armageddon,1998,153,English,USA,PG-13,6.6,140000000.0,201573391.0,61573391.0,Michael Bay
148,Men in Black II,2002,88,English,USA,PG-13,6.1,140000000.0,190418803.0,50418803.0,Barry Sonnenfeld
149,Beowulf,2007,115,English,USA,PG-13,6.3,150000000.0,82161969.0,-67838031.0,Robert Zemeckis
150,Kung Fu Panda 3,2016,95,English,USA,PG,7.2,145000000.0,143523463.0,-1476537.0,Alessandro Carloni
151,Mission: Impossible - Ghost Protocol,2011,133,English,USA,PG-13,7.4,145000000.0,209364921.0,64364921.0,Brad Bird
152,Rise of the Guardians,2012,97,English,USA,PG,7.3,145000000.0,103400692.0,-41599308.0,Peter Ramsey
153,Fun with Dick and Jane,2005,90,English,USA,PG-13,6.1,100000000.0,110332737.0,10332737.0,Dean Parisot
154,The Last Samurai,2003,154,English,USA,R,7.7,140000000.0,111110575.0,-28889425.0,Edward Zwick
155,Exodus: Gods and Kings,2014,150,English,UK,PG-13,6.1,140000000.0,65007045.0,-74992955.0,Ridley Scott
156,Star Trek,2009,127,English,USA,PG-13,8.0,150000000.0,257704099.0,107704099.0,J.J. Abrams
157,Spider-Man,2002,121,English,USA,PG-13,7.3,139000000.0,403706375.0,264706375.0,Sam Raimi
158,How to Train Your Dragon 2,2014,102,English,USA,PG,7.9,145000000.0,176997107.0,31997107.0,Dean DeBlois
159,Gods of Egypt,2016,126,English,USA,PG-13,5.5,140000000.0,31141074.0,-108858926.0,Alex Proyas
160,Stealth,2005,121,English,USA,PG-13,5.0,135000000.0,31704416.0,-103295584.0,Rob Cohen
161,Watchmen,2009,215,English,USA,R,7.7,130000000.0,107503316.0,-22496684.0,Zack Snyder
162,Lethal Weapon 4,1998,127,English,USA,R,6.6,140000000.0,129734803.0,-10265197.0,Richard Donner
163,Hulk,2003,138,English,USA,PG-13,5.7,137000000.0,132122995.0,-4877005.0,Ang Lee
164,G.I. Joe: Retaliation,2013,122,English,USA,PG-13,5.8,130000000.0,122512052.0,-7487948.0,Jon M. Chu
165,Sahara,2005,124,English,UK,PG-13,6.0,130000000.0,68642452.0,-61357548.0,Breck Eisner
166,Final Fantasy: The Spirits Within,2001,106,English,USA,PG-13,6.4,137000000.0,32131830.0,-104868170.0,Hironobu Sakaguchi
167,Captain America: The First Avenger,2011,124,English,USA,PG-13,6.9,140000000.0,176636816.0,36636816.0,Joe Johnston
168,The World Is Not Enough,1999,128,English,UK,PG-13,6.4,135000000.0,126930660.0,-8069340.0,Michael Apted
169,Master and Commander: The Far Side of the World,2003,138,English,USA,PG-13,7.4,150000000.0,93926386.0,-56073614.0,Peter Weir
170,The Twilight Saga: Breaking Dawn - Part 2,2012,115,English,USA,PG-13,5.5,120000000.0,292298923.0,172298923.0,Bill Condon
171,Happy Feet 2,2011,100,English,Australia,PG,5.9,135000000.0,63992328.0,-71007672.0,George Miller
172,The Incredible Hulk,2008,135,English,USA,PG-13,6.8,150000000.0,134518390.0,-15481610.0,Louis Leterrier
173,The BFG,2016,117,English,UK,PG,6.8,140000000.0,52792307.0,-87207693.0,Steven Spielberg
174,The Revenant,2015,156,English,USA,R,8.1,135000000.0,183635922.0,48635922.0,Alejandro G. Iñárritu
175,Turbo,2013,96,English,USA,PG,6.5,135000000.0,83024900.0,-51975100.0,David Soren
176,Rango,2011,107,English,USA,PG,7.2,135000000.0,123207194.0,-11792806.0,Gore Verbinski
177,Penguins of Madagascar,2014,92,English,USA,PG,6.7,132000000.0,83348920.0,-48651080.0,Eric Darnell
178,The Bourne Ultimatum,2007,115,English,USA,PG-13,8.1,110000000.0,227137090.0,117137090.0,Paul Greengrass
179,Kung Fu Panda,2008,92,English,USA,PG,7.6,130000000.0,215395021.0,85395021.0,Mark Osborne
180,Ant-Man,2015,117,English,USA,PG-13,7.4,130000000.0,180191634.0,50191634.0,Peyton Reed
181,The Hunger Games: Catching Fire,2013,146,English,USA,PG-13,7.6,130000000.0,424645577.0,294645577.0,Francis Lawrence
182,Home,2015,94,English,USA,PG,6.7,135000000.0,177343675.0,42343675.0,Tim Johnson
183,War of the Worlds,2005,116,English,USA,PG-13,6.5,132000000.0,234277056.0,102277056.0,Steven Spielberg
184,Bad Boys II,2003,147,English,USA,R,6.6,130000000.0,138396624.0,8396624.0,Michael Bay
185,Puss in Boots,2011,90,English,USA,PG,6.7,130000000.0,149234747.0,19234747.0,Chris Miller
186,Salt,2010,101,English,USA,PG-13,6.4,110000000.0,118311368.0,8311368.0,Phillip Noyce
187,Noah,2014,138,English,USA,PG-13,5.8,125000000.0,101160529.0,-23839471.0,Darren Aronofsky
188,The Adventures of Tintin,2011,107,English,USA,PG,7.4,135000000.0,77564037.0,-57435963.0,Steven Spielberg
189,Harry Potter and the Prisoner of Azkaban,2004,142,English,UK,PG,7.8,130000000.0,249358727.0,119358727.0,Alfonso Cuarón
190,Australia,2008,165,English,Australia,PG-13,6.6,130000000.0,49551662.0,-80448338.0,Baz Luhrmann
191,After Earth,2013,100,English,USA,PG-13,4.9,130000000.0,60522097.0,-69477903.0,M. Night Shyamalan
192,Dinosaur,2000,82,English,USA,PG,6.5,127500000.0,137748063.0,10248063.0,Eric Leighton
193,Night at the Museum: Secret of the Tomb,2014,98,English,USA,PG,6.2,127000000.0,113733726.0,-13266274.0,Shawn Levy
194,Megamind,2010,95,English,USA,PG,7.3,130000000.0,148337537.0,18337537.0,Tom McGrath
195,Harry Potter and the Sorcerer's Stone,2001,159,English,UK,PG,7.5,125000000.0,317557891.0,192557891.0,Chris Columbus
196,R.I.P.D.,2013,96,English,USA,PG-13,5.6,130000000.0,33592415.0,-96407585.0,Robert Schwentke
197,Pirates of the Caribbean: The Curse of the Black Pearl,2003,143,English,USA,PG-13,8.1,140000000.0,305388685.0,165388685.0,Gore Verbinski
198,The Hunger Games: Mockingjay - Part 1,2014,123,English,USA,PG-13,6.7,125000000.0,337103873.0,212103873.0,Francis Lawrence
199,The Da Vinci Code,2006,174,English,USA,PG-13,6.6,125000000.0,217536138.0,92536138.0,Ron Howard
200,Rio 2,2014,101,English,USA,G,6.4,103000000.0,131536019.0,28536019.0,Carlos Saldanha
201,X-Men 2,2003,134,English,Canada,PG-13,7.5,110000000.0,214948780.0,104948780.0,Bryan Singer
202,Fast Five,2011,132,English,USA,PG-13,7.3,125000000.0,209805005.0,84805005.0,Justin Lin
203,Sherlock Holmes: A Game of Shadows,2011,129,English,USA,PG-13,7.5,125000000.0,186830669.0,61830669.0,Guy Ritchie
204,Clash of the Titans,2010,106,English,USA,PG-13,5.8,125000000.0,163192114.0,38192114.0,Louis Leterrier
205,Total Recall,1990,113,English,USA,R,7.5,65000000.0,119412921.0,54412921.0,Paul Verhoeven
206,The 13th Warrior,1999,102,English,USA,R,6.6,85000000.0,32694788.0,-52305212.0,John McTiernan
207,The Bourne Legacy,2012,135,English,USA,PG-13,6.7,125000000.0,113165635.0,-11834365.0,Tony Gilroy
208,Batman & Robin,1997,125,English,USA,PG-13,3.7,125000000.0,107285004.0,-17714996.0,Joel Schumacher
209,How the Grinch Stole Christmas,2000,110,English,USA,PG,6.0,123000000.0,260031035.0,137031035.0,Ron Howard
210,The Day After Tomorrow,2004,124,English,USA,PG-13,6.4,125000000.0,186739919.0,61739919.0,Roland Emmerich
211,Mission: Impossible II,2000,123,English,USA,PG-13,6.1,125000000.0,215397307.0,90397307.0,John Woo
212,The Perfect Storm,2000,130,English,USA,PG-13,6.4,140000000.0,182618434.0,42618434.0,Wolfgang Petersen
213,Fantastic 4: Rise of the Silver Surfer,2007,92,English,USA,PG,5.6,130000000.0,131920333.0,1920333.0,Tim Story
214,Life of Pi,2012,127,English,USA,PG,8.0,120000000.0,124976634.0,4976634.0,Ang Lee
215,Ghost Rider,2007,123,English,USA,PG-13,5.2,110000000.0,115802596.0,5802596.0,Mark Steven Johnson
216,Jason Bourne,2016,123,English,UK,PG-13,7.1,120000000.0,108521835.0,-11478165.0,Paul Greengrass
217,Charlie's Angels: Full Throttle,2003,107,English,USA,PG-13,4.8,120000000.0,100685880.0,-19314120.0,McG
218,Prometheus,2012,124,English,USA,R,7.0,130000000.0,126464904.0,-3535096.0,Ridley Scott
219,Stuart Little 2,2002,77,English,USA,PG,5.4,120000000.0,64736114.0,-55263886.0,Rob Minkoff
220,Elysium,2013,109,English,USA,R,6.6,115000000.0,93050117.0,-21949883.0,Neill Blomkamp
221,The Chronicles of Riddick,2004,134,English,USA,PG-13,6.7,105000000.0,57637485.0,-47362515.0,David Twohy
222,RoboCop,2014,117,English,USA,PG-13,6.2,100000000.0,58607007.0,-41392993.0,José Padilha
223,Speed Racer,2008,135,English,USA,PG,6.1,120000000.0,43929341.0,-76070659.0,Lana Wachowski
224,How Do You Know,2010,121,English,USA,PG-13,5.3,120000000.0,30212620.0,-89787380.0,James L. Brooks
225,Knight and Day,2010,117,English,USA,PG-13,6.3,117000000.0,76418654.0,-40581346.0,James Mangold
226,Oblivion,2013,124,English,USA,PG-13,7.0,120000000.0,89021735.0,-30978265.0,Joseph Kosinski
227,Star Wars: Episode III - Revenge of the Sith,2005,140,English,USA,PG-13,7.6,113000000.0,380262555.0,267262555.0,George Lucas
228,Star Wars: Episode II - Attack of the Clones,2002,142,English,USA,PG,6.7,115000000.0,310675583.0,195675583.0,George Lucas
229,"Monsters, Inc.",2001,92,English,USA,G,8.1,115000000.0,289907418.0,174907418.0,Pete Docter
230,The Wolverine,2013,138,English,USA,PG-13,6.7,120000000.0,132550960.0,12550960.0,James Mangold
231,Star Wars: Episode I - The Phantom Menace,1999,136,English,USA,PG,6.5,115000000.0,474544677.0,359544677.0,George Lucas
232,The Croods,2013,98,English,USA,PG,7.3,135000000.0,187165546.0,52165546.0,Kirk De Micco
233,Windtalkers,2002,153,English,USA,R,6.0,115000000.0,40911830.0,-74088170.0,John Woo
234,The Huntsman: Winter's War,2016,120,English,USA,PG-13,6.1,115000000.0,47952020.0,-67047980.0,Cedric Nicolas-Troyan
235,Teenage Mutant Ninja Turtles,2014,101,English,USA,PG-13,5.9,125000000.0,190871240.0,65871240.0,Jonathan Liebesman
236,Gravity,2013,91,English,UK,PG-13,7.8,100000000.0,274084951.0,174084951.0,Alfonso Cuarón
237,Dante's Peak,1997,108,English,USA,PG-13,5.8,116000000.0,67155742.0,-48844258.0,Roger Donaldson
238,Teenage Mutant Ninja Turtles: Out of the Shadows,2016,112,English,USA,PG-13,6.3,135000000.0,81638674.0,-53361326.0,Dave Green
239,Fantastic Four,2015,100,English,USA,PG-13,4.3,120000000.0,56114221.0,-63885779.0,Josh Trank
240,Night at the Museum,2006,108,English,USA,PG,6.4,110000000.0,250863268.0,140863268.0,Shawn Levy
241,San Andreas,2015,114,English,USA,PG-13,6.1,110000000.0,155181732.0,45181732.0,Brad Peyton
242,Tomorrow Never Dies,1997,119,English,UK,PG-13,6.5,110000000.0,125332007.0,15332007.0,Roger Spottiswoode
243,The Patriot,2000,142,English,USA,R,7.1,110000000.0,113330342.0,3330342.0,Roland Emmerich
244,Ocean's Twelve,2004,125,English,USA,PG-13,6.4,110000000.0,125531634.0,15531634.0,Steven Soderbergh
245,Mr. & Mrs. Smith,2005,126,English,USA,PG-13,6.5,120000000.0,186336103.0,66336103.0,Doug Liman
246,Insurgent,2015,119,English,USA,PG-13,6.3,110000000.0,129995817.0,19995817.0,Robert Schwentke
247,The Aviator,2004,170,English,USA,PG-13,7.5,110000000.0,102608827.0,-7391173.0,Martin Scorsese
248,Gulliver's Travels,2010,85,English,USA,PG,4.9,112000000.0,42776259.0,-69223741.0,Rob Letterman
249,The Green Hornet,2011,119,English,USA,PG-13,5.8,120000000.0,98780042.0,-21219958.0,Michel Gondry
250,300: Rise of an Empire,2014,102,English,USA,R,6.2,110000000.0,106369117.0,-3630883.0,Noam Murro
251,The Smurfs,2011,103,English,USA,PG,5.5,110000000.0,142614158.0,32614158.0,Raja Gosnell
252,Home on the Range,2004,76,English,USA,PG,5.4,110000000.0,50026353.0,-59973647.0,Will Finn
253,Allegiant,2016,120,English,USA,PG-13,5.8,110000000.0,66002193.0,-43997807.0,Robert Schwentke
254,Real Steel,2011,127,English,USA,PG-13,7.1,110000000.0,85463309.0,-24536691.0,Shawn Levy
255,The Smurfs 2,2013,105,English,USA,PG,5.4,105000000.0,71017784.0,-33982216.0,Raja Gosnell
256,Speed 2: Cruise Control,1997,121,English,USA,PG-13,3.7,160000000.0,48068396.0,-111931604.0,Jan de Bont
257,Ender's Game,2013,114,English,USA,PG-13,6.7,110000000.0,61656849.0,-48343151.0,Gavin Hood
258,Live Free or Die Hard,2007,129,English,USA,PG-13,7.2,110000000.0,134520804.0,24520804.0,Len Wiseman
259,The Lord of the Rings: The Fellowship of the Ring,2001,171,English,New Zealand,PG-13,8.8,93000000.0,313837577.0,220837577.0,Peter Jackson
260,Around the World in 80 Days,2004,120,English,USA,PG,5.8,110000000.0,24004159.0,-85995841.0,Frank Coraci
261,Ali,2001,165,English,USA,R,6.8,107000000.0,58183966.0,-48816034.0,Michael Mann
262,The Cat in the Hat,2003,82,English,USA,PG,3.8,109000000.0,100446895.0,-8553105.0,Bo Welch
263,"I, Robot",2004,115,English,USA,PG-13,7.1,120000000.0,144795350.0,24795350.0,Alex Proyas
264,Kingdom of Heaven,2005,194,English,USA,R,7.2,130000000.0,47396698.0,-82603302.0,Ridley Scott
265,Stuart Little,1999,84,English,Germany,PG,5.9,133000000.0,140015224.0,7015224.0,Rob Minkoff
266,The Princess and the Frog,2009,97,English,USA,G,7.1,105000000.0,104374107.0,-625893.0,Ron Clements
267,The Martian,2015,151,English,USA,PG-13,8.1,108000000.0,228430993.0,120430993.0,Ridley Scott
268,The Island,2005,136,English,USA,PG-13,6.9,126000000.0,35799026.0,-90200974.0,Michael Bay
269,Town & Country,2001,104,English,New Line,R,4.4,90000000.0,6712451.0,-83287549.0,Peter Chelsom
270,Gone in Sixty Seconds,2000,127,English,USA,PG-13,6.5,90000000.0,101643008.0,11643008.0,Dominic Sena
271,Gladiator,2000,171,English,USA,R,8.5,103000000.0,187670866.0,84670866.0,Ridley Scott
272,Minority Report,2002,145,English,USA,PG-13,7.7,102000000.0,132014112.0,30014112.0,Steven Spielberg
273,Harry Potter and the Chamber of Secrets,2002,174,English,UK,PG,7.4,100000000.0,261970615.0,161970615.0,Chris Columbus
274,Casino Royale,2006,144,English,UK,PG-13,8.0,150000000.0,167007184.0,17007184.0,Martin Campbell
275,Planet of the Apes,2001,119,English,USA,PG-13,5.7,100000000.0,180011740.0,80011740.0,Tim Burton
276,Terminator 2: Judgment Day,1991,153,English,USA,R,8.5,102000000.0,204843350.0,102843350.0,James Cameron
277,Public Enemies,2009,140,English,USA,R,7.0,100000000.0,97030725.0,-2969275.0,Michael Mann
278,American Gangster,2007,176,English,USA,R,7.8,100000000.0,130127620.0,30127620.0,Ridley Scott
279,True Lies,1994,141,English,USA,R,7.2,115000000.0,146282411.0,31282411.0,James Cameron
280,The Taking of Pelham 1 2 3,2009,106,English,USA,R,6.4,100000000.0,65452312.0,-34547688.0,Tony Scott
281,Little Fockers,2010,98,English,USA,PG-13,5.5,100000000.0,148383780.0,48383780.0,Paul Weitz
282,The Other Guys,2010,116,English,USA,PG-13,6.7,100000000.0,119219978.0,19219978.0,Adam McKay
283,Eraser,1996,115,English,USA,R,6.1,100000000.0,101228120.0,1228120.0,Chuck Russell
284,Django Unchained,2012,165,English,USA,R,8.5,100000000.0,162804648.0,62804648.0,Quentin Tarantino
285,The Hunchback of Notre Dame,1996,91,English,USA,G,6.9,100000000.0,100117603.0,117603.0,Gary Trousdale
286,The Emperor's New Groove,2000,78,English,USA,G,7.3,100000000.0,89296573.0,-10703427.0,Mark Dindal
287,The Expendables 2,2012,103,English,USA,R,6.7,92000000.0,85017401.0,-6982599.0,Simon West
288,National Treasure,2004,131,English,USA,PG,6.9,100000000.0,173005002.0,73005002.0,Jon Turteltaub
289,Eragon,2006,104,English,USA,PG,5.1,100000000.0,75030163.0,-24969837.0,Stefen Fangmeier
290,Where the Wild Things Are,2009,101,English,Germany,PG,6.8,100000000.0,77222184.0,-22777816.0,Spike Jonze
291,Epic,2013,102,English,USA,PG,6.7,100000000.0,107515297.0,7515297.0,Chris Wedge
292,The Tourist,2010,103,English,USA,PG-13,6.0,100000000.0,67631157.0,-32368843.0,Florian Henckel von Donnersmarck
293,End of Days,1999,121,English,USA,R,5.7,83000000.0,66862068.0,-16137932.0,Peter Hyams
294,Blood Diamond,2006,143,English,Germany,R,8.0,100000000.0,57366262.0,-42633738.0,Edward Zwick
295,The Wolf of Wall Street,2013,240,English,USA,R,8.2,100000000.0,116866727.0,16866727.0,Martin Scorsese
296,Batman Forever,1995,121,English,USA,PG-13,5.4,100000000.0,184031112.0,84031112.0,Joel Schumacher
297,Starship Troopers,1997,129,English,USA,R,7.2,105000000.0,54700065.0,-50299935.0,Paul Verhoeven
298,Cloud Atlas,2012,172,English,Germany,R,7.5,102000000.0,27098580.0,-74901420.0,Tom Tykwer
299,Legend of the Guardians: The Owls of Ga'Hoole,2010,101,English,USA,PG,7.0,80000000.0,55673333.0,-24326667.0,Zack Snyder
300,Catwoman,2004,87,English,USA,PG-13,3.3,100000000.0,40198710.0,-59801290.0,Pitof
301,Hercules,2014,101,English,USA,PG-13,6.0,100000000.0,72660029.0,-27339971.0,Brett Ratner
302,Treasure Planet,2002,95,English,USA,PG,7.1,140000000.0,38120554.0,-101879446.0,Ron Clements
303,Land of the Lost,2009,102,English,USA,PG-13,5.4,100000000.0,49392095.0,-50607905.0,Brad Silberling
304,The Expendables 3,2014,131,English,USA,PG-13,6.1,90000000.0,39292022.0,-50707978.0,Patrick Hughes
305,Point Break,2015,114,English,USA,PG-13,5.3,105000000.0,28772222.0,-76227778.0,Ericson Core
306,Son of the Mask,2005,94,English,USA,PG,2.2,84000000.0,17010646.0,-66989354.0,Lawrence Guterman
307,In the Heart of the Sea,2015,122,English,USA,PG-13,7.0,100000000.0,24985612.0,-75014388.0,Ron Howard
308,The Adventures of Pluto Nash,2002,95,English,USA,PG-13,3.8,100000000.0,4411102.0,-95588898.0,Ron Underwood
309,Green Zone,2010,115,English,France,R,6.9,100000000.0,35024475.0,-64975525.0,Paul Greengrass
310,The Peanuts Movie,2015,88,English,USA,G,7.2,99000000.0,130174897.0,31174897.0,Steve Martino
311,The Spanish Prisoner,1997,110,English,USA,PG,7.3,10000000.0,10200000.0,200000.0,David Mamet
312,The Mummy Returns,2001,130,English,USA,PG-13,6.3,98000000.0,202007640.0,104007640.0,Stephen Sommers
313,Gangs of New York,2002,216,English,USA,R,7.5,100000000.0,77679638.0,-22320362.0,Martin Scorsese
314,The Flowers of War,2011,146,Mandarin,China,R,7.6,94000000.0,9213.0,-93990787.0,Yimou Zhang
315,Surf's Up,2007,85,English,USA,PG,6.8,100000000.0,58867694.0,-41132306.0,Ash Brannon
316,The Stepford Wives,2004,93,English,USA,PG-13,5.2,90000000.0,59475623.0,-30524377.0,Frank Oz
317,Black Hawk Down,2001,152,English,USA,R,7.7,92000000.0,108638745.0,16638745.0,Ridley Scott
318,The Campaign,2012,85,English,USA,R,6.2,95000000.0,86897182.0,-8102818.0,Jay Roach
319,The Fifth Element,1997,126,English,France,PG-13,7.7,93000000.0,63540020.0,-29459980.0,Luc Besson
320,Sex and the City 2,2010,146,English,USA,R,4.3,100000000.0,95328937.0,-4671063.0,Michael Patrick King
321,The Road to El Dorado,2000,89,English,USA,PG,6.9,95000000.0,50802661.0,-44197339.0,Bibo Bergeron
322,Ice Age: Continental Drift,2012,88,English,USA,PG,6.6,95000000.0,161317423.0,66317423.0,Steve Martino
323,Cinderella,2015,105,English,USA,PG,7.0,95000000.0,201148159.0,106148159.0,Kenneth Branagh
324,The Lovely Bones,2009,135,English,USA,PG-13,6.7,65000000.0,43982842.0,-21017158.0,Peter Jackson
325,Finding Nemo,2003,100,English,USA,G,8.2,94000000.0,380838870.0,286838870.0,Andrew Stanton
326,The Lord of the Rings: The Return of the King,2003,192,English,USA,PG-13,8.9,94000000.0,377019252.0,283019252.0,Peter Jackson
327,The Lord of the Rings: The Two Towers,2002,172,English,USA,PG-13,8.7,94000000.0,340478898.0,246478898.0,Peter Jackson
328,Seventh Son,2014,102,English,USA,PG-13,5.5,95000000.0,17176900.0,-77823100.0,Sergey Bodrov
329,Lara Croft: Tomb Raider,2001,100,English,USA,PG-13,5.7,115000000.0,131144183.0,16144183.0,Simon West
330,Transcendence,2014,119,English,UK,PG-13,6.3,100000000.0,23014504.0,-76985496.0,Wally Pfister
331,Jurassic Park III,2001,92,English,USA,PG-13,5.9,93000000.0,181166115.0,88166115.0,Joe Johnston
332,Rise of the Planet of the Apes,2011,105,English,USA,PG-13,7.6,93000000.0,176740650.0,83740650.0,Rupert Wyatt
333,The Spiderwick Chronicles,2008,107,English,USA,PG,6.6,90000000.0,71148699.0,-18851301.0,Mark Waters
334,A Good Day to Die Hard,2013,101,English,USA,R,5.3,92000000.0,67344392.0,-24655608.0,John Moore
335,The Alamo,2004,137,English,USA,PG-13,6.0,107000000.0,22406362.0,-84593638.0,John Lee Hancock
336,The Incredibles,2004,115,English,USA,PG,8.0,92000000.0,261437578.0,169437578.0,Brad Bird
337,Cutthroat Island,1995,124,English,USA,PG-13,5.6,98000000.0,11000000.0,-87000000.0,Renny Harlin
338,Percy Jackson & the Olympians: The Lightning Thief,2010,118,English,UK,PG,5.9,95000000.0,88761720.0,-6238280.0,Chris Columbus
339,Men in Black,1997,98,English,USA,PG-13,7.3,90000000.0,250147615.0,160147615.0,Barry Sonnenfeld
340,Toy Story 2,1999,82,English,USA,G,7.9,90000000.0,245823397.0,155823397.0,John Lasseter
341,Unstoppable,2010,98,English,USA,PG-13,6.8,100000000.0,81557479.0,-18442521.0,Tony Scott
342,Rush Hour 2,2001,90,English,USA,PG-13,6.6,90000000.0,226138454.0,136138454.0,Brett Ratner
343,What Lies Beneath,2000,130,English,USA,PG-13,6.6,100000000.0,155370362.0,55370362.0,Robert Zemeckis
344,Cloudy with a Chance of Meatballs,2009,90,English,USA,PG,7.0,100000000.0,124870275.0,24870275.0,Phil Lord
345,Ice Age: Dawn of the Dinosaurs,2009,94,English,USA,PG,7.0,90000000.0,196573705.0,106573705.0,Carlos Saldanha
346,The Secret Life of Walter Mitty,2013,114,English,USA,PG,7.3,90000000.0,58229120.0,-31770880.0,Ben Stiller
347,Charlie's Angels,2000,94,English,USA,PG-13,5.5,92000000.0,125305545.0,33305545.0,McG
348,The Departed,2006,151,English,USA,R,8.5,90000000.0,132373442.0,42373442.0,Martin Scorsese
349,Mulan,1998,88,English,USA,G,7.5,90000000.0,120618403.0,30618403.0,Tony Bancroft
350,Tropic Thunder,2008,121,English,USA,R,7.0,92000000.0,110416702.0,18416702.0,Ben Stiller
351,The Girl with the Dragon Tattoo,2011,158,English,USA,R,7.8,90000000.0,102515793.0,12515793.0,David Fincher
352,Die Hard with a Vengeance,1995,128,English,USA,R,7.6,90000000.0,100012500.0,10012500.0,John McTiernan
353,Sherlock Holmes,2009,128,English,USA,PG-13,7.6,90000000.0,209019489.0,119019489.0,Guy Ritchie
354,Atlantis: The Lost Empire,2001,95,English,USA,PG,6.8,120000000.0,84037039.0,-35962961.0,Gary Trousdale
355,Alvin and the Chipmunks: The Road Chip,2015,92,English,USA,PG,5.0,90000000.0,85884815.0,-4115185.0,Walt Becker
356,Valkyrie,2008,121,English,USA,PG-13,7.1,75000000.0,83077470.0,8077470.0,Bryan Singer
357,You Don't Mess with the Zohan,2008,113,English,USA,PG-13,5.5,90000000.0,100018837.0,10018837.0,Dennis Dugan
358,Pixels,2015,106,English,USA,PG-13,5.6,88000000.0,78747585.0,-9252415.0,Chris Columbus
359,A.I. Artificial Intelligence,2001,146,English,USA,PG-13,7.1,100000000.0,78616689.0,-21383311.0,Steven Spielberg
360,The Haunted Mansion,2003,88,English,USA,PG,4.9,90000000.0,75817994.0,-14182006.0,Rob Minkoff
361,Contact,1997,150,English,USA,PG,7.4,90000000.0,100853835.0,10853835.0,Robert Zemeckis
362,Hollow Man,2000,119,English,USA,R,5.7,95000000.0,73209340.0,-21790660.0,Paul Verhoeven
363,The Interpreter,2005,128,Aboriginal,UK,PG-13,6.4,80000000.0,72515360.0,-7484640.0,Sydney Pollack
364,Percy Jackson: Sea of Monsters,2013,106,English,USA,PG,5.9,90000000.0,68558662.0,-21441338.0,Thor Freudenthal
365,Lara Croft Tomb Raider: The Cradle of Life,2003,117,English,USA,PG-13,5.5,95000000.0,65653758.0,-29346242.0,Jan de Bont
366,Now You See Me 2,2016,129,English,USA,PG-13,6.9,90000000.0,64685359.0,-25314641.0,Jon M. Chu
367,The Saint,1997,116,English,USA,PG-13,6.2,68000000.0,61355436.0,-6644564.0,Phillip Noyce
368,Spy Game,2001,114,English,Germany,R,7.0,92000000.0,26871.0,-91973129.0,Tony Scott
369,Mission to Mars,2000,114,English,USA,PG,5.6,90000000.0,60874615.0,-29125385.0,Brian De Palma
370,Rio,2011,96,English,USA,G,7.0,90000000.0,143618384.0,53618384.0,Carlos Saldanha
371,Bicentennial Man,1999,132,English,USA,PG,6.8,100000000.0,58220776.0,-41779224.0,Chris Columbus
372,Volcano,1997,104,English,USA,PG-13,5.4,90000000.0,47474112.0,-42525888.0,Mick Jackson
373,The Devil's Own,1997,111,English,USA,R,6.1,86000000.0,42877165.0,-43122835.0,Alan J. Pakula
374,K-19: The Widowmaker,2002,138,English,UK,PG-13,6.7,100000000.0,35168677.0,-64831323.0,Kathryn Bigelow
375,Conan the Barbarian,1982,129,English,USA,R,6.9,20000000.0,37567440.0,17567440.0,John Milius
376,Cinderella Man,2005,144,English,USA,PG-13,8.0,88000000.0,61644321.0,-26355679.0,Ron Howard
377,The Nutcracker in 3D,2010,110,English,UK,PG,4.4,90000000.0,190562.0,-89809438.0,Andrey Konchalovskiy
378,Seabiscuit,2003,140,English,USA,PG-13,7.3,87000000.0,120147445.0,33147445.0,Gary Ross
379,Twister,1996,113,English,USA,PG-13,6.3,92000000.0,241688385.0,149688385.0,Jan de Bont
380,Cast Away,2000,143,English,USA,PG-13,7.7,90000000.0,233630478.0,143630478.0,Robert Zemeckis
381,Happy Feet,2006,108,English,USA,PG,6.5,100000000.0,197992827.0,97992827.0,George Miller
382,The Bourne Supremacy,2004,108,English,USA,PG-13,7.8,75000000.0,176049130.0,101049130.0,Paul Greengrass
383,Air Force One,1997,124,English,USA,R,6.4,85000000.0,172620724.0,87620724.0,Wolfgang Petersen
384,Ocean's Eleven,2001,116,English,USA,PG-13,7.8,85000000.0,183405771.0,98405771.0,Steven Soderbergh
385,The Three Musketeers,2011,110,English,Germany,PG-13,5.8,75000000.0,20315324.0,-54684676.0,Paul W.S. Anderson
386,Hotel Transylvania,2012,91,English,USA,PG,7.1,85000000.0,148313048.0,63313048.0,Genndy Tartakovsky
387,Enchanted,2007,107,English,USA,PG,7.1,85000000.0,127706877.0,42706877.0,Kevin Lima
388,Safe House,2012,115,English,USA,R,6.8,85000000.0,126149655.0,41149655.0,Daniel Espinosa
389,102 Dalmatians,2000,100,English,USA,G,4.8,85000000.0,66941559.0,-18058441.0,Kevin Lima
390,Tower Heist,2011,104,English,USA,PG-13,6.2,75000000.0,78009155.0,3009155.0,Brett Ratner
391,The Holiday,2006,138,English,USA,PG-13,6.9,85000000.0,63224849.0,-21775151.0,Nancy Meyers
392,Enemy of the State,1998,140,English,USA,R,7.3,90000000.0,111544445.0,21544445.0,Tony Scott
393,It's Complicated,2009,120,English,USA,R,6.6,85000000.0,112703470.0,27703470.0,Nancy Meyers
394,Ocean's Thirteen,2007,122,English,USA,PG-13,6.9,85000000.0,117144465.0,32144465.0,Steven Soderbergh
395,Open Season,2006,83,English,USA,PG,6.2,85000000.0,84303558.0,-696442.0,Roger Allers
396,Divergent,2014,139,English,USA,PG-13,6.7,85000000.0,150832203.0,65832203.0,Neil Burger
397,Enemy at the Gates,2001,131,English,USA,R,7.6,68000000.0,51396781.0,-16603219.0,Jean-Jacques Annaud
398,The Rundown,2003,104,English,USA,PG-13,6.7,85000000.0,47592825.0,-37407175.0,Peter Berg
399,Last Action Hero,1993,130,English,USA,PG-13,6.2,70000000.0,50016394.0,-19983606.0,John McTiernan
400,Memoirs of a Geisha,2005,145,English,USA,PG-13,7.3,85000000.0,57010853.0,-27989147.0,Rob Marshall
401,The Fast and the Furious: Tokyo Drift,2006,104,English,USA,PG-13,6.0,85000000.0,62494975.0,-22505025.0,Justin Lin
402,Arthur Christmas,2011,97,English,UK,PG,7.1,100000000.0,46440491.0,-53559509.0,Sarah Smith
403,Meet Joe Black,1998,178,English,USA,PG-13,7.1,90000000.0,44606335.0,-45393665.0,Martin Brest
404,Collateral Damage,2002,108,English,USA,R,5.5,85000000.0,40048332.0,-44951668.0,Andrew Davis
405,Mirror Mirror,2012,106,English,USA,PG,5.6,85000000.0,64933670.0,-20066330.0,Tarsem Singh
406,Scott Pilgrim vs. the World,2010,112,English,USA,PG-13,7.5,60000000.0,31494270.0,-28505730.0,Edgar Wright
407,The Core,2003,135,English,USA,PG-13,5.4,60000000.0,31111260.0,-28888740.0,Jon Amiel
408,Nutty Professor II: The Klumps,2000,109,English,USA,PG-13,4.3,65000000.0,123307945.0,58307945.0,Peter Segal
409,Scooby-Doo,2002,86,English,USA,PG,4.9,84000000.0,153288182.0,69288182.0,Raja Gosnell
410,Dredd,2012,95,English,UK,R,7.1,35000000.0,13401683.0,-21598317.0,Pete Travis
411,Click,2006,107,English,USA,PG-13,6.4,70000000.0,137340146.0,67340146.0,Frank Coraci
412,Cats & Dogs: The Revenge of Kitty Galore,2010,82,English,USA,PG,4.3,85000000.0,43575716.0,-41424284.0,Brad Peyton
413,Jumper,2008,88,English,USA,PG-13,6.1,85000000.0,80170146.0,-4829854.0,Doug Liman
414,Hellboy II: The Golden Army,2008,120,English,USA,PG-13,7.0,85000000.0,75754670.0,-9245330.0,Guillermo del Toro
415,Zodiac,2007,162,English,USA,R,7.7,65000000.0,33048353.0,-31951647.0,David Fincher
416,The 6th Day,2000,123,English,USA,PG-13,5.9,82000000.0,34543701.0,-47456299.0,Roger Spottiswoode
417,Bruce Almighty,2003,101,English,USA,PG-13,6.7,81000000.0,242589580.0,161589580.0,Tom Shadyac
418,The Expendables,2010,113,English,USA,R,6.5,80000000.0,102981571.0,22981571.0,Sylvester Stallone
419,Mission: Impossible,1996,110,English,USA,PG-13,7.1,80000000.0,180965237.0,100965237.0,Brian De Palma
420,The Hunger Games,2012,142,English,USA,PG-13,7.3,78000000.0,407999255.0,329999255.0,Gary Ross
421,The Hangover Part II,2011,102,English,USA,R,6.5,80000000.0,254455986.0,174455986.0,Todd Phillips
422,Batman Returns,1992,126,English,USA,PG-13,7.0,80000000.0,162831698.0,82831698.0,Tim Burton
423,Over the Hedge,2006,83,English,USA,PG,6.8,80000000.0,155019340.0,75019340.0,Tim Johnson
424,Lilo & Stitch,2002,85,English,USA,PG,7.2,80000000.0,145771527.0,65771527.0,Dean DeBlois
425,Deep Impact,1998,120,English,USA,PG-13,6.1,75000000.0,140459099.0,65459099.0,Mimi Leder
426,RED 2,2013,116,English,USA,PG-13,6.7,84000000.0,53215979.0,-30784021.0,Dean Parisot
427,The Longest Yard,2005,113,English,USA,PG-13,6.4,82000000.0,158115031.0,76115031.0,Peter Segal
428,Alvin and the Chipmunks: Chipwrecked,2011,87,English,USA,G,4.4,75000000.0,133103929.0,58103929.0,Mike Mitchell
429,Grown Ups 2,2013,101,English,USA,PG-13,5.4,80000000.0,133668525.0,53668525.0,Dennis Dugan
430,Get Smart,2008,110,English,USA,PG-13,6.5,80000000.0,130313314.0,50313314.0,Peter Segal
431,Something's Gotta Give,2003,128,English,USA,PG-13,6.7,80000000.0,124590960.0,44590960.0,Nancy Meyers
432,Shutter Island,2010,138,English,USA,R,8.1,80000000.0,127968405.0,47968405.0,Martin Scorsese
433,Four Christmases,2008,88,English,Germany,PG-13,5.6,80000000.0,120136047.0,40136047.0,Seth Gordon
434,Robots,2005,91,English,USA,PG,6.3,75000000.0,128200012.0,53200012.0,Chris Wedge
435,Face/Off,1997,138,English,USA,R,7.3,80000000.0,112225777.0,32225777.0,John Woo
436,Bedtime Stories,2008,99,English,USA,PG,6.1,80000000.0,109993847.0,29993847.0,Adam Shankman
437,Road to Perdition,2002,117,English,USA,R,7.7,80000000.0,104054514.0,24054514.0,Sam Mendes
438,Just Go with It,2011,117,English,USA,PG-13,6.4,80000000.0,103028109.0,23028109.0,Dennis Dugan
439,Con Air,1997,123,English,USA,R,6.8,75000000.0,101087161.0,26087161.0,Simon West
440,Eagle Eye,2008,118,English,USA,PG-13,6.6,80000000.0,101111837.0,21111837.0,D.J. Caruso
441,Cold Mountain,2003,154,English,USA,R,7.2,79000000.0,95632614.0,16632614.0,Anthony Minghella
442,The Book of Eli,2010,118,English,USA,R,6.9,80000000.0,94822707.0,14822707.0,Albert Hughes
443,Flubber,1997,90,English,USA,PG,5.2,80000000.0,92969824.0,12969824.0,Les Mayfield
444,The Haunting,1999,113,English,USA,PG-13,4.9,80000000.0,91188905.0,11188905.0,Jan de Bont
445,Space Jam,1996,88,English,USA,PG,6.3,80000000.0,90443603.0,10443603.0,Joe Pytka
446,The Pink Panther,2006,93,English,USA,PG,5.6,65000000.0,82226474.0,17226474.0,Shawn Levy
447,The Day the Earth Stood Still,2008,104,English,USA,PG-13,5.5,80000000.0,79363785.0,-636215.0,Scott Derrickson
448,Conspiracy Theory,1997,135,English,USA,R,6.7,75000000.0,76081498.0,1081498.0,Richard Donner
449,Fury,2014,134,English,USA,R,7.6,68000000.0,85707116.0,17707116.0,David Ayer
450,Six Days Seven Nights,1998,98,English,USA,PG-13,5.7,70000000.0,74329966.0,4329966.0,Ivan Reitman
451,Yogi Bear,2010,80,English,USA,PG,4.6,80000000.0,100169068.0,20169068.0,Eric Brevig
452,Spirit: Stallion of the Cimarron,2002,83,English,USA,G,7.0,80000000.0,73215310.0,-6784690.0,Kelly Asbury
453,Zookeeper,2011,102,English,USA,PG,5.2,80000000.0,80360866.0,360866.0,Frank Coraci
454,Lost in Space,1998,130,English,USA,PG-13,5.1,80000000.0,69102910.0,-10897090.0,Stephen Hopkins
455,The Manchurian Candidate,2004,129,English,USA,R,6.6,80000000.0,65948711.0,-14051289.0,Jonathan Demme
456,Hotel Transylvania 2,2015,89,English,USA,PG,6.7,80000000.0,169692572.0,89692572.0,Genndy Tartakovsky
457,Fantasia 2000,1999,74,English,USA,G,7.3,80000000.0,60507228.0,-19492772.0,James Algar
458,The Time Machine,2002,96,English,USA,PG-13,5.9,80000000.0,56684819.0,-23315181.0,Simon Wells
459,Mighty Joe Young,1998,114,English,USA,PG,5.6,90000000.0,50628009.0,-39371991.0,Ron Underwood
460,Swordfish,2001,99,English,USA,R,6.5,80000000.0,69772969.0,-10227031.0,Dominic Sena
461,The Legend of Zorro,2005,129,Spanish,USA,PG,5.9,75000000.0,45356386.0,-29643614.0,Martin Campbell
462,What Dreams May Come,1998,113,English,USA,PG-13,7.0,85000000.0,55350897.0,-29649103.0,Vincent Ward
463,Little Nicky,2000,90,English,USA,PG-13,5.3,80000000.0,39442871.0,-40557129.0,Steven Brill
464,The Brothers Grimm,2005,118,English,USA,PG-13,5.9,88000000.0,37899638.0,-50100362.0,Terry Gilliam
465,Mars Attacks!,1996,106,English,USA,PG-13,6.3,70000000.0,37754208.0,-32245792.0,Tim Burton
466,Surrogates,2009,89,English,USA,PG-13,6.3,80000000.0,38542418.0,-41457582.0,Jonathan Mostow
467,Thirteen Days,2000,145,English,USA,PG-13,7.3,80000000.0,34566746.0,-45433254.0,Roger Donaldson
468,Daylight,1996,114,English,USA,PG-13,5.8,80000000.0,32885565.0,-47114435.0,Rob Cohen
469,Walking with Dinosaurs 3D,2013,87,English,USA,PG,5.2,80000000.0,36073232.0,-43926768.0,Barry Cook
470,Battlefield Earth,2000,119,English,USA,PG-13,2.4,44000000.0,21471685.0,-22528315.0,Roger Christian
471,Looney Tunes: Back in Action,2003,91,English,Germany,PG,5.7,80000000.0,20950820.0,-59049180.0,Joe Dante
472,Nine,2009,118,English,USA,PG-13,5.8,80000000.0,19673424.0,-60326576.0,Rob Marshall
473,Timeline,2003,116,English,USA,PG-13,5.6,80000000.0,19480739.0,-60519261.0,Richard Donner
474,The Postman,1997,177,English,USA,R,6.0,80000000.0,17593391.0,-62406609.0,Kevin Costner
475,Babe: Pig in the City,1998,97,English,Australia,G,5.8,80000000.0,18318000.0,-61682000.0,George Miller
476,The Last Witch Hunter,2015,106,English,USA,PG-13,6.0,90000000.0,27356090.0,-62643910.0,Breck Eisner
477,Red Planet,2000,106,English,USA,PG-13,5.7,70000000.0,17473245.0,-52526755.0,Antony Hoffman
478,Arthur and the Invisibles,2006,94,English,France,PG,6.0,86000000.0,15131330.0,-70868670.0,Luc Besson
479,Oceans,2009,104,French,France,G,7.8,40000000.0,19406406.0,-20593594.0,Jacques Perrin
480,A Sound of Thunder,2005,102,English,UK,PG-13,4.2,52000000.0,1891821.0,-50108179.0,Peter Hyams
481,Pompeii,2014,105,English,Canada,PG-13,5.6,80000000.0,23219748.0,-56780252.0,Paul W.S. Anderson
482,A Beautiful Mind,2001,135,English,USA,PG-13,8.2,58000000.0,170708996.0,112708996.0,Ron Howard
483,The Lion King,1994,73,English,USA,G,8.5,45000000.0,422783777.0,377783777.0,Roger Allers
484,Journey 2: The Mysterious Island,2012,94,English,USA,PG,5.8,79000000.0,103812241.0,24812241.0,Brad Peyton
485,Cloudy with a Chance of Meatballs 2,2013,95,English,USA,PG,6.5,78000000.0,119793567.0,41793567.0,Cody Cameron
486,Red Dragon,2002,124,English,Germany,R,7.2,78000000.0,92930005.0,14930005.0,Brett Ratner
487,Hidalgo,2004,136,English,USA,PG-13,6.7,100000000.0,67286731.0,-32713269.0,Joe Johnston
488,Jack and Jill,2011,91,English,USA,PG,3.4,79000000.0,74158157.0,-4841843.0,Dennis Dugan
489,2 Fast 2 Furious,2003,107,English,USA,PG-13,5.9,76000000.0,127083765.0,51083765.0,John Singleton
490,The Little Prince,2015,108,English,France,PG,7.8,81200000.0,1339152.0,-79860848.0,Mark Osborne
491,The Invasion,2007,99,English,USA,PG-13,5.9,80000000.0,15071514.0,-64928486.0,Oliver Hirschbiegel
492,The Adventures of Rocky & Bullwinkle,2000,92,English,USA,PG,4.1,76000000.0,26000610.0,-49999390.0,Des McAnuff
493,The Secret Life of Pets,2016,87,English,Japan,PG,6.8,75000000.0,323505540.0,248505540.0,Yarrow Cheney
494,The League of Extraordinary Gentlemen,2003,110,English,USA,PG-13,5.8,78000000.0,66462600.0,-11537400.0,Stephen Norrington
495,Despicable Me 2,2013,98,English,USA,PG,7.5,76000000.0,368049635.0,292049635.0,Pierre Coffin
496,Independence Day,1996,154,English,USA,PG-13,6.9,75000000.0,306124059.0,231124059.0,Roland Emmerich
497,The Lost World: Jurassic Park,1997,129,English,USA,PG-13,6.5,73000000.0,229074524.0,156074524.0,Steven Spielberg
498,Madagascar,2005,86,English,USA,PG,6.9,75000000.0,193136719.0,118136719.0,Eric Darnell
499,Children of Men,2006,109,English,USA,R,7.9,76000000.0,35286428.0,-40713572.0,Alfonso Cuarón
500,X-Men,2000,104,English,USA,PG-13,7.4,75000000.0,157299717.0,82299717.0,Bryan Singer
501,Wanted,2008,110,English,USA,R,6.7,75000000.0,134568845.0,59568845.0,Timur Bekmambetov
502,The Rock,1996,136,English,USA,R,7.4,75000000.0,134006721.0,59006721.0,Michael Bay
503,Ice Age: The Meltdown,2006,115,English,USA,PG,6.9,80000000.0,195329763.0,115329763.0,Carlos Saldanha
504,50 First Dates,2004,99,English,USA,PG-13,6.8,75000000.0,120776832.0,45776832.0,Peter Segal
505,Hairspray,2007,117,English,USA,PG,6.7,75000000.0,118823091.0,43823091.0,Adam Shankman
506,Exorcist: The Beginning,2004,125,English,USA,R,5.1,50000000.0,41814863.0,-8185137.0,Renny Harlin
507,Inspector Gadget,1999,110,English,USA,PG,4.1,75000000.0,97360069.0,22360069.0,David Kellogg
508,Now You See Me,2013,125,English,USA,PG-13,7.3,75000000.0,117698894.0,42698894.0,Louis Leterrier
509,Grown Ups,2010,102,English,USA,PG-13,6.0,80000000.0,162001186.0,82001186.0,Dennis Dugan
510,The Terminal,2004,128,English,USA,PG-13,7.3,60000000.0,77032279.0,17032279.0,Steven Spielberg
511,Hotel for Dogs,2009,100,English,USA,PG,5.4,35000000.0,73023275.0,38023275.0,Thor Freudenthal
512,Vertical Limit,2000,124,English,USA,PG-13,5.9,75000000.0,68473360.0,-6526640.0,Martin Campbell
513,Charlie Wilson's War,2007,102,English,USA,R,7.1,75000000.0,66636385.0,-8363615.0,Mike Nichols
514,Shark Tale,2004,90,English,USA,PG,6.0,75000000.0,160762022.0,85762022.0,Bibo Bergeron
515,Dreamgirls,2006,130,English,USA,PG-13,6.5,70000000.0,103338338.0,33338338.0,Bill Condon
516,Be Cool,2005,118,English,USA,PG-13,5.7,53000000.0,55808744.0,2808744.0,F. Gary Gray
517,Munich,2005,163,English,France,R,7.6,70000000.0,47379090.0,-22620910.0,Steven Spielberg
518,Tears of the Sun,2003,142,English,USA,R,6.6,70000000.0,43426961.0,-26573039.0,Antoine Fuqua
519,Killers,2010,100,English,USA,PG-13,5.4,75000000.0,47000485.0,-27999515.0,Robert Luketic
520,The Man from U.N.C.L.E.,2015,116,English,USA,PG-13,7.3,75000000.0,45434443.0,-29565557.0,Guy Ritchie
521,Spanglish,2004,131,English,USA,PG-13,6.5,80000000.0,42044321.0,-37955679.0,James L. Brooks
522,Monster House,2006,91,English,USA,PG,6.6,75000000.0,73661010.0,-1338990.0,Gil Kenan
523,Bandits,2001,123,English,USA,PG-13,6.6,80000000.0,41523271.0,-38476729.0,Barry Levinson
524,First Knight,1995,134,English,USA,PG-13,5.9,55000000.0,37600435.0,-17399565.0,Jerry Zucker
525,Anna and the King,1999,148,English,USA,PG-13,6.7,75000000.0,39251128.0,-35748872.0,Andy Tennant
526,Immortals,2011,110,English,USA,R,6.1,75000000.0,83503161.0,8503161.0,Tarsem Singh
527,Hostage,2005,113,English,USA,R,6.6,52000000.0,34636443.0,-17363557.0,Florent-Emilio Siri
528,Titan A.E.,2000,94,English,USA,PG,6.6,75000000.0,22751979.0,-52248021.0,Don Bluth
529,Hollywood Homicide,2003,116,English,USA,PG-13,5.3,75000000.0,30013346.0,-44986654.0,Ron Shelton
530,Soldier,1998,99,English,UK,R,6.0,75000000.0,14567883.0,-60432117.0,Paul W.S. Anderson
531,Monkeybone,2001,93,English,USA,PG-13,4.7,75000000.0,5409517.0,-69590483.0,Henry Selick
532,Flight of the Phoenix,2004,113,English,USA,PG-13,6.1,45000000.0,21009180.0,-23990820.0,John Moore
533,Unbreakable,2000,106,English,USA,PG-13,7.2,75000000.0,94999143.0,19999143.0,M. Night Shyamalan
534,Minions,2015,91,English,USA,PG,6.4,74000000.0,336029560.0,262029560.0,Kyle Balda
535,Sucker Punch,2011,128,English,USA,PG-13,6.1,82000000.0,36381716.0,-45618284.0,Zack Snyder
536,Snake Eyes,1998,98,English,USA,R,5.9,69000000.0,55585389.0,-13414611.0,Brian De Palma
537,Sphere,1998,134,English,USA,PG-13,6.0,75000000.0,36976367.0,-38023633.0,Barry Levinson
538,The Angry Birds Movie,2016,97,English,USA,PG,6.3,73000000.0,107225164.0,34225164.0,Clay Kaytis
539,Fool's Gold,2008,112,English,USA,PG-13,5.6,70000000.0,70224196.0,224196.0,Andy Tennant
540,Funny People,2009,153,English,USA,R,6.4,75000000.0,51814190.0,-23185810.0,Judd Apatow
541,The Kingdom,2007,110,English,USA,R,7.1,70000000.0,47456450.0,-22543550.0,Peter Berg
542,Talladega Nights: The Ballad of Ricky Bobby,2006,122,English,USA,PG-13,6.6,73000000.0,148213377.0,75213377.0,Adam McKay
543,Dr. Dolittle 2,2001,87,English,USA,PG,4.6,72000000.0,112950721.0,40950721.0,Steve Carr
544,Braveheart,1995,178,English,USA,R,8.4,72000000.0,75600000.0,3600000.0,Mel Gibson
545,Jarhead,2005,125,English,Germany,R,7.1,70000000.0,62647540.0,-7352460.0,Sam Mendes
546,The Simpsons Movie,2007,87,English,USA,PG-13,7.4,75000000.0,183132370.0,108132370.0,David Silverman
547,The Majestic,2001,152,English,USA,PG,6.9,72000000.0,27796042.0,-44203958.0,Frank Darabont
548,Driven,2001,116,English,USA,PG-13,4.5,72000000.0,32616869.0,-39383131.0,Renny Harlin
549,Two Brothers,2004,109,English,France,PG,7.1,59660000.0,18947630.0,-40712370.0,Jean-Jacques Annaud
550,The Village,2004,108,English,USA,PG-13,6.5,60000000.0,114195633.0,54195633.0,M. Night Shyamalan
551,Doctor Dolittle,1998,85,English,USA,PG-13,5.3,71500000.0,144156464.0,72656464.0,Betty Thomas
552,Signs,2002,106,English,USA,PG-13,6.7,72000000.0,227965690.0,155965690.0,M. Night Shyamalan
553,Shrek 2,2004,93,English,USA,PG,7.2,150000000.0,436471036.0,286471036.0,Andrew Adamson
554,Cars,2006,117,English,USA,G,7.2,120000000.0,244052771.0,124052771.0,John Lasseter
555,Runaway Bride,1999,116,English,USA,PG,5.5,70000000.0,152149590.0,82149590.0,Garry Marshall
556,xXx,2002,132,English,USA,PG-13,5.8,70000000.0,141204016.0,71204016.0,Rob Cohen
557,The SpongeBob Movie: Sponge Out of Water,2015,92,English,USA,PG,6.0,74000000.0,162495848.0,88495848.0,Paul Tibbitt
558,Ransom,1996,139,English,USA,R,6.6,80000000.0,136448821.0,56448821.0,Ron Howard
559,Inglourious Basterds,2009,153,English,USA,R,8.3,75000000.0,120523073.0,45523073.0,Quentin Tarantino
560,Hook,1991,142,English,USA,PG,6.7,70000000.0,119654900.0,49654900.0,Steven Spielberg
561,Die Hard 2,1990,124,English,USA,R,7.1,70000000.0,117541000.0,47541000.0,Renny Harlin
562,S.W.A.T.,2003,117,English,USA,PG-13,6.0,80000000.0,116643346.0,36643346.0,Clark Johnson
563,Vanilla Sky,2001,141,English,USA,R,6.9,68000000.0,100614858.0,32614858.0,Cameron Crowe
564,Lady in the Water,2006,110,English,USA,PG-13,5.6,70000000.0,42272747.0,-27727253.0,M. Night Shyamalan
565,AVP: Alien vs. Predator,2004,109,English,USA,PG-13,5.6,60000000.0,80281096.0,20281096.0,Paul W.S. Anderson
566,Alvin and the Chipmunks: The Squeakquel,2009,88,English,USA,PG,4.5,75000000.0,219613391.0,144613391.0,Betty Thomas
567,We Were Soldiers,2002,124,English,USA,R,7.1,75000000.0,78120196.0,3120196.0,Randall Wallace
568,Olympus Has Fallen,2013,119,English,USA,R,6.5,70000000.0,98895417.0,28895417.0,Antoine Fuqua
569,Star Trek: Insurrection,1998,103,English,USA,PG,6.4,58000000.0,70117571.0,12117571.0,Jonathan Frakes
570,Battle Los Angeles,2011,116,English,USA,PG-13,5.8,70000000.0,83552429.0,13552429.0,Jonathan Liebesman
571,Big Fish,2003,125,English,USA,PG-13,8.0,70000000.0,66257002.0,-3742998.0,Tim Burton
572,Wolf,1994,125,English,USA,R,6.2,70000000.0,65012000.0,-4988000.0,Mike Nichols
573,War Horse,2011,146,English,USA,PG-13,7.2,66000000.0,79883359.0,13883359.0,Steven Spielberg
574,The Monuments Men,2014,118,English,USA,PG-13,6.1,70000000.0,78031620.0,8031620.0,George Clooney
575,The Abyss,1989,171,English,USA,PG-13,7.6,69500000.0,54222000.0,-15278000.0,James Cameron
576,Wall Street: Money Never Sleeps,2010,136,English,USA,PG-13,6.3,70000000.0,52474616.0,-17525384.0,Oliver Stone
577,Dracula Untold,2014,92,English,USA,PG-13,6.3,70000000.0,55942830.0,-14057170.0,Gary Shore
578,The Siege,1998,116,English,USA,R,6.3,70000000.0,40932372.0,-29067628.0,Edward Zwick
579,Stardust,2007,127,English,UK,PG-13,7.7,70000000.0,38345403.0,-31654597.0,Matthew Vaughn
580,Seven Years in Tibet,1997,136,English,USA,PG-13,7.0,70000000.0,37901509.0,-32098491.0,Jean-Jacques Annaud
581,The Dilemma,2011,111,English,USA,PG-13,5.3,70000000.0,48430355.0,-21569645.0,Ron Howard
582,Bad Company,2002,116,English,USA,PG-13,5.6,70000000.0,30157016.0,-39842984.0,Joel Schumacher
583,Doom,2005,113,English,UK,R,5.2,60000000.0,28031250.0,-31968750.0,Andrzej Bartkowiak
584,I Spy,2002,97,English,USA,PG-13,5.4,70000000.0,33105600.0,-36894400.0,Betty Thomas
585,Underworld: Awakening,2012,88,English,USA,R,6.4,70000000.0,62321039.0,-7678961.0,Måns Mårlind
586,Rock of Ages,2012,136,English,USA,PG-13,5.9,75000000.0,38509342.0,-36490658.0,Adam Shankman
587,Hart's War,2002,125,English,USA,R,6.3,60000000.0,19076815.0,-40923185.0,Gregory Hoblit
588,Killer Elite,2011,116,English,UK,R,6.5,35000000.0,25093607.0,-9906393.0,Gary McKendry
589,Rollerball,2002,98,English,USA,R,3.0,70000000.0,18990542.0,-51009458.0,John McTiernan
590,Ballistic: Ecks vs. Sever,2002,91,English,USA,R,3.6,70000000.0,14294842.0,-55705158.0,Wych Kaosayananda
591,Hard Rain,1998,97,English,USA,R,5.8,70000000.0,19819494.0,-50180506.0,Mikael Salomon
592,Osmosis Jones,2001,95,English,USA,PG,6.2,70000000.0,13596911.0,-56403089.0,Bobby Farrelly
593,Blackhat,2015,133,English,USA,R,5.4,70000000.0,7097125.0,-62902875.0,Michael Mann
594,Sky Captain and the World of Tomorrow,2004,106,English,USA,PG,6.1,70000000.0,37760080.0,-32239920.0,Kerry Conran
595,Basic Instinct 2,2006,116,English,UK,R,4.2,70000000.0,5851188.0,-64148812.0,Michael Caton-Jones
596,Escape Plan,2013,115,English,USA,R,6.7,50000000.0,25121291.0,-24878709.0,Mikael Håfström
597,The Legend of Hercules,2014,99,English,USA,PG-13,4.2,70000000.0,18821279.0,-51178721.0,Renny Harlin
598,The Sum of All Fears,2002,124,English,USA,PG-13,6.4,68000000.0,118471320.0,50471320.0,Phil Alden Robinson
599,The Twilight Saga: Eclipse,2010,124,English,USA,PG-13,4.9,68000000.0,300523113.0,232523113.0,David Slade
600,The Score,2001,124,English,USA,R,6.8,68000000.0,71069884.0,3069884.0,Frank Oz
601,Despicable Me,2010,87,English,USA,PG,7.7,69000000.0,251501645.0,182501645.0,Pierre Coffin
602,Money Train,1995,105,English,USA,R,5.6,68000000.0,35324232.0,-32675768.0,Joseph Ruben
603,Ted 2,2015,125,English,USA,R,6.4,68000000.0,81257500.0,13257500.0,Seth MacFarlane
604,Agora,2009,141,English,Spain,R,7.2,70000000.0,617840.0,-69382160.0,Alejandro Amenábar
605,Mystery Men,1999,121,English,USA,PG-13,6.0,65000000.0,29655590.0,-35344410.0,Kinka Usher
606,Hall Pass,2011,111,English,USA,R,5.9,36000000.0,45045037.0,9045037.0,Bobby Farrelly
607,The Insider,1999,157,English,USA,R,7.9,68000000.0,28965197.0,-39034803.0,Michael Mann
608,Body of Lies,2008,128,English,USA,R,7.1,70000000.0,39380442.0,-30619558.0,Ridley Scott
609,Abraham Lincoln: Vampire Hunter,2012,105,English,USA,R,5.9,69000000.0,37516013.0,-31483987.0,Timur Bekmambetov
610,Entrapment,1999,113,English,USA,PG-13,6.2,66000000.0,87704396.0,21704396.0,Jon Amiel
611,The X Files,1998,121,English,USA,PG-13,7.0,66000000.0,83892374.0,17892374.0,Rob Bowman
612,The Last Legion,2007,102,English,UK,PG-13,5.4,35000000.0,5932060.0,-29067940.0,Doug Lefler
613,Saving Private Ryan,1998,169,English,USA,R,8.6,70000000.0,216119491.0,146119491.0,Steven Spielberg
614,Need for Speed,2014,132,English,USA,PG-13,6.5,66000000.0,43568507.0,-22431493.0,Scott Waugh
615,What Women Want,2000,127,English,USA,PG-13,6.4,70000000.0,182805123.0,112805123.0,Nancy Meyers
616,Ice Age,2002,103,English,USA,PG,7.6,59000000.0,176387405.0,117387405.0,Chris Wedge
617,Dreamcatcher,2003,136,English,USA,R,5.5,68000000.0,33685268.0,-34314732.0,Lawrence Kasdan
618,Lincoln,2012,150,English,USA,PG-13,7.4,65000000.0,182204440.0,117204440.0,Steven Spielberg
619,The Matrix,1999,136,English,USA,R,8.7,63000000.0,171383253.0,108383253.0,Lana Wachowski
620,Apollo 13,1995,140,English,USA,PG,7.6,62000000.0,172071312.0,110071312.0,Ron Howard
621,The Santa Clause 2,2002,104,English,USA,G,5.5,60000000.0,139225854.0,79225854.0,Michael Lembeck
622,Les Misérables,2012,158,English,USA,PG-13,7.6,61000000.0,148775460.0,87775460.0,Tom Hooper
623,You've Got Mail,1998,119,English,USA,PG,6.5,65000000.0,115731542.0,50731542.0,Nora Ephron
624,Step Brothers,2008,106,English,USA,R,6.9,65000000.0,100468793.0,35468793.0,Adam McKay
625,The Mask of Zorro,1998,136,English,USA,PG-13,6.7,65000000.0,93771072.0,28771072.0,Martin Campbell
626,Due Date,2010,95,English,USA,R,6.6,65000000.0,100448498.0,35448498.0,Todd Phillips
627,Unbroken,2014,137,English,USA,PG-13,7.2,65000000.0,115603980.0,50603980.0,Angelina Jolie Pitt
628,Space Cowboys,2000,130,English,USA,PG-13,6.4,65000000.0,90454043.0,25454043.0,Clint Eastwood
629,Cliffhanger,1993,124,English,USA,R,6.4,70000000.0,84049211.0,14049211.0,Renny Harlin
630,Broken Arrow,1996,108,English,USA,R,6.0,50000000.0,70450000.0,20450000.0,John Woo
631,The Kid,2000,104,English,USA,PG,6.1,60000000.0,69688384.0,9688384.0,Jon Turteltaub
632,World Trade Center,2006,129,English,USA,PG-13,6.0,63000000.0,70236496.0,7236496.0,Oliver Stone
633,Mona Lisa Smile,2003,117,English,USA,PG-13,6.4,65000000.0,63695760.0,-1304240.0,Mike Newell
634,The Dictator,2012,99,English,USA,R,6.4,65000000.0,59617068.0,-5382932.0,Larry Charles
635,Eyes Wide Shut,1999,159,English,UK,R,7.3,65000000.0,55637680.0,-9362320.0,Stanley Kubrick
636,Annie,2014,118,English,USA,PG,5.2,65000000.0,85911262.0,20911262.0,Will Gluck
637,Focus,2015,105,English,USA,R,6.6,50100000.0,53846915.0,3746915.0,Glenn Ficarra
638,This Means War,2012,103,English,USA,PG-13,6.3,65000000.0,54758461.0,-10241539.0,McG
639,Blade: Trinity,2004,122,English,USA,R,5.9,65000000.0,52397389.0,-12602611.0,David S. Goyer
640,Primary Colors,1998,143,English,France,R,6.7,65000000.0,38966057.0,-26033943.0,Mike Nichols
641,Resident Evil: Retribution,2012,96,English,Germany,R,5.4,65000000.0,42345531.0,-22654469.0,Paul W.S. Anderson
642,Death Race,2008,111,English,USA,R,6.4,45000000.0,36064910.0,-8935090.0,Paul W.S. Anderson
643,The Long Kiss Goodnight,1996,121,English,USA,R,6.7,65000000.0,33328051.0,-31671949.0,Renny Harlin
644,Proof of Life,2000,135,English,USA,R,6.2,65000000.0,32598931.0,-32401069.0,Taylor Hackford
645,Zathura: A Space Adventure,2005,101,English,USA,PG,6.1,65000000.0,28045540.0,-36954460.0,Jon Favreau
646,Fight Club,1999,151,English,USA,R,8.8,63000000.0,37023395.0,-25976605.0,David Fincher
647,We Are Marshall,2006,131,English,USA,PG,7.1,65000000.0,43532294.0,-21467706.0,McG
648,Hudson Hawk,1991,100,English,USA,R,5.7,70000000.0,17218080.0,-52781920.0,Michael Lehmann
649,Lucky Numbers,2000,105,English,France,R,5.0,65000000.0,10014234.0,-54985766.0,Nora Ephron
650,"I, Frankenstein",2014,92,English,Australia,PG-13,5.1,65000000.0,19059018.0,-45940982.0,Stuart Beattie
651,Oliver Twist,2005,130,English,UK,PG-13,6.9,50000000.0,1987287.0,-48012713.0,Roman Polanski
652,Elektra,2005,100,English,Canada,PG-13,4.8,43000000.0,24407944.0,-18592056.0,Rob Bowman
653,Sin City: A Dame to Kill For,2014,102,English,USA,R,6.5,65000000.0,13750556.0,-51249444.0,Frank Miller
654,Random Hearts,1999,133,English,USA,R,5.1,64000000.0,31054924.0,-32945076.0,Sydney Pollack
655,Everest,2015,121,English,UK,PG-13,7.1,55000000.0,43247140.0,-11752860.0,Baltasar Kormákur
656,Perfume: The Story of a Murderer,2006,147,English,Germany,R,7.5,50000000.0,2208939.0,-47791061.0,Tom Tykwer
657,Austin Powers in Goldmember,2002,94,English,USA,PG-13,6.2,63000000.0,213079163.0,150079163.0,Jay Roach
658,Astro Boy,2009,94,English,Hong Kong,PG,6.3,65000000.0,19548064.0,-45451936.0,David Bowers
659,Jurassic Park,1993,127,English,USA,PG-13,8.1,63000000.0,356784000.0,293784000.0,Steven Spielberg
660,Wyatt Earp,1994,212,English,USA,PG-13,6.6,63000000.0,25052000.0,-37948000.0,Lawrence Kasdan
661,Clear and Present Danger,1994,141,English,USA,PG-13,6.9,62000000.0,122012710.0,60012710.0,Phillip Noyce
662,Dragon Blade,2015,103,Mandarin,China,R,6.1,65000000.0,72413.0,-64927587.0,Daniel Lee
663,Littleman,2006,98,English,USA,PG-13,4.3,64000000.0,58255287.0,-5744713.0,Keenen Ivory Wayans
664,U-571,2000,116,English,France,PG-13,6.6,62000000.0,77086030.0,15086030.0,Jonathan Mostow
665,The American President,1995,114,English,USA,PG-13,6.8,62000000.0,65000000.0,3000000.0,Rob Reiner
666,The Love Guru,2008,87,English,USA,PG-13,3.8,62000000.0,32178777.0,-29821223.0,Marco Schnabel
667,3000 Miles to Graceland,2001,125,English,USA,R,5.9,42000000.0,15738632.0,-26261368.0,Demian Lichtenstein
668,The Hateful Eight,2015,187,English,USA,R,7.9,44000000.0,54116191.0,10116191.0,Quentin Tarantino
669,Blades of Glory,2007,93,English,USA,PG-13,6.3,61000000.0,118153533.0,57153533.0,Josh Gordon
670,Hop,2011,95,English,USA,PG,5.5,63000000.0,108012170.0,45012170.0,Tim Hill
671,300,2006,117,English,USA,R,7.7,65000000.0,210592590.0,145592590.0,Zack Snyder
672,Meet the Fockers,2004,106,English,USA,PG-13,6.3,80000000.0,279167575.0,199167575.0,Jay Roach
673,Marley & Me,2008,115,English,USA,PG,7.1,60000000.0,143151473.0,83151473.0,David Frankel
674,The Green Mile,1999,189,English,USA,R,8.5,60000000.0,136801374.0,76801374.0,Frank Darabont
675,Chicken Little,2005,81,English,USA,G,5.8,150000000.0,135381507.0,-14618493.0,Mark Dindal
676,Gone Girl,2014,149,English,USA,R,8.1,61000000.0,167735396.0,106735396.0,David Fincher
677,The Bourne Identity,2002,119,English,USA,PG-13,7.9,60000000.0,121468960.0,61468960.0,Doug Liman
678,GoldenEye,1995,130,English,UK,PG-13,7.2,58000000.0,106635996.0,48635996.0,Martin Campbell
679,The General's Daughter,1999,116,English,USA,R,6.3,95000000.0,102678089.0,7678089.0,Simon West
680,The Truman Show,1998,103,English,USA,PG,8.1,60000000.0,125603360.0,65603360.0,Peter Weir
681,The Prince of Egypt,1998,99,English,USA,PG,7.0,70000000.0,101217900.0,31217900.0,Brenda Chapman
682,Daddy Day Care,2003,92,English,USA,PG,5.5,60000000.0,104148781.0,44148781.0,Steve Carr
683,2 Guns,2013,109,English,USA,R,6.7,61000000.0,75573300.0,14573300.0,Baltasar Kormákur
684,Cats & Dogs,2001,87,English,USA,PG,5.2,60000000.0,93375151.0,33375151.0,Lawrence Guterman
685,The Italian Job,2003,111,English,USA,PG-13,7.0,60000000.0,106126012.0,46126012.0,F. Gary Gray
686,Two Weeks Notice,2002,101,English,USA,PG-13,6.1,60000000.0,93307796.0,33307796.0,Marc Lawrence
687,Antz,1998,83,English,USA,PG,6.6,105000000.0,90646554.0,-14353446.0,Eric Darnell
688,Couples Retreat,2009,113,English,USA,PG-13,5.5,60000000.0,109176215.0,49176215.0,Peter Billingsley
689,Days of Thunder,1990,107,English,USA,PG-13,5.9,60000000.0,82670733.0,22670733.0,Tony Scott
690,Cheaper by the Dozen 2,2005,94,English,USA,PG,5.4,60000000.0,82569532.0,22569532.0,Adam Shankman
691,The Scorch Trials,2015,132,English,USA,PG-13,6.4,61000000.0,81687587.0,20687587.0,Wes Ball
692,Eat Pray Love,2010,140,English,USA,PG-13,5.7,60000000.0,80574010.0,20574010.0,Ryan Murphy
693,The Family Man,2000,125,English,USA,PG-13,6.7,60000000.0,75764085.0,15764085.0,Brett Ratner
694,RED,2010,111,English,USA,PG-13,7.1,58000000.0,90356857.0,32356857.0,Robert Schwentke
695,Any Given Sunday,1999,156,English,USA,R,6.8,55000000.0,75530832.0,20530832.0,Oliver Stone
696,The Horse Whisperer,1998,170,English,USA,PG-13,6.5,60000000.0,75370763.0,15370763.0,Robert Redford
697,Collateral,2004,120,English,USA,R,7.6,65000000.0,100003492.0,35003492.0,Michael Mann
698,The Scorpion King,2002,100,English,USA,PG-13,5.5,60000000.0,90341670.0,30341670.0,Chuck Russell
699,Ladder 49,2004,115,English,USA,PG-13,6.5,55000000.0,74540762.0,19540762.0,Jay Russell
700,Jack Reacher,2012,130,English,USA,PG-13,7.0,60000000.0,80033643.0,20033643.0,Christopher McQuarrie
701,Deep Blue Sea,1999,105,English,USA,R,5.8,60000000.0,73648142.0,13648142.0,Renny Harlin
702,This Is It,2009,111,English,USA,PG,7.3,60000000.0,71844424.0,11844424.0,Kenny Ortega
703,Contagion,2011,106,English,USA,PG-13,6.6,60000000.0,75638743.0,15638743.0,Steven Soderbergh
704,Kangaroo Jack,2003,89,English,USA,PG,4.4,60000000.0,66734992.0,6734992.0,David McNally
705,Coraline,2009,100,English,USA,PG,7.7,60000000.0,75280058.0,15280058.0,Henry Selick
706,The Happening,2008,91,English,USA,R,5.0,48000000.0,64505912.0,16505912.0,M. Night Shyamalan
707,Man on Fire,2004,146,English,USA,R,7.7,70000000.0,77862546.0,7862546.0,Tony Scott
708,The Shaggy Dog,2006,98,English,USA,PG,4.4,50000000.0,61112916.0,11112916.0,Brian Robbins
709,Starsky & Hutch,2004,101,English,USA,PG-13,6.1,60000000.0,88200225.0,28200225.0,Todd Phillips
710,Jingle All the Way,1996,94,English,USA,PG,5.4,60000000.0,60573641.0,573641.0,Brian Levant
711,Hellboy,2004,132,English,USA,PG-13,6.8,66000000.0,59035104.0,-6964896.0,Guillermo del Toro
712,A Civil Action,1998,115,English,USA,PG-13,6.5,60000000.0,56702901.0,-3297099.0,Steven Zaillian
713,ParaNorman,2012,92,English,USA,PG,7.0,60000000.0,55994557.0,-4005443.0,Chris Butler
714,The Jackal,1997,124,English,USA,R,6.3,60000000.0,54910560.0,-5089440.0,Michael Caton-Jones
715,Paycheck,2003,119,English,USA,PG-13,6.3,60000000.0,53789313.0,-6210687.0,John Woo
716,Up Close & Personal,1996,124,English,USA,PG-13,6.1,60000000.0,51045801.0,-8954199.0,Jon Avnet
717,The Tale of Despereaux,2008,93,English,UK,G,6.1,60000000.0,50818750.0,-9181250.0,Sam Fell
718,The Tuxedo,2002,98,English,USA,PG-13,5.3,60000000.0,50189179.0,-9810821.0,Kevin Donovan
719,Under Siege 2: Dark Territory,1995,92,English,USA,R,5.4,60000000.0,50024083.0,-9975917.0,Geoff Murphy
720,Jack Ryan: Shadow Recruit,2014,105,English,USA,PG-13,6.2,60000000.0,50549107.0,-9450893.0,Kenneth Branagh
721,Joy,2015,124,English,USA,PG-13,6.6,60000000.0,56443482.0,-3556518.0,David O. Russell
722,London Has Fallen,2016,99,English,UK,R,5.9,60000000.0,62401264.0,2401264.0,Babak Najafi
723,Alien: Resurrection,1997,116,English,USA,R,6.3,75000000.0,47748610.0,-27251390.0,Jean-Pierre Jeunet
724,Shooter,2007,124,English,USA,R,7.2,61000000.0,46975183.0,-14024817.0,Antoine Fuqua
725,The Boxtrolls,2014,96,English,USA,PG,6.8,60000000.0,50807639.0,-9192361.0,Graham Annable
726,Practical Magic,1998,104,English,USA,PG-13,6.1,48000000.0,46611204.0,-1388796.0,Griffin Dunne
727,The Lego Movie,2014,100,English,Australia,PG,7.8,60000000.0,257756197.0,197756197.0,Phil Lord
728,Miss Congeniality 2: Armed and Fabulous,2005,115,English,USA,PG-13,5.0,45000000.0,48472213.0,3472213.0,John Pasquin
729,Reign of Fire,2002,101,English,USA,PG-13,6.2,60000000.0,43060566.0,-16939434.0,Rob Bowman
730,Gangster Squad,2013,113,English,USA,R,6.7,60000000.0,45996718.0,-14003282.0,Ruben Fleischer
731,Year One,2009,100,English,USA,PG-13,4.9,60000000.0,43337279.0,-16662721.0,Harold Ramis
732,Invictus,2009,134,English,USA,PG-13,7.4,60000000.0,37479778.0,-22520222.0,Clint Eastwood
733,Duplicity,2009,125,English,USA,PG-13,6.2,60000000.0,40559930.0,-19440070.0,Tony Gilroy
734,My Favorite Martian,1999,94,English,USA,PG,4.9,65000000.0,36830057.0,-28169943.0,Donald Petrie
735,The Sentinel,2006,107,English,USA,PG-13,6.1,60000000.0,36279230.0,-23720770.0,Clark Johnson
736,Planet 51,2009,91,English,Spain,PG,6.1,70000000.0,42194060.0,-27805940.0,Jorge Blanco
737,Star Trek: Nemesis,2002,116,English,USA,PG-13,6.4,60000000.0,43119879.0,-16880121.0,Stuart Baird
738,Intolerable Cruelty,2003,100,English,USA,PG-13,6.3,60000000.0,35096190.0,-24903810.0,Joel Coen
739,Edge of Darkness,2010,117,English,UK,R,6.6,80000000.0,43290977.0,-36709023.0,Martin Campbell
740,The Relic,1997,110,English,UK,R,5.7,40000000.0,33927476.0,-6072524.0,Peter Hyams
741,Analyze That,2002,96,English,USA,R,5.9,60000000.0,32122249.0,-27877751.0,Harold Ramis
742,Righteous Kill,2008,101,English,USA,R,6.0,60000000.0,40076438.0,-19923562.0,Jon Avnet
743,Mercury Rising,1998,111,English,USA,R,6.1,60000000.0,32940507.0,-27059493.0,Harold Becker
744,The Soloist,2009,117,English,UK,PG-13,6.7,60000000.0,31670931.0,-28329069.0,Joe Wright
745,The Legend of Bagger Vance,2000,126,English,USA,PG-13,6.7,60000000.0,30695227.0,-29304773.0,Robert Redford
746,Almost Famous,2000,152,English,USA,R,7.9,60000000.0,32522352.0,-27477648.0,Cameron Crowe
747,xXx: State of the Union,2005,101,English,USA,PG-13,4.3,87000000.0,26082914.0,-60917086.0,Lee Tamahori
748,Priest,2011,87,English,USA,PG-13,5.7,60000000.0,29136626.0,-30863374.0,Scott Stewart
749,Sinbad: Legend of the Seven Seas,2003,85,English,USA,PG,6.7,60000000.0,26288320.0,-33711680.0,Patrick Gilmore
750,Event Horizon,1997,130,English,UK,R,6.7,60000000.0,26616590.0,-33383410.0,Paul W.S. Anderson
751,Dragonfly,2002,104,English,USA,PG-13,6.1,60000000.0,30063805.0,-29936195.0,Tom Shadyac
752,The Black Dahlia,2006,121,English,Germany,R,5.6,50000000.0,22518325.0,-27481675.0,Brian De Palma
753,Flyboys,2006,140,English,UK,PG-13,6.6,60000000.0,13082288.0,-46917712.0,Tony Bill
754,The Last Castle,2001,131,English,USA,R,6.9,60000000.0,18208078.0,-41791922.0,Rod Lurie
755,Supernova,2000,91,English,USA,PG-13,4.8,65000000.0,14218868.0,-50781132.0,Walter Hill
756,Winter's Tale,2014,118,English,USA,PG-13,6.2,60000000.0,22451.0,-59977549.0,Akiva Goldsman
757,The Mortal Instruments: City of Bones,2013,130,English,USA,PG-13,6.0,60000000.0,31165421.0,-28834579.0,Harald Zwart
758,Meet Dave,2008,90,English,USA,PG,4.9,60000000.0,11802056.0,-48197944.0,Brian Robbins
759,Dark Water,2005,103,English,USA,PG-13,5.6,30000000.0,25472967.0,-4527033.0,Walter Salles
760,Edtv,1999,122,English,USA,PG-13,6.1,55000000.0,22362500.0,-32637500.0,Ron Howard
761,Inkheart,2008,106,English,Germany,PG,6.1,60000000.0,17281832.0,-42718168.0,Iain Softley
762,The Spirit,2008,103,English,USA,PG-13,4.8,60000000.0,19781879.0,-40218121.0,Frank Miller
763,Mortdecai,2015,107,English,UK,R,5.5,60000000.0,7605668.0,-52394332.0,David Koepp
764,In the Name of the King: A Dungeon Siege Tale,2007,156,English,Germany,PG-13,3.8,60000000.0,4535117.0,-55464883.0,Uwe Boll
765,Beyond Borders,2003,127,English,USA,R,6.5,35000000.0,4426297.0,-30573703.0,Martin Campbell
766,The Great Raid,2005,132,Filipino,USA,R,6.7,80000000.0,10166502.0,-69833498.0,John Dahl
767,Deadpool,2016,108,English,USA,R,8.1,58000000.0,363024263.0,305024263.0,Tim Miller
768,Holy Man,1998,114,English,USA,PG,4.9,60000000.0,12065985.0,-47934015.0,Stephen Herek
769,American Sniper,2014,133,English,USA,R,7.3,58800000.0,350123553.0,291323553.0,Clint Eastwood
770,Goosebumps,2015,103,English,USA,PG,6.4,58000000.0,80021740.0,22021740.0,Rob Letterman
771,Just Like Heaven,2005,95,English,USA,PG-13,6.7,58000000.0,48291624.0,-9708376.0,Mark Waters
772,The Flintstones in Viva Rock Vegas,2000,90,English,USA,PG,3.6,60000000.0,35231365.0,-24768635.0,Brian Levant
773,Rambo III,1988,87,English,USA,R,5.7,63000000.0,53715611.0,-9284389.0,Peter MacDonald
774,Leatherheads,2008,114,English,USA,PG-13,6.0,58000000.0,31199215.0,-26800785.0,George Clooney
775,Did You Hear About the Morgans?,2009,103,English,USA,PG-13,4.7,58000000.0,29580087.0,-28419913.0,Marc Lawrence
776,The Internship,2013,125,English,USA,PG-13,6.3,58000000.0,44665963.0,-13334037.0,Shawn Levy
777,Resident Evil: Afterlife,2010,97,English,Germany,R,5.9,60000000.0,60128566.0,128566.0,Paul W.S. Anderson
778,Red Tails,2012,125,English,USA,PG-13,5.9,58000000.0,49875589.0,-8124411.0,Anthony Hemingway
779,The Devil's Advocate,1997,136,English,USA,R,7.5,57000000.0,60984028.0,3984028.0,Taylor Hackford
780,That's My Boy,2012,116,English,USA,R,5.6,70000000.0,36931089.0,-33068911.0,Sean Anders
781,DragonHeart,1996,103,English,USA,PG-13,6.4,57000000.0,51317350.0,-5682650.0,Rob Cohen
782,After the Sunset,2004,97,English,USA,PG-13,6.3,58000000.0,28328132.0,-29671868.0,Brett Ratner
783,Ghost Rider: Spirit of Vengeance,2011,96,English,USA,PG-13,4.3,57000000.0,51774002.0,-5225998.0,Mark Neveldine
784,Captain Corelli's Mandolin,2001,131,English,UK,R,5.9,57000000.0,25528495.0,-31471505.0,John Madden
785,The Pacifier,2005,95,English,Canada,PG,5.5,56000000.0,113006880.0,57006880.0,Adam Shankman
786,Walking Tall,2004,86,English,USA,PG-13,6.2,56000000.0,45860039.0,-10139961.0,Kevin Bray
787,Forrest Gump,1994,142,English,USA,PG-13,8.8,55000000.0,329691196.0,274691196.0,Robert Zemeckis
788,Alvin and the Chipmunks,2007,92,English,USA,PG,5.2,60000000.0,217326336.0,157326336.0,Tim Hill
789,Meet the Parents,2000,108,English,USA,PG-13,7.0,55000000.0,166225040.0,111225040.0,Jay Roach
790,Pocahontas,1995,84,English,USA,G,6.6,55000000.0,141600000.0,86600000.0,Mike Gabriel
791,Superman,1978,188,English,USA,PG,7.3,55000000.0,134218018.0,79218018.0,Richard Donner
792,The Nutty Professor,1996,95,English,USA,PG-13,5.6,54000000.0,128769345.0,74769345.0,Tom Shadyac
793,Hitch,2005,118,English,USA,PG-13,6.6,70000000.0,177575142.0,107575142.0,Andy Tennant
794,George of the Jungle,1997,92,English,USA,PG,5.4,55000000.0,105263257.0,50263257.0,Sam Weisman
795,American Wedding,2003,74,English,USA,R,6.3,55000000.0,104354205.0,49354205.0,Jesse Dylan
796,Captain Phillips,2013,134,English,USA,PG-13,7.9,55000000.0,107100855.0,52100855.0,Paul Greengrass
797,Date Night,2010,101,English,USA,PG-13,6.3,55000000.0,98711404.0,43711404.0,Shawn Levy
798,Casper,1995,100,English,USA,PG,6.0,50000000.0,100328194.0,50328194.0,Brad Silberling
799,The Equalizer,2014,132,English,USA,R,7.2,55000000.0,101530738.0,46530738.0,Antoine Fuqua
800,Maid in Manhattan,2002,105,English,USA,PG-13,5.1,55000000.0,93815117.0,38815117.0,Wayne Wang
801,Crimson Tide,1995,123,English,USA,R,7.3,53000000.0,91400000.0,38400000.0,Tony Scott
802,The Pursuit of Happyness,2006,117,English,USA,PG-13,8.0,55000000.0,162586036.0,107586036.0,Gabriele Muccino
803,Flightplan,2005,98,English,USA,PG-13,6.2,55000000.0,89706988.0,34706988.0,Robert Schwentke
804,Disclosure,1994,128,English,USA,R,6.0,55000000.0,83000000.0,28000000.0,Barry Levinson
805,City of Angels,1998,114,English,Germany,PG-13,6.7,55000000.0,78745923.0,23745923.0,Brad Silberling
806,Kill Bill: Vol. 1,2003,111,English,USA,R,8.1,30000000.0,70098138.0,40098138.0,Quentin Tarantino
807,Bowfinger,1999,85,English,USA,PG-13,6.4,55000000.0,66365290.0,11365290.0,Frank Oz
808,Kill Bill: Vol. 2,2004,137,English,USA,R,8.0,30000000.0,66207920.0,36207920.0,Quentin Tarantino
809,Tango & Cash,1989,97,English,USA,R,6.3,55000000.0,63408614.0,8408614.0,Andrey Konchalovskiy
810,Death Becomes Her,1992,104,English,USA,PG-13,6.4,55000000.0,58422650.0,3422650.0,Robert Zemeckis
811,Shanghai Noon,2000,110,English,USA,PG-13,6.6,55000000.0,56932305.0,1932305.0,Tom Dey
812,Executive Decision,1996,133,English,USA,R,6.4,55000000.0,68750000.0,13750000.0,Stuart Baird
813,Mr. Popper's Penguins,2011,94,English,USA,PG,6.0,55000000.0,68218041.0,13218041.0,Mark Waters
814,The Forbidden Kingdom,2008,104,English,USA,PG-13,6.6,55000000.0,25040293.0,-29959707.0,Rob Minkoff
815,Free Birds,2013,91,English,USA,PG,5.9,55000000.0,55747724.0,747724.0,Jimmy Hayward
816,Alien 3,1992,145,English,USA,R,6.4,50000000.0,55473600.0,5473600.0,David Fincher
817,Evita,1996,135,English,USA,PG,6.3,55000000.0,49994804.0,-5005196.0,Alan Parker
818,Ronin,1998,122,English,UK,R,7.3,55000000.0,41609593.0,-13390407.0,John Frankenheimer
819,The Ghost and the Darkness,1996,110,English,USA,R,6.8,55000000.0,38553833.0,-16446167.0,Stephen Hopkins
820,Paddington,2014,95,English,UK,PG,7.2,55000000.0,76137505.0,21137505.0,Paul King
821,The Watch,2012,102,English,USA,R,5.7,68000000.0,34350553.0,-33649447.0,Akiva Schaffer
822,The Hunted,2003,94,English,USA,R,6.0,55000000.0,34238611.0,-20761389.0,William Friedkin
823,Instinct,1999,126,English,USA,R,6.5,55000000.0,34098563.0,-20901437.0,Jon Turteltaub
824,Stuck on You,2003,118,English,USA,PG-13,5.8,55000000.0,33828318.0,-21171682.0,Bobby Farrelly
825,Semi-Pro,2008,99,English,USA,R,5.8,55000000.0,33472850.0,-21527150.0,Kent Alterman
826,The Pirates! Band of Misfits,2012,88,English,UK,PG,6.7,55000000.0,31051126.0,-23948874.0,Peter Lord
827,Changeling,2008,141,English,USA,R,7.8,55000000.0,35707327.0,-19292673.0,Clint Eastwood
828,Chain Reaction,1996,107,English,USA,PG-13,5.6,50000000.0,20550712.0,-29449288.0,Andrew Davis
829,The Fan,1996,116,English,USA,R,5.8,55000000.0,18573791.0,-36426209.0,Tony Scott
830,The Phantom of the Opera,2004,143,English,UK,PG-13,7.4,70000000.0,51225796.0,-18774204.0,Joel Schumacher
831,Elizabeth: The Golden Age,2007,114,English,UK,PG-13,6.9,55000000.0,16264475.0,-38735525.0,Shekhar Kapur
832,Æon Flux,2005,93,English,USA,PG-13,5.5,62000000.0,25857987.0,-36142013.0,Karyn Kusama
833,Gods and Generals,2003,280,English,USA,PG-13,6.3,56000000.0,12870569.0,-43129431.0,Ron Maxwell
834,Turbulence,1997,100,English,USA,R,4.7,71000000.0,11466088.0,-59533912.0,Robert Butler
835,Imagine That,2009,107,English,USA,PG,5.6,55000000.0,16088610.0,-38911390.0,Karey Kirkpatrick
836,Muppets Most Wanted,2014,119,English,USA,PG,6.4,50000000.0,51178893.0,1178893.0,James Bobin
837,Thunderbirds,2004,95,English,UK,PG,4.2,57000000.0,6768055.0,-50231945.0,Jonathan Frakes
838,Burlesque,2010,119,English,USA,PG-13,6.4,55000000.0,39440655.0,-15559345.0,Steve Antin
839,A Very Long Engagement,2004,133,French,France,R,7.7,47000000.0,6167817.0,-40832183.0,Jean-Pierre Jeunet
840,Blade II,2002,117,English,USA,R,6.7,54000000.0,81645152.0,27645152.0,Guillermo del Toro
841,Seven Pounds,2008,123,English,USA,PG-13,7.7,55000000.0,69951824.0,14951824.0,Gabriele Muccino
842,Bullet to the Head,2012,92,English,USA,R,5.7,55000000.0,9483821.0,-45516179.0,Walter Hill
843,The Godfather: Part III,1990,170,English,USA,R,7.6,54000000.0,66676062.0,12676062.0,Francis Ford Coppola
844,Elizabethtown,2005,123,English,USA,PG-13,6.4,57000000.0,26838389.0,-30161611.0,Cameron Crowe
845,"You, Me and Dupree",2006,110,English,USA,PG-13,5.6,54000000.0,75604320.0,21604320.0,Anthony Russo
846,Superman II,1980,116,English,USA,PG,6.8,54000000.0,108200000.0,54200000.0,Richard Lester
847,Gigli,2003,121,English,USA,R,2.4,54000000.0,5660084.0,-48339916.0,Martin Brest
848,All the King's Men,2006,128,English,Germany,PG-13,6.2,55000000.0,7221458.0,-47778542.0,Steven Zaillian
849,Shaft,2000,99,English,Germany,R,5.9,46000000.0,70327868.0,24327868.0,John Singleton
850,Anastasia,1997,94,English,USA,G,7.1,50000000.0,58297830.0,8297830.0,Don Bluth
851,Moulin Rouge!,2001,127,English,USA,PG-13,7.6,52500000.0,57386369.0,4886369.0,Baz Luhrmann
852,Domestic Disturbance,2001,89,English,USA,PG-13,5.5,53000000.0,45207112.0,-7792888.0,Harold Becker
853,Black Mass,2015,123,English,USA,R,7.0,53000000.0,62563543.0,9563543.0,Scott Cooper
854,Flags of Our Fathers,2006,135,English,USA,R,7.1,90000000.0,33574332.0,-56425668.0,Clint Eastwood
855,Law Abiding Citizen,2009,118,English,USA,R,7.4,50000000.0,73343413.0,23343413.0,F. Gary Gray
856,Grindhouse,2007,189,English,USA,R,7.6,53000000.0,25031037.0,-27968963.0,Robert Rodriguez
857,Beloved,1998,172,English,USA,R,5.9,55000000.0,22843047.0,-32156953.0,Jonathan Demme
858,Lucky You,2007,124,English,USA,PG-13,5.9,55000000.0,5755286.0,-49244714.0,Curtis Hanson
859,Catch Me If You Can,2002,141,English,USA,PG-13,8.0,52000000.0,164435221.0,112435221.0,Steven Spielberg
860,Zero Dark Thirty,2012,157,English,USA,R,7.4,40000000.0,95720716.0,55720716.0,Kathryn Bigelow
861,The Break-Up,2006,106,English,USA,PG-13,5.8,52000000.0,118683135.0,66683135.0,Peyton Reed
862,Mamma Mia!,2008,108,English,USA,PG-13,6.3,52000000.0,143704210.0,91704210.0,Phyllida Lloyd
863,Valentine's Day,2010,125,English,USA,PG-13,5.7,52000000.0,110476776.0,58476776.0,Garry Marshall
864,The Dukes of Hazzard,2005,107,English,USA,PG-13,5.1,50000000.0,80270227.0,30270227.0,Jay Chandrasekhar
865,The Thin Red Line,1998,215,English,USA,R,7.6,52000000.0,36385763.0,-15614237.0,Terrence Malick
866,The Change-Up,2011,118,English,USA,R,6.4,52000000.0,37035845.0,-14964155.0,David Dobkin
867,Man on the Moon,1999,118,English,UK,R,7.4,52000000.0,34580635.0,-17419365.0,Milos Forman
868,Casino,1995,178,English,USA,R,8.2,52000000.0,42438300.0,-9561700.0,Martin Scorsese
869,From Paris with Love,2010,92,English,France,R,6.5,52000000.0,23324666.0,-28675334.0,Pierre Morel
870,Bulletproof Monk,2003,104,English,USA,PG-13,5.5,52000000.0,23020488.0,-28979512.0,Paul Hunter
871,"Me, Myself & Irene",2000,116,English,USA,R,6.5,51000000.0,90567722.0,39567722.0,Bobby Farrelly
872,Barnyard,2006,90,English,Germany,PG,5.6,51000000.0,72601713.0,21601713.0,Steve Oedekerk
873,The Twilight Saga: New Moon,2009,130,English,USA,PG-13,4.6,50000000.0,296623634.0,246623634.0,Chris Weitz
874,Shrek,2001,90,English,USA,PG,7.9,60000000.0,267652016.0,207652016.0,Andrew Adamson
875,The Adjustment Bureau,2011,106,English,USA,PG-13,7.1,50200000.0,62453315.0,12253315.0,George Nolfi
876,Robin Hood: Prince of Thieves,1991,155,English,USA,PG-13,6.9,48000000.0,165500000.0,117500000.0,Kevin Reynolds
877,Jerry Maguire,1996,139,English,USA,R,7.3,50000000.0,153620822.0,103620822.0,Cameron Crowe
878,Ted,2012,112,English,USA,R,7.0,50000000.0,218628680.0,168628680.0,Seth MacFarlane
879,As Good as It Gets,1997,139,English,USA,PG-13,7.7,50000000.0,147637474.0,97637474.0,James L. Brooks
880,Patch Adams,1998,115,English,USA,PG-13,6.7,50000000.0,135014968.0,85014968.0,Tom Shadyac
881,Anchorman 2: The Legend Continues,2013,143,English,USA,PG-13,6.3,50000000.0,2175312.0,-47824688.0,Adam McKay
882,Mr. Deeds,2002,96,English,USA,PG-13,5.8,50000000.0,126203320.0,76203320.0,Steven Brill
883,Super 8,2011,112,English,USA,PG-13,7.1,50000000.0,126975169.0,76975169.0,J.J. Abrams
884,Erin Brockovich,2000,131,English,USA,R,7.3,52000000.0,125548685.0,73548685.0,Steven Soderbergh
885,How to Lose a Guy in 10 Days,2003,116,English,USA,PG-13,6.4,50000000.0,105807520.0,55807520.0,Donald Petrie
886,22 Jump Street,2014,112,English,USA,R,7.1,50000000.0,191616238.0,141616238.0,Phil Lord
887,Interview with the Vampire: The Vampire Chronicles,1994,123,English,USA,R,7.6,60000000.0,105264608.0,45264608.0,Neil Jordan
888,Yes Man,2008,104,English,USA,PG-13,6.8,70000000.0,97680195.0,27680195.0,Peyton Reed
889,Central Intelligence,2016,107,English,USA,PG-13,6.6,50000000.0,126088877.0,76088877.0,Rawson Marshall Thurber
890,Stepmom,1998,124,English,USA,PG-13,6.7,50000000.0,91030827.0,41030827.0,Chris Columbus
891,Daddy's Home,2015,96,English,USA,PG-13,6.1,50000000.0,150315155.0,100315155.0,Sean Anders
892,Into the Woods,2014,125,English,USA,PG,6.0,50000000.0,127997349.0,77997349.0,Rob Marshall
893,Inside Man,2006,129,English,USA,R,7.6,45000000.0,88504640.0,43504640.0,Spike Lee
894,Payback,1999,90,English,USA,R,7.1,50000000.0,81517441.0,31517441.0,Brian Helgeland
895,Congo,1995,109,English,USA,PG-13,5.0,50000000.0,81022333.0,31022333.0,Frank Marshall
896,Knowing,2009,121,English,USA,PG-13,6.2,50000000.0,79948113.0,29948113.0,Alex Proyas
897,Failure to Launch,2006,95,English,USA,PG-13,5.6,50000000.0,88658172.0,38658172.0,Tom Dey
898,"Crazy, Stupid, Love.",2011,118,English,USA,PG-13,7.4,50000000.0,84244877.0,34244877.0,Glenn Ficarra
899,Garfield,2004,80,English,USA,PG,5.0,35000000.0,75367693.0,40367693.0,Peter Hewitt
900,Christmas with the Kranks,2004,99,English,USA,PG,5.2,60000000.0,73701902.0,13701902.0,Joe Roth
901,Moneyball,2011,133,English,USA,PG-13,7.6,50000000.0,75605492.0,25605492.0,Bennett Miller
902,Outbreak,1995,127,English,USA,R,6.6,50000000.0,67823573.0,17823573.0,Wolfgang Petersen
903,Non-Stop,2014,106,English,UK,PG-13,7.0,50000000.0,91439400.0,41439400.0,Jaume Collet-Serra
904,Race to Witch Mountain,2009,98,English,USA,PG,5.7,65000000.0,67128202.0,2128202.0,Andy Fickman
905,V for Vendetta,2005,132,English,USA,R,8.2,54000000.0,70496802.0,16496802.0,James McTeigue
906,Shanghai Knights,2003,114,English,USA,PG-13,6.2,50000000.0,60470220.0,10470220.0,David Dobkin
907,Curious George,2006,78,English,USA,G,6.6,50000000.0,58336565.0,8336565.0,Matthew O'Callaghan
908,Herbie Fully Loaded,2005,101,English,USA,G,4.7,50000000.0,66002004.0,16002004.0,Angela Robinson
909,Don't Say a Word,2001,113,English,USA,R,6.3,50000000.0,54997476.0,4997476.0,Gary Fleder
910,Hansel & Gretel: Witch Hunters,2013,98,English,Germany,R,6.1,50000000.0,55682070.0,5682070.0,Tommy Wirkola
911,Unfaithful,2002,124,English,USA,R,6.7,50000000.0,52752475.0,2752475.0,Adrian Lyne
912,I Am Number Four,2011,109,English,USA,PG-13,6.1,60000000.0,55092830.0,-4907170.0,D.J. Caruso
913,Syriana,2005,128,English,USA,R,7.0,50000000.0,50815288.0,815288.0,Stephen Gaghan
914,13 Hours,2016,144,English,USA,R,7.4,50000000.0,52822418.0,2822418.0,Michael Bay
915,The Book of Life,2014,95,English,USA,PG,7.3,50000000.0,50150619.0,150619.0,Jorge R. Gutiérrez
916,Firewall,2006,105,English,USA,PG-13,5.8,50000000.0,48745150.0,-1254850.0,Richard Loncraine
917,Absolute Power,1997,121,English,USA,R,6.7,50000000.0,50007168.0,7168.0,Clint Eastwood
918,G.I. Jane,1997,125,English,USA,R,5.8,50000000.0,48154732.0,-1845268.0,Ridley Scott
919,The Game,1997,129,English,USA,R,7.8,50000000.0,48265581.0,-1734419.0,David Fincher
920,Silent Hill,2006,132,English,Canada,R,6.6,50000000.0,46982632.0,-3017368.0,Christophe Gans
921,The Replacements,2000,118,English,USA,PG-13,6.5,50000000.0,44737059.0,-5262941.0,Howard Deutch
922,American Reunion,2012,113,English,USA,R,6.7,50000000.0,56724080.0,6724080.0,Jon Hurwitz
923,The Negotiator,1998,140,English,Germany,R,7.3,50000000.0,44484065.0,-5515935.0,F. Gary Gray
924,Into the Storm,2014,89,English,USA,PG-13,5.8,50000000.0,47553512.0,-2446488.0,Steven Quale
925,Beverly Hills Cop III,1994,104,English,USA,R,5.5,55000000.0,42610000.0,-12390000.0,John Landis
926,Gremlins 2: The New Batch,1990,106,English,USA,PG-13,6.3,50000000.0,41482207.0,-8517793.0,Joe Dante
927,The Judge,2014,141,English,USA,R,7.4,50000000.0,47105085.0,-2894915.0,David Dobkin
928,The Peacemaker,1997,124,English,USA,R,5.9,50000000.0,41256277.0,-8743723.0,Mimi Leder
929,Resident Evil: Apocalypse,2004,98,English,Germany,R,6.2,45000000.0,50740078.0,5740078.0,Alexander Witt
930,Bridget Jones: The Edge of Reason,2004,108,English,UK,R,5.9,40000000.0,40203020.0,203020.0,Beeban Kidron
931,Out of Time,2003,114,English,USA,R,6.5,50000000.0,40905277.0,-9094723.0,Carl Franklin
932,On Deadly Ground,1994,101,English,USA,R,4.4,50000000.0,38590500.0,-11409500.0,Steven Seagal
933,The Adventures of Sharkboy and Lavagirl 3-D,2005,93,English,USA,PG,3.5,50000000.0,39177541.0,-10822459.0,Robert Rodriguez
934,The Beach,2000,119,English,USA,R,6.6,50000000.0,39778599.0,-10221401.0,Danny Boyle
935,Raising Helen,2004,119,English,USA,PG-13,6.0,50000000.0,37486138.0,-12513862.0,Garry Marshall
936,Ninja Assassin,2009,99,English,USA,R,6.4,40000000.0,38105077.0,-1894923.0,James McTeigue
937,For Love of the Game,1999,137,English,USA,PG-13,6.5,50000000.0,35168395.0,-14831605.0,Sam Raimi
938,Striptease,1996,117,English,USA,R,4.3,40000000.0,32800000.0,-7200000.0,Andrew Bergman
939,Marmaduke,2010,87,English,USA,PG,4.2,50000000.0,33643461.0,-16356539.0,Tom Dey
940,Hereafter,2010,129,English,USA,PG-13,6.5,50000000.0,32741596.0,-17258404.0,Clint Eastwood
941,Murder by Numbers,2002,115,English,USA,R,6.1,50000000.0,31874869.0,-18125131.0,Barbet Schroeder
942,Assassins,1995,132,English,France,R,6.3,50000000.0,30306268.0,-19693732.0,Richard Donner
943,Hannibal Rising,2007,131,English,UK,R,6.2,50000000.0,27667947.0,-22332053.0,Peter Webber
944,The Story of Us,1999,95,English,USA,R,5.9,50000000.0,27067160.0,-22932840.0,Rob Reiner
945,The Host,2013,125,English,USA,PG-13,5.9,40000000.0,26616999.0,-13383001.0,Andrew Niccol
946,Basic,2003,98,English,Germany,R,6.5,50000000.0,26536120.0,-23463880.0,John McTiernan
947,Blood Work,2002,110,English,USA,R,6.4,50000000.0,26199517.0,-23800483.0,Clint Eastwood
948,The International,2009,118,English,USA,R,6.5,50000000.0,25450527.0,-24549473.0,Tom Tykwer
949,Escape from L.A.,1996,101,English,USA,R,5.7,50000000.0,25407250.0,-24592750.0,John Carpenter
950,The Iron Giant,1999,90,English,USA,PG,8.0,70000000.0,23159305.0,-46840695.0,Brad Bird
951,The Life Aquatic with Steve Zissou,2004,119,English,USA,R,7.3,50000000.0,24006726.0,-25993274.0,Wes Anderson
952,Free State of Jones,2016,139,English,USA,R,6.7,50000000.0,20389967.0,-29610033.0,Gary Ross
953,The Life of David Gale,2003,130,English,USA,R,7.5,50000000.0,19593740.0,-30406260.0,Alan Parker
954,Man of the House,2005,100,English,USA,PG-13,5.4,40000000.0,19118247.0,-20881753.0,Stephen Herek
955,Run All Night,2015,114,English,USA,R,6.6,50000000.0,26442251.0,-23557749.0,Jaume Collet-Serra
956,Eastern Promises,2007,96,English,USA,R,7.7,25000000.0,17114882.0,-7885118.0,David Cronenberg
957,Into the Blue,2005,110,English,USA,PG-13,5.8,50000000.0,18472363.0,-31527637.0,John Stockwell
958,The Messenger: The Story of Joan of Arc,1999,158,English,France,R,6.4,390000000.0,14131298.0,-375868702.0,Luc Besson
959,Your Highness,2011,102,English,USA,R,5.6,49900000.0,21557240.0,-28342760.0,David Gordon Green
960,Dream House,2011,84,English,USA,PG-13,6.0,55000000.0,21283440.0,-33716560.0,Jim Sheridan
961,Mad City,1997,115,English,USA,PG-13,6.2,50000000.0,10556196.0,-39443804.0,Costa-Gavras
962,Baby's Day Out,1994,99,English,USA,PG,5.9,50000000.0,16671505.0,-33328495.0,Patrick Read Johnson
963,The Scarlet Letter,1995,135,English,USA,R,5.1,50000000.0,10400000.0,-39600000.0,Roland Joffé
964,Fair Game,2010,108,English,USA,PG-13,6.8,22000000.0,9528092.0,-12471908.0,Doug Liman
965,Domino,2005,127,English,France,R,6.0,50000000.0,10137232.0,-39862768.0,Tony Scott
966,Jade,1995,107,English,USA,R,5.1,50000000.0,9795017.0,-40204983.0,William Friedkin
967,Gamer,2009,95,English,USA,R,5.8,50000000.0,20488579.0,-29511421.0,Mark Neveldine
968,Beautiful Creatures,2013,124,English,USA,PG-13,6.2,60000000.0,19445217.0,-40554783.0,Richard LaGravenese
969,Death to Smoochy,2002,109,English,UK,R,6.4,55000000.0,8355815.0,-46644185.0,Danny DeVito
970,Zoolander 2,2016,102,English,USA,PG-13,4.8,50000000.0,28837115.0,-21162885.0,Ben Stiller
971,The Big Bounce,2004,88,English,USA,PG-13,4.9,50000000.0,6471394.0,-43528606.0,George Armitage
972,What Planet Are You From?,2000,87,English,USA,R,5.6,50000000.0,6291602.0,-43708398.0,Mike Nichols
973,Drive Angry,2011,104,English,USA,R,5.5,50000000.0,10706786.0,-39293214.0,Patrick Lussier
974,Street Fighter: The Legend of Chun-Li,2009,96,English,Canada,PG-13,3.7,18000000.0,8742261.0,-9257739.0,Andrzej Bartkowiak
975,The One,2001,85,English,USA,PG-13,5.9,49000000.0,43905746.0,-5094254.0,James Wong
976,The Adventures of Ford Fairlane,1990,104,English,USA,R,6.3,40000000.0,21413502.0,-18586498.0,Renny Harlin
977,Traffic,2000,190,English,USA,R,7.6,48000000.0,124107476.0,76107476.0,Steven Soderbergh
978,Indiana Jones and the Last Crusade,1989,127,English,USA,PG-13,8.3,48000000.0,197171806.0,149171806.0,Steven Spielberg
979,Chappie,2015,120,English,USA,R,6.9,49000000.0,31569268.0,-17430732.0,Neill Blomkamp
980,The Bone Collector,1999,118,English,USA,R,6.7,48000000.0,66488090.0,18488090.0,Phillip Noyce
981,Panic Room,2002,112,English,USA,R,6.8,48000000.0,95308367.0,47308367.0,David Fincher
982,Three Kings,1999,114,English,USA,R,7.1,48000000.0,60652036.0,12652036.0,David O. Russell
983,Child 44,2015,137,English,Czech Republic,R,6.4,50000000.0,1206135.0,-48793865.0,Daniel Espinosa
984,Rat Race,2001,112,English,Canada,PG-13,6.4,48000000.0,56607223.0,8607223.0,Jerry Zucker
985,K-PAX,2001,120,English,USA,PG-13,7.4,48000000.0,50173190.0,2173190.0,Iain Softley
986,Kate & Leopold,2001,123,English,USA,PG-13,6.4,48000000.0,47095453.0,-904547.0,James Mangold
987,Bedazzled,2000,93,English,USA,PG-13,6.0,48000000.0,37879996.0,-10120004.0,Harold Ramis
988,The Cotton Club,1984,123,English,USA,R,6.5,58000000.0,25900000.0,-32100000.0,Francis Ford Coppola
989,3:10 to Yuma,2007,122,English,USA,R,7.8,55000000.0,53574088.0,-1425912.0,James Mangold
990,Taken 3,2014,115,English,France,PG-13,6.0,48000000.0,89253340.0,41253340.0,Olivier Megaton
991,Out of Sight,1998,123,English,USA,R,7.0,48000000.0,37339525.0,-10660475.0,Steven Soderbergh
992,The Cable Guy,1996,96,English,USA,PG-13,6.0,47000000.0,60154431.0,13154431.0,Ben Stiller
993,Dick Tracy,1990,105,English,USA,PG,6.1,100000000.0,103738726.0,3738726.0,Warren Beatty
994,The Thomas Crown Affair,1999,113,English,USA,R,6.8,48000000.0,69304264.0,21304264.0,John McTiernan
995,Riding in Cars with Boys,2001,132,English,USA,PG-13,6.4,48000000.0,29781453.0,-18218547.0,Penny Marshall
996,Happily N'Ever After,2006,75,English,USA,PG,4.5,47000000.0,15519841.0,-31480159.0,Paul Bolger
997,Mary Reilly,1996,108,English,USA,R,5.8,47000000.0,5600000.0,-41400000.0,Stephen Frears
998,My Best Friend's Wedding,1997,105,English,USA,PG-13,6.3,46000000.0,126805112.0,80805112.0,P.J. Hogan
999,America's Sweethearts,2001,102,English,USA,PG-13,5.7,48000000.0,93607673.0,45607673.0,Joe Roth
1000,Insomnia,2002,118,English,USA,R,7.2,46000000.0,67263182.0,21263182.0,Christopher Nolan
1001,Star Trek: First Contact,1996,111,English,USA,PG-13,7.6,45000000.0,92001027.0,47001027.0,Jonathan Frakes
1002,Jonah Hex,2010,81,English,USA,PG-13,4.7,47000000.0,10539414.0,-36460586.0,Jimmy Hayward
1003,Courage Under Fire,1996,116,English,USA,R,6.6,46000000.0,58918501.0,12918501.0,Edward Zwick
1004,Liar Liar,1997,86,English,USA,PG-13,6.8,45000000.0,181395380.0,136395380.0,Tom Shadyac
1005,The Flintstones,1994,91,English,USA,PG,4.8,45000000.0,130512915.0,85512915.0,Brian Levant
1006,Taken 2,2012,98,English,France,PG-13,6.3,45000000.0,139852971.0,94852971.0,Olivier Megaton
1007,Scary Movie 3,2003,84,English,USA,PG-13,5.5,48000000.0,110000082.0,62000082.0,David Zucker
1008,Miss Congeniality,2000,109,English,USA,PG-13,6.2,45000000.0,106807667.0,61807667.0,Donald Petrie
1009,Journey to the Center of the Earth,2008,93,English,USA,PG,5.8,45000000.0,101702060.0,56702060.0,Eric Brevig
1010,The Princess Diaries 2: Royal Engagement,2004,113,English,USA,G,5.7,40000000.0,95149435.0,55149435.0,Garry Marshall
1011,The Pelican Brief,1993,141,English,USA,PG-13,6.5,45000000.0,100768056.0,55768056.0,Alan J. Pakula
1012,The Client,1994,119,English,USA,PG-13,6.7,45000000.0,92115211.0,47115211.0,Joel Schumacher
1013,The Bucket List,2007,97,English,USA,PG-13,7.4,45000000.0,93452056.0,48452056.0,Rob Reiner
1014,Patriot Games,1992,117,English,USA,R,6.9,45000000.0,83287363.0,38287363.0,Phillip Noyce
1015,Monster-in-Law,2005,101,English,Germany,PG-13,5.5,60000000.0,82931301.0,22931301.0,Robert Luketic
1016,Prisoners,2013,153,English,USA,R,8.1,46000000.0,60962878.0,14962878.0,Denis Villeneuve
1017,Training Day,2001,122,English,USA,R,7.7,45000000.0,76261036.0,31261036.0,Antoine Fuqua
1018,Galaxy Quest,1999,102,English,USA,PG,7.3,45000000.0,71423726.0,26423726.0,Dean Parisot
1019,Scary Movie 2,2001,83,English,USA,R,5.2,45000000.0,71277420.0,26277420.0,Keenen Ivory Wayans
1020,The Muppets,2011,103,English,USA,PG,7.1,45000000.0,88625922.0,43625922.0,James Bobin
1021,Blade,1998,110,English,USA,R,7.1,45000000.0,70001065.0,25001065.0,Stephen Norrington
1022,Coach Carter,2005,136,English,USA,PG-13,7.2,30000000.0,67253092.0,37253092.0,Thomas Carter
1023,Changing Lanes,2002,91,English,USA,R,6.5,45000000.0,66790248.0,21790248.0,Roger Michell
1024,Anaconda,1997,89,English,USA,PG-13,4.6,45000000.0,65557989.0,20557989.0,Luis Llosa
1025,Coyote Ugly,2000,107,English,USA,PG-13,5.6,45000000.0,60786269.0,15786269.0,David McNally
1026,Love Actually,2003,129,English,UK,R,7.7,45000000.0,59365105.0,14365105.0,Richard Curtis
1027,A Bug's Life,1998,95,English,USA,G,7.2,120000000.0,162792677.0,42792677.0,John Lasseter
1028,From Hell,2001,122,English,USA,R,6.8,35000000.0,31598308.0,-3401692.0,Albert Hughes
1029,The Specialist,1994,110,English,Peru,R,5.4,45000000.0,57362581.0,12362581.0,Luis Llosa
1030,Tin Cup,1996,135,English,USA,R,6.3,45000000.0,53854588.0,8854588.0,Ron Shelton
1031,Kicking & Screaming,2005,95,English,USA,PG,5.6,45000000.0,52580895.0,7580895.0,Jesse Dylan
1032,The Hitchhiker's Guide to the Galaxy,2005,109,English,USA,PG,6.8,50000000.0,51019112.0,1019112.0,Garth Jennings
1033,Fat Albert,2004,93,English,USA,PG,4.3,26000000.0,48114556.0,22114556.0,Joel Zwick
1034,Resident Evil: Extinction,2007,94,English,France,R,6.3,45000000.0,50648679.0,5648679.0,Russell Mulcahy
1035,Blended,2014,117,English,USA,PG-13,6.5,40000000.0,46280507.0,6280507.0,Frank Coraci
1036,Last Holiday,2006,112,English,USA,PG-13,6.4,45000000.0,38360195.0,-6639805.0,Wayne Wang
1037,The River Wild,1994,111,English,USA,PG-13,6.3,45000000.0,46815748.0,1815748.0,Curtis Hanson
1038,The Indian in the Cupboard,1995,96,English,USA,PG,5.9,45000000.0,35617599.0,-9382401.0,Frank Oz
1039,Savages,2012,141,English,USA,R,6.5,45000000.0,47307550.0,2307550.0,Oliver Stone
1040,Cellular,2004,94,English,USA,PG-13,6.5,25000000.0,32003620.0,7003620.0,David R. Ellis
1041,Johnny English,2003,87,English,UK,PG,6.1,35000000.0,27972410.0,-7027590.0,Peter Howitt
1042,The Ant Bully,2006,88,English,USA,PG,5.9,50000000.0,28133159.0,-21866841.0,John A. Davis
1043,Dune,1984,177,English,USA,PG-13,6.6,40000000.0,27400000.0,-12600000.0,David Lynch
1044,Across the Universe,2007,133,English,USA,PG-13,7.4,45000000.0,24343673.0,-20656327.0,Julie Taymor
1045,Revolutionary Road,2008,119,English,USA,R,7.3,35000000.0,22877808.0,-12122192.0,Sam Mendes
1046,16 Blocks,2006,102,English,Germany,PG-13,6.6,52000000.0,36883539.0,-15116461.0,Richard Donner
1047,Babylon A.D.,2008,101,English,France,PG-13,5.6,70000000.0,22531698.0,-47468302.0,Mathieu Kassovitz
1048,The Glimmer Man,1996,91,English,USA,R,5.3,45000000.0,20400913.0,-24599087.0,John Gray
1049,Multiplicity,1996,117,English,USA,PG-13,6.0,45000000.0,20101861.0,-24898139.0,Harold Ramis
1050,Aliens in the Attic,2009,86,English,USA,PG,5.4,45000000.0,25200412.0,-19799588.0,John Schultz
1051,The Pledge,2001,124,English,USA,R,6.8,45000000.0,19719930.0,-25280070.0,Sean Penn
1052,The Producers,2005,134,English,USA,PG-13,6.4,45000000.0,19377727.0,-25622273.0,Susan Stroman
1053,The Phantom,1996,100,English,Australia,PG,4.9,45000000.0,17300889.0,-27699111.0,Simon Wincer
1054,All the Pretty Horses,2000,220,English,USA,PG-13,5.8,57000000.0,15527125.0,-41472875.0,Billy Bob Thornton
1055,Nixon,1995,212,English,USA,R,7.1,50000000.0,13560960.0,-36439040.0,Oliver Stone
1056,The Ghost Writer,2010,128,English,France,PG-13,7.2,45000000.0,15523168.0,-29476832.0,Roman Polanski
1057,Deep Rising,1998,106,English,USA,R,6.0,45000000.0,11146409.0,-33853591.0,Stephen Sommers
1058,Miracle at St. Anna,2008,160,English,USA,R,6.0,45000000.0,7916887.0,-37083113.0,Spike Lee
1059,Curse of the Golden Flower,2006,114,Mandarin,China,R,7.0,45000000.0,6565495.0,-38434505.0,Yimou Zhang
1060,Bangkok Dangerous,2008,99,English,USA,R,5.4,40000000.0,15279680.0,-24720320.0,Danny Pang
1061,Big Trouble,2002,74,English,USA,PG-13,6.5,40000000.0,7262288.0,-32737712.0,Barry Sonnenfeld
1062,Love in the Time of Cholera,2007,139,English,USA,R,6.4,45000000.0,4584886.0,-40415114.0,Mike Newell
1063,Shadow Conspiracy,1997,103,English,USA,R,4.9,45000000.0,2154540.0,-42845460.0,George P. Cosmatos
1064,Johnny English Reborn,2011,101,English,USA,PG,6.3,45000000.0,8129455.0,-36870545.0,Oliver Parker
1065,Argo,2012,130,English,USA,R,7.7,44500000.0,136019448.0,91519448.0,Ben Affleck
1066,The Fugitive,1993,130,English,USA,PG-13,7.8,44000000.0,183875760.0,139875760.0,Andrew Davis
1067,The Bounty Hunter,2010,110,English,USA,PG-13,5.5,40000000.0,67061228.0,27061228.0,Andy Tennant
1068,Sleepers,1996,147,English,USA,R,7.5,44000000.0,53300852.0,9300852.0,Barry Levinson
1069,Rambo: First Blood Part II,1985,96,English,USA,R,6.4,44000000.0,150415432.0,106415432.0,George P. Cosmatos
1070,The Juror,1996,118,English,USA,R,5.6,44000000.0,44834712.0,834712.0,Brian Gibson
1071,Pinocchio,1940,88,English,USA,Approved,7.5,2600000.0,84300000.0,81700000.0,Norman Ferguson
1072,Heaven's Gate,1980,325,English,USA,R,6.8,44000000.0,1500000.0,-42500000.0,Michael Cimino
1073,Underworld: Evolution,2006,102,English,USA,R,6.8,50000000.0,62318875.0,12318875.0,Len Wiseman
1074,Victor Frankenstein,2015,110,English,USA,PG-13,6.0,40000000.0,5773519.0,-34226481.0,Paul McGuigan
1075,Finding Forrester,2000,136,English,USA,PG-13,7.3,43000000.0,51768623.0,8768623.0,Gus Van Sant
1076,28 Days,2000,103,English,USA,PG-13,6.0,43000000.0,37035515.0,-5964485.0,Betty Thomas
1077,Unleashed,2005,103,English,France,R,7.0,45000000.0,24520892.0,-20479108.0,Louis Leterrier
1078,The Sweetest Thing,2002,90,English,USA,R,5.1,43000000.0,24430272.0,-18569728.0,Roger Kumble
1079,The Firm,1993,154,English,USA,R,6.8,42000000.0,158348400.0,116348400.0,Sydney Pollack
1080,Charlie St. Cloud,2010,99,English,USA,PG-13,6.5,44000000.0,31136950.0,-12863050.0,Burr Steers
1081,The Mechanic,2011,93,English,USA,R,6.6,40000000.0,29113588.0,-10886412.0,Simon West
1082,21 Jump Street,2012,109,English,USA,R,7.2,42000000.0,138447667.0,96447667.0,Phil Lord
1083,Notting Hill,1999,124,English,UK,PG-13,7.0,42000000.0,116006080.0,74006080.0,Roger Michell
1084,Chicken Run,2000,84,English,UK,G,7.0,45000000.0,106793915.0,61793915.0,Peter Lord
1085,Along Came Polly,2004,90,English,USA,PG-13,5.9,42000000.0,87856565.0,45856565.0,John Hamburg
1086,Boomerang,1992,117,English,USA,R,5.4,40000000.0,70100000.0,30100000.0,Reginald Hudlin
1087,The Heat,2013,123,English,USA,R,6.6,43000000.0,159578352.0,116578352.0,Paul Feig
1088,Cleopatra,1963,251,English,UK,Approved,7.0,31115000.0,57750000.0,26635000.0,Joseph L. Mankiewicz
1089,Here Comes the Boom,2012,105,English,USA,PG,6.5,42000000.0,45290318.0,3290318.0,Frank Coraci
1090,High Crimes,2002,115,English,USA,PG-13,6.3,42000000.0,41543207.0,-456793.0,Carl Franklin
1091,The Mirror Has Two Faces,1996,122,English,USA,PG-13,6.5,42000000.0,41252428.0,-747572.0,Barbra Streisand
1092,The Mothman Prophecies,2002,119,English,USA,PG-13,6.5,32000000.0,35228696.0,3228696.0,Mark Pellington
1093,Brüno,2009,81,English,USA,R,5.8,42000000.0,59992760.0,17992760.0,Larry Charles
1094,Licence to Kill,1989,133,English,UK,PG-13,6.6,32000000.0,34667015.0,2667015.0,John Glen
1095,Red Riding Hood,2011,100,English,USA,PG-13,5.4,42000000.0,37652565.0,-4347435.0,Catherine Hardwicke
1096,15 Minutes,2001,120,English,USA,R,6.1,42000000.0,24375436.0,-17624564.0,John Herzfeld
1097,Super Mario Bros.,1993,104,English,UK,PG,4.0,42000000.0,20915465.0,-21084535.0,Annabel Jankel
1098,Lord of War,2005,122,English,USA,R,7.6,50000000.0,24127895.0,-25872105.0,Andrew Niccol
1099,Hero,2002,80,Mandarin,China,PG-13,7.9,31000000.0,84961.0,-30915039.0,Yimou Zhang
1100,One for the Money,2012,91,English,USA,PG-13,5.3,40000000.0,26404753.0,-13595247.0,Julie Anne Robinson
1101,The Interview,2014,112,English,USA,R,6.6,44000000.0,6105175.0,-37894825.0,Evan Goldberg
1102,The Warrior's Way,2010,100,English,New Zealand,R,6.3,45000000.0,5664251.0,-39335749.0,Sngmoo Lee
1103,Micmacs,2009,105,French,France,R,7.2,27000000.0,1260917.0,-25739083.0,Jean-Pierre Jeunet
1104,8 Mile,2002,110,English,USA,R,7.0,41000000.0,116724075.0,75724075.0,Curtis Hanson
1105,A Knight's Tale,2001,144,English,USA,PG-13,6.9,65000000.0,56083966.0,-8916034.0,Brian Helgeland
1106,The Medallion,2003,108,English,Hong Kong,PG-13,5.2,41000000.0,22108977.0,-18891023.0,Gordon Chan
1107,The Sixth Sense,1999,107,English,USA,PG-13,8.1,40000000.0,293501675.0,253501675.0,M. Night Shyamalan
1108,Man on a Ledge,2012,102,English,USA,PG-13,6.6,42000000.0,18600911.0,-23399089.0,Asger Leth
1109,The Big Year,2011,100,English,USA,PG,6.2,41000000.0,7204138.0,-33795862.0,David Frankel
1110,The Karate Kid,1984,126,English,USA,PG,7.2,8000000.0,90800000.0,82800000.0,John G. Avildsen
1111,American Hustle,2013,138,English,USA,R,7.3,40000000.0,150117807.0,110117807.0,David O. Russell
1112,The Proposal,2009,108,English,USA,PG-13,6.7,40000000.0,163947053.0,123947053.0,Anne Fletcher
1113,Double Jeopardy,1999,105,English,USA,R,6.4,70000000.0,116735231.0,46735231.0,Bruce Beresford
1114,Back to the Future Part II,1989,108,English,USA,PG,7.8,40000000.0,118500000.0,78500000.0,Robert Zemeckis
1115,Lucy,2014,89,English,France,R,6.4,40000000.0,126546825.0,86546825.0,Luc Besson
1116,Fifty Shades of Grey,2015,129,English,USA,R,4.1,40000000.0,166147885.0,126147885.0,Sam Taylor-Johnson
1117,Spy Kids 3-D: Game Over,2003,84,English,USA,PG,4.1,38000000.0,111760631.0,73760631.0,Robert Rodriguez
1118,A Time to Kill,1996,149,English,USA,R,7.4,40000000.0,108706165.0,68706165.0,Joel Schumacher
1119,Cheaper by the Dozen,2003,94,English,USA,PG,5.8,40000000.0,138614544.0,98614544.0,Shawn Levy
1120,Lone Survivor,2013,121,English,USA,R,7.6,40000000.0,125069696.0,85069696.0,Peter Berg
1121,A League of Their Own,1992,128,English,USA,PG,7.2,40000000.0,107458785.0,67458785.0,Penny Marshall
1122,The Conjuring 2,2016,134,English,USA,R,7.8,40000000.0,102310175.0,62310175.0,James Wan
1123,The Social Network,2010,120,English,USA,PG-13,7.7,40000000.0,96917897.0,56917897.0,David Fincher
1124,He's Just Not That Into You,2009,129,English,USA,PG-13,6.4,40000000.0,93952276.0,53952276.0,Ken Kwapis
1125,Scary Movie 4,2006,89,English,USA,PG-13,5.1,45000000.0,90703745.0,45703745.0,David Zucker
1126,Scream 3,2000,116,English,USA,R,5.5,40000000.0,89138076.0,49138076.0,Wes Craven
1127,Back to the Future Part III,1990,118,English,USA,PG,7.4,40000000.0,87666629.0,47666629.0,Robert Zemeckis
1128,Get Hard,2015,107,English,USA,R,6.0,40000000.0,90353764.0,50353764.0,Etan Cohen
1129,Bram Stoker's Dracula,1992,155,English,USA,R,7.5,40000000.0,82522790.0,42522790.0,Francis Ford Coppola
1130,Julie & Julia,2009,123,English,USA,PG-13,7.0,40000000.0,94125426.0,54125426.0,Nora Ephron
1131,42,2013,128,English,USA,PG-13,7.5,40000000.0,95001343.0,55001343.0,Brian Helgeland
1132,The Talented Mr. Ripley,1999,139,English,USA,R,7.3,40000000.0,81292135.0,41292135.0,Anthony Minghella
1133,Dumb and Dumber To,2014,109,English,USA,PG-13,5.7,35000000.0,86208010.0,51208010.0,Bobby Farrelly
1134,Eight Below,2006,120,English,USA,PG,7.3,40000000.0,81593527.0,41593527.0,Frank Marshall
1135,The Intern,2015,121,English,USA,PG-13,7.2,35000000.0,75274748.0,40274748.0,Nancy Meyers
1136,Ride Along 2,2016,102,English,USA,PG-13,5.9,40000000.0,90835030.0,50835030.0,Tim Story
1137,The Last of the Mohicans,1992,117,English,USA,R,7.8,40000000.0,72455275.0,32455275.0,Michael Mann
1138,Ray,2004,178,English,USA,PG-13,7.7,40000000.0,75305995.0,35305995.0,Taylor Hackford
1139,Sin City,2005,147,English,USA,R,8.1,40000000.0,74098862.0,34098862.0,Frank Miller
1140,Vantage Point,2008,90,English,USA,PG-13,6.6,40000000.0,72266306.0,32266306.0,Pete Travis
1141,"I Love You, Man",2009,105,English,USA,R,7.1,40000000.0,71347010.0,31347010.0,John Hamburg
1142,Shallow Hal,2001,114,English,USA,PG-13,5.9,40000000.0,70836296.0,30836296.0,Bobby Farrelly
1143,JFK,1991,206,English,France,R,8.0,40000000.0,70405498.0,30405498.0,Oliver Stone
1144,Big Momma's House 2,2006,99,English,USA,PG-13,4.6,40000000.0,70163652.0,30163652.0,John Whitesell
1145,The Mexican,2001,123,English,USA,R,6.1,34000000.0,66808615.0,32808615.0,Gore Verbinski
1146,17 Again,2009,102,English,USA,PG-13,6.4,20000000.0,64149837.0,44149837.0,Burr Steers
1147,The Other Woman,2014,109,English,USA,PG-13,6.0,40000000.0,83906114.0,43906114.0,Nick Cassavetes
1148,The Final Destination,2009,82,English,USA,R,5.2,40000000.0,66466372.0,26466372.0,David R. Ellis
1149,Bridge of Spies,2015,142,English,USA,PG-13,7.6,40000000.0,72306065.0,32306065.0,Steven Spielberg
1150,Behind Enemy Lines,2001,106,English,USA,PG-13,6.4,40000000.0,59068786.0,19068786.0,John Moore
1151,Shall We Dance,2004,106,English,USA,PG-13,6.1,50000000.0,57887882.0,7887882.0,Peter Chelsom
1152,Small Soldiers,1998,108,English,USA,PG-13,6.1,40000000.0,53955614.0,13955614.0,Joe Dante
1153,Spawn,1997,98,English,USA,R,5.2,40000000.0,54967359.0,14967359.0,Mark A.Z. Dippé
1154,The Count of Monte Cristo,2002,131,English,UK,PG-13,7.7,35000000.0,54228104.0,19228104.0,Kevin Reynolds
1155,The Lincoln Lawyer,2011,118,English,USA,R,7.3,40000000.0,57981889.0,17981889.0,Brad Furman
1156,Unknown,2011,113,English,UK,PG-13,6.9,30000000.0,61094903.0,31094903.0,Jaume Collet-Serra
1157,The Prestige,2006,130,English,USA,PG-13,8.5,40000000.0,53082743.0,13082743.0,Christopher Nolan
1158,Horrible Bosses 2,2014,116,English,USA,R,6.3,42000000.0,54414716.0,12414716.0,Sean Anders
1159,Escape from Planet Earth,2013,89,English,USA,PG,5.9,40000000.0,57011847.0,17011847.0,Cal Brunker
1160,Apocalypto,2006,139,Maya,USA,R,7.8,40000000.0,50859889.0,10859889.0,Mel Gibson
1161,The Living Daylights,1987,130,English,UK,PG,6.7,30000000.0,51185897.0,21185897.0,John Glen
1162,Predators,2010,107,English,USA,R,6.4,40000000.0,52000688.0,12000688.0,Nimród Antal
1163,Legal Eagles,1986,116,English,USA,PG,5.9,40000000.0,49851591.0,9851591.0,Ivan Reitman
1164,Secret Window,2004,96,English,USA,PG-13,6.6,40000000.0,47781388.0,7781388.0,David Koepp
1165,The Lake House,2006,99,English,USA,PG,6.8,40000000.0,52320979.0,12320979.0,Alejandro Agresti
1166,The Skeleton Key,2005,104,English,USA,PG-13,6.5,43000000.0,47806295.0,4806295.0,Iain Softley
1167,The Odd Life of Timothy Green,2012,105,English,USA,PG,6.6,25000000.0,51853450.0,26853450.0,Peter Hedges
1168,Made of Honor,2008,101,English,USA,PG-13,5.8,40000000.0,46012734.0,6012734.0,Paul Weiland
1169,Jersey Boys,2014,134,English,USA,R,6.9,40000000.0,47034272.0,7034272.0,Clint Eastwood
1170,The Rainmaker,1997,135,English,USA,PG-13,7.1,40000000.0,45856732.0,5856732.0,Francis Ford Coppola
1171,Gothika,2003,98,English,USA,R,5.8,40000000.0,59588068.0,19588068.0,Mathieu Kassovitz
1172,Amistad,1997,155,English,USA,R,7.2,36000000.0,44175394.0,8175394.0,Steven Spielberg
1173,Medicine Man,1992,106,English,USA,PG-13,6.0,40000000.0,45500797.0,5500797.0,John McTiernan
1174,Aliens vs. Predator: Requiem,2007,102,English,USA,R,4.7,40000000.0,41797066.0,1797066.0,Colin Strause
1175,Ri¢hie Ri¢h,1994,95,English,USA,PG,5.2,40000000.0,38087756.0,-1912244.0,Donald Petrie
1176,Autumn in New York,2000,103,English,USA,PG-13,5.5,40000000.0,37752931.0,-2247069.0,Joan Chen
1177,Paul,2011,109,English,USA,R,7.0,40000000.0,37371385.0,-2628615.0,Greg Mottola
1178,The Guilt Trip,2012,95,English,USA,PG-13,5.8,40000000.0,37101011.0,-2898989.0,Anne Fletcher
1179,Scream 4,2011,111,English,USA,R,6.2,40000000.0,38176892.0,-1823108.0,Wes Craven
1180,8MM,1999,123,English,Germany,R,6.5,40000000.0,36283504.0,-3716496.0,Joel Schumacher
1181,The Doors,1991,140,English,USA,R,7.2,38000000.0,35183792.0,-2816208.0,Oliver Stone
1182,Sex Tape,2014,94,English,USA,R,5.1,40000000.0,38543473.0,-1456527.0,Jake Kasdan
1183,Hanging Up,2000,94,English,Germany,PG-13,4.7,60000000.0,36037909.0,-23962091.0,Diane Keaton
1184,Final Destination 5,2011,92,English,USA,R,5.9,40000000.0,42575718.0,2575718.0,Steven Quale
1185,Mickey Blue Eyes,1999,102,English,UK,PG-13,5.8,40000000.0,33864342.0,-6135658.0,Kelly Makin
1186,Pay It Forward,2000,123,English,USA,PG-13,7.2,40000000.0,33508922.0,-6491078.0,Mimi Leder
1187,Fever Pitch,2005,104,English,USA,PG-13,6.2,30000000.0,42071069.0,12071069.0,Bobby Farrelly
1188,Drillbit Taylor,2008,102,English,USA,PG-13,5.7,40000000.0,32853640.0,-7146360.0,Steven Brill
1189,A Million Ways to Die in the West,2014,136,English,USA,R,6.1,40000000.0,42615685.0,2615685.0,Seth MacFarlane
1190,The Shadow,1994,93,English,USA,PG-13,6.0,25000000.0,32055248.0,7055248.0,Russell Mulcahy
1191,Extremely Loud & Incredibly Close,2011,129,English,USA,PG-13,6.9,40000000.0,31836745.0,-8163255.0,Stephen Daldry
1192,Morning Glory,2010,107,English,USA,PG-13,6.5,40000000.0,30993544.0,-9006456.0,Roger Michell
1193,Get Rich or Die Tryin',2005,117,English,USA,R,5.0,40000000.0,30981850.0,-9018150.0,Jim Sheridan
1194,The Art of War,2000,116,English,USA,R,5.7,40000000.0,30199105.0,-9800895.0,Christian Duguay
1195,Rent,2005,135,English,USA,PG-13,7.0,40000000.0,29077547.0,-10922453.0,Chris Columbus
1196,Bless the Child,2000,107,English,USA,R,5.1,40000000.0,29374178.0,-10625822.0,Chuck Russell
1197,The Out-of-Towners,1999,90,English,USA,PG-13,5.3,40000000.0,28535768.0,-11464232.0,Sam Weisman
1198,The Island of Dr. Moreau,1996,99,English,USA,PG-13,4.4,40000000.0,27663982.0,-12336018.0,John Frankenheimer
1199,The Musketeer,2001,104,English,Germany,PG-13,4.7,40000000.0,27053815.0,-12946185.0,Peter Hyams
1200,The Other Boleyn Girl,2008,115,English,UK,PG-13,6.7,35000000.0,26814957.0,-8185043.0,Justin Chadwick
1201,Sweet November,2001,119,English,USA,PG-13,6.7,40000000.0,25178165.0,-14821835.0,Pat O'Connor
1202,The Reaping,2007,99,English,USA,R,5.7,40000000.0,25117498.0,-14882502.0,Stephen Hopkins
1203,Mean Streets,1973,112,English,USA,R,7.4,500000.0,32645.0,-467355.0,Martin Scorsese
1204,Renaissance Man,1994,128,English,USA,PG-13,6.1,40000000.0,24332324.0,-15667676.0,Penny Marshall
1205,Colombiana,2011,112,English,France,PG-13,6.4,40000000.0,36665854.0,-3334146.0,Olivier Megaton
1206,The Magic Sword: Quest for Camelot,1998,86,English,USA,G,6.2,40000000.0,22717758.0,-17282242.0,Frederik Du Chau
1207,City by the Sea,2002,108,English,USA,R,6.2,60000000.0,22433915.0,-37566085.0,Michael Caton-Jones
1208,At First Sight,1999,128,English,USA,PG-13,5.9,60000000.0,22326247.0,-37673753.0,Irwin Winkler
1209,Torque,2004,84,English,USA,PG-13,4.0,40000000.0,21176322.0,-18823678.0,Joseph Kahn
1210,City Hall,1996,111,English,USA,R,6.2,40000000.0,20300000.0,-19700000.0,Harold Becker
1211,Showgirls,1995,131,English,France,NC-17,4.6,45000000.0,20302961.0,-24697039.0,Paul Verhoeven
1212,Marie Antoinette,2006,123,English,USA,PG-13,6.4,40000000.0,15962471.0,-24037529.0,Sofia Coppola
1213,Kiss of Death,1995,101,English,USA,R,5.9,40000000.0,14942422.0,-25057578.0,Barbet Schroeder
1214,Get Carter,2000,102,English,USA,R,5.1,40000000.0,14967182.0,-25032818.0,Stephen Kay
1215,The Impossible,2012,114,English,Spain,PG-13,7.6,45000000.0,18996755.0,-26003245.0,J.A. Bayona
1216,Ishtar,1987,107,English,USA,PG-13,4.2,51000000.0,14375181.0,-36624819.0,Elaine May
1217,Fantastic Mr. Fox,2009,87,English,USA,PG,7.8,40000000.0,20999103.0,-19000897.0,Wes Anderson
1218,Life or Something Like It,2002,103,English,USA,PG-13,5.8,40000000.0,14448589.0,-25551411.0,Stephen Herek
1219,Memoirs of an Invisible Man,1992,99,English,USA,PG-13,5.9,40000000.0,14358033.0,-25641967.0,John Carpenter
1220,Amélie,2001,122,French,France,R,8.4,77000000.0,33201661.0,-43798339.0,Jean-Pierre Jeunet
1221,New York Minute,2004,91,English,USA,PG,4.8,30000000.0,14018364.0,-15981636.0,Dennie Gordon
1222,Alfie,2004,103,English,UK,R,6.2,60000000.0,13395939.0,-46604061.0,Charles Shyer
1223,Big Miracle,2012,107,English,USA,PG,6.5,40000000.0,20113965.0,-19886035.0,Ken Kwapis
1224,The Deep End of the Ocean,1999,106,English,USA,PG-13,6.3,40000000.0,13376506.0,-26623494.0,Ulu Grosbard
1225,Feardotcom,2002,101,English,UK,R,3.3,42000000.0,13208023.0,-28791977.0,William Malone
1226,Cirque du Freak: The Vampire's Assistant,2009,109,English,USA,PG-13,5.9,40000000.0,13838130.0,-26161870.0,Paul Weitz
1227,Duplex,2003,89,English,USA,PG-13,5.8,40000000.0,9652000.0,-30348000.0,Danny DeVito
1228,Raise the Titanic,1980,119,English,UK,PG,4.7,36000000.0,7000000.0,-29000000.0,Jerry Jameson
1229,Universal Soldier: The Return,1999,83,English,USA,R,4.1,24000000.0,10431220.0,-13568780.0,Mic Rodgers
1230,Pandorum,2009,108,English,Germany,R,6.8,33000000.0,10326062.0,-22673938.0,Christian Alvart
1231,Impostor,2001,102,English,USA,R,6.2,40000000.0,6114237.0,-33885763.0,Gary Fleder
1232,Extreme Ops,2002,93,English,UK,PG-13,4.5,40000000.0,4835968.0,-35164032.0,Christian Duguay
1233,Just Visiting,2001,84,English,France,PG-13,5.8,40000000.0,4777007.0,-35222993.0,Jean-Marie Poiré
1234,Sunshine,2007,107,English,UK,R,7.3,26000000.0,3675072.0,-22324928.0,Danny Boyle
1235,A Thousand Words,2012,91,English,USA,PG-13,5.9,40000000.0,18438149.0,-21561851.0,Brian Robbins
1236,Delgo,2008,94,English,USA,PG,4.4,40000000.0,511920.0,-39488080.0,Marc F. Adler
1237,The Gunman,2015,115,English,USA,R,5.8,40000000.0,10640645.0,-29359355.0,Pierre Morel
1238,Alex Rider: Operation Stormbreaker,2006,93,English,Germany,PG,5.1,40000000.0,652526.0,-39347474.0,Geoffrey Sax
1239,Disturbia,2007,105,English,USA,PG-13,6.9,20000000.0,80050171.0,60050171.0,D.J. Caruso
1240,Hackers,1995,107,English,USA,PG-13,6.2,20000000.0,7564000.0,-12436000.0,Iain Softley
1241,The Hunting Party,2007,101,English,USA,R,6.9,25000000.0,876671.0,-24123329.0,Richard Shepard
1242,The Hudsucker Proxy,1994,111,English,UK,PG,7.3,30000000.0,2869369.0,-27130631.0,Joel Coen
1243,The Warlords,2007,113,Mandarin,Hong Kong,R,7.1,40000000.0,128978.0,-39871022.0,Peter Ho-Sun Chan
1244,Nomad: The Warrior,2005,112,Kazakh,France,R,6.0,25000000.0,77231.0,-24922769.0,Sergey Bodrov
1245,Snowpiercer,2013,126,English,South Korea,R,7.0,39200000.0,4563029.0,-34636971.0,Joon-ho Bong
1246,The Crow,1994,98,English,USA,R,7.6,23000000.0,50693162.0,27693162.0,Alex Proyas
1247,The Time Traveler's Wife,2009,107,English,USA,PG-13,7.1,39000000.0,63411478.0,24411478.0,Robert Schwentke
1248,Frankenweenie,2012,87,English,USA,PG,7.0,39000000.0,35287788.0,-3712212.0,Tim Burton
1249,Serenity,2005,119,English,USA,PG-13,8.0,40000000.0,25335935.0,-14664065.0,Joss Whedon
1250,Against the Ropes,2004,110,English,USA,PG-13,5.3,39000000.0,5881504.0,-33118496.0,Charles S. Dutton
1251,Superman III,1983,125,English,UK,PG,4.9,39000000.0,60000000.0,21000000.0,Richard Lester
1252,Grudge Match,2013,113,English,USA,PG-13,6.4,40000000.0,29802761.0,-10197239.0,Peter Segal
1253,Red Cliff,2008,150,Mandarin,China,R,7.4,553632000.0,626809.0,-553005191.0,John Woo
1254,Sweet Home Alabama,2002,108,English,USA,PG-13,6.1,38000000.0,127214072.0,89214072.0,Andy Tennant
1255,The Ugly Truth,2009,96,English,USA,R,6.5,38000000.0,88915214.0,50915214.0,Robert Luketic
1256,Sgt. Bilko,1996,93,English,USA,PG,5.7,39000000.0,30400000.0,-8600000.0,Jonathan Lynn
1257,Spy Kids 2: Island of Lost Dreams,2002,100,English,USA,PG,5.1,38000000.0,85570368.0,47570368.0,Robert Rodriguez
1258,Star Trek: Generations,1994,118,English,USA,PG,6.6,35000000.0,75668868.0,40668868.0,David Carson
1259,The Grandmaster,2013,122,Mandarin,Hong Kong,PG-13,6.5,38600000.0,6594136.0,-32005864.0,Kar-Wai Wong
1260,Water for Elephants,2011,120,English,USA,PG-13,6.9,38000000.0,58700247.0,20700247.0,Francis Lawrence
1261,The Hurricane,1999,146,English,USA,R,7.6,38000000.0,50668906.0,12668906.0,Norman Jewison
1262,Enough,2002,115,English,USA,PG-13,5.6,38000000.0,39177215.0,1177215.0,Michael Apted
1263,Heartbreakers,2001,123,English,USA,PG-13,6.2,35000000.0,40334024.0,5334024.0,David Mirkin
1264,Paul Blart: Mall Cop 2,2015,94,English,USA,PG,4.4,30000000.0,71038190.0,41038190.0,Andy Fickman
1265,Angel Eyes,2001,102,English,USA,R,5.6,38000000.0,24044532.0,-13955468.0,Luis Mandoki
1266,Joe Somebody,2001,98,English,USA,PG,5.5,38000000.0,22770864.0,-15229136.0,John Pasquin
1267,The Ninth Gate,1999,133,English,Spain,R,6.7,38000000.0,18653746.0,-19346254.0,Roman Polanski
1268,Extreme Measures,1996,118,English,USA,R,6.1,38000000.0,17305211.0,-20694789.0,Michael Apted
1269,Rock Star,2001,105,English,USA,R,6.2,57000000.0,16991902.0,-40008098.0,Stephen Herek
1270,Precious,2009,109,English,USA,R,7.3,10000000.0,47536959.0,37536959.0,Lee Daniels
1271,White Squall,1996,129,English,USA,PG-13,6.6,38000000.0,10300000.0,-27700000.0,Ridley Scott
1272,The Thing,1982,109,English,USA,R,8.2,15000000.0,13782838.0,-1217162.0,John Carpenter
1273,Riddick,2013,127,English,USA,R,6.4,38000000.0,41997790.0,3997790.0,David Twohy
1274,Switchback,1997,118,English,USA,R,6.4,37000000.0,6482195.0,-30517805.0,Jeb Stuart
1275,Texas Rangers,2001,110,English,USA,PG-13,5.2,38000000.0,623374.0,-37376626.0,Steve Miner
1276,City of Ember,2008,90,English,USA,PG,6.5,55000000.0,7871693.0,-47128307.0,Gil Kenan
1277,The Master,2012,144,English,USA,R,7.1,32000000.0,16377274.0,-15622726.0,Paul Thomas Anderson
1278,The Express,2008,130,English,USA,PG,7.3,40000000.0,9589875.0,-30410125.0,Gary Fleder
1279,The 5th Wave,2016,112,English,USA,PG-13,5.2,38000000.0,34912982.0,-3087018.0,J Blakeson
1280,Creed,2015,133,English,USA,PG-13,7.7,35000000.0,109712885.0,74712885.0,Ryan Coogler
1281,The Town,2010,150,English,USA,R,7.6,37000000.0,92173235.0,55173235.0,Ben Affleck
1282,What to Expect When You're Expecting,2012,110,English,USA,PG-13,5.7,40000000.0,41102171.0,1102171.0,Kirk Jones
1283,Burn After Reading,2008,96,English,USA,R,7.0,37000000.0,60338891.0,23338891.0,Ethan Coen
1284,Nim's Island,2008,96,English,USA,PG,6.0,37000000.0,48006503.0,11006503.0,Jennifer Flackett
1285,Rush,2013,123,English,UK,R,8.1,38000000.0,26903709.0,-11096291.0,Ron Howard
1286,Magnolia,1999,188,English,USA,R,8.0,37000000.0,22450975.0,-14549025.0,Paul Thomas Anderson
1287,Cop Out,2010,107,English,USA,R,5.6,37000000.0,44867349.0,7867349.0,Kevin Smith
1288,How to Be Single,2016,110,English,USA,R,6.1,38000000.0,46813366.0,8813366.0,Christian Ditter
1289,Dolphin Tale,2011,113,English,USA,PG,6.9,37000000.0,72279690.0,35279690.0,Charles Martin Smith
1290,Twilight,2008,122,English,USA,PG-13,5.2,37000000.0,191449475.0,154449475.0,Catherine Hardwicke
1291,John Q,2002,116,English,USA,PG-13,7.0,36000000.0,71026631.0,35026631.0,Nick Cassavetes
1292,Blue Streak,1999,93,English,USA,PG-13,6.3,65000000.0,68208190.0,3208190.0,Les Mayfield
1293,We're the Millers,2013,118,English,USA,R,7.0,37000000.0,150368971.0,113368971.0,Rawson Marshall Thurber
1294,Breakdown,1997,93,English,USA,R,6.9,36000000.0,50129186.0,14129186.0,Jonathan Mostow
1295,Never Say Never Again,1983,121,English,UK,PG,6.2,36000000.0,55500000.0,19500000.0,Irvin Kershner
1296,Hot Tub Time Machine,2010,101,English,USA,R,6.4,36000000.0,50213619.0,14213619.0,Steve Pink
1297,Dolphin Tale 2,2014,107,English,USA,PG,6.4,36000000.0,42019483.0,6019483.0,Charles Martin Smith
1298,Reindeer Games,2000,124,English,USA,R,5.7,34000000.0,23360779.0,-10639221.0,John Frankenheimer
1299,A Man Apart,2003,109,English,USA,R,6.1,36000000.0,26183197.0,-9816803.0,F. Gary Gray
1300,Aloha,2015,105,English,USA,PG-13,5.4,37000000.0,20991497.0,-16008503.0,Cameron Crowe
1301,Ghosts of Mississippi,1996,130,English,USA,PG-13,6.7,36000000.0,13052741.0,-22947259.0,Rob Reiner
1302,Snow Falling on Cedars,1999,127,English,USA,PG-13,6.8,36000000.0,14378353.0,-21621647.0,Scott Hicks
1303,The Rite,2011,114,English,USA,PG-13,6.0,37000000.0,33037754.0,-3962246.0,Mikael Håfström
1304,Gattaca,1997,106,English,USA,PG-13,7.8,36000000.0,12339633.0,-23660367.0,Andrew Niccol
1305,Isn't She Great,2000,95,English,USA,R,5.3,36000000.0,2954405.0,-33045595.0,Andrew Bergman
1306,Space Chimps,2008,81,English,USA,G,4.5,37000000.0,30105968.0,-6894032.0,Kirk De Micco
1307,Head of State,2003,95,English,USA,PG-13,5.4,35200000.0,37788228.0,2588228.0,Chris Rock
1308,The Hangover,2009,108,English,USA,R,7.8,35000000.0,277313371.0,242313371.0,Todd Phillips
1309,Ip Man 3,2015,105,Cantonese,Hong Kong,PG-13,7.2,36000000.0,2126511.0,-33873489.0,Wilson Yip
1310,Austin Powers: The Spy Who Shagged Me,1999,95,English,USA,PG-13,6.6,33000000.0,205399422.0,172399422.0,Jay Roach
1311,Batman,1989,126,English,USA,PG-13,7.6,35000000.0,251188924.0,216188924.0,Tim Burton
1312,There Be Dragons,2011,102,English,Spain,PG-13,5.9,36000000.0,1068392.0,-34931608.0,Roland Joffé
1313,Lethal Weapon 3,1992,121,English,USA,R,6.7,35000000.0,144731527.0,109731527.0,Richard Donner
1314,The Blind Side,2009,129,English,USA,PG-13,7.7,29000000.0,255950375.0,226950375.0,John Lee Hancock
1315,Spy Kids,2001,88,English,USA,PG,5.4,35000000.0,112692062.0,77692062.0,Robert Rodriguez
1316,Horrible Bosses,2011,106,English,USA,R,6.9,35000000.0,117528646.0,82528646.0,Seth Gordon
1317,True Grit,2010,110,English,USA,PG-13,7.7,38000000.0,171031347.0,133031347.0,Ethan Coen
1318,The Devil Wears Prada,2006,109,English,USA,PG-13,6.8,35000000.0,124732962.0,89732962.0,David Frankel
1319,Star Trek: The Motion Picture,1979,143,English,USA,PG,6.4,35000000.0,82300000.0,47300000.0,Robert Wise
1320,Identity Thief,2013,120,English,USA,R,5.7,35000000.0,134455175.0,99455175.0,Seth Gordon
1321,Cape Fear,1991,128,English,USA,R,7.3,35000000.0,79100000.0,44100000.0,Martin Scorsese
1322,21,2008,123,English,USA,PG-13,6.8,35000000.0,81159365.0,46159365.0,Robert Luketic
1323,Trainwreck,2015,129,English,Japan,R,6.3,35000000.0,110008260.0,75008260.0,Judd Apatow
1324,Guess Who,2005,105,English,USA,PG-13,5.9,35000000.0,67962333.0,32962333.0,Kevin Rodney Sullivan
1325,The English Patient,1996,162,English,USA,R,7.4,27000000.0,78651430.0,51651430.0,Anthony Minghella
1326,L.A. Confidential,1997,138,English,USA,R,8.3,35000000.0,64604977.0,29604977.0,Curtis Hanson
1327,Sky High,2005,100,English,USA,PG,6.2,35000000.0,63939454.0,28939454.0,Mike Mitchell
1328,In & Out,1997,90,English,USA,PG-13,6.3,35000000.0,63826569.0,28826569.0,Frank Oz
1329,Species,1995,108,English,USA,R,5.8,35000000.0,60054449.0,25054449.0,Roger Donaldson
1330,A Nightmare on Elm Street,1984,101,English,USA,X,7.5,1800000.0,26505000.0,24705000.0,Wes Craven
1331,The Cell,2000,109,English,USA,R,6.3,33000000.0,61280963.0,28280963.0,Tarsem Singh
1332,The Man in the Iron Mask,1998,132,English,USA,PG-13,6.4,35000000.0,56876365.0,21876365.0,Randall Wallace
1333,Secretariat,2010,123,English,USA,PG,7.2,35000000.0,59699513.0,24699513.0,Randall Wallace
1334,TMNT,2007,87,English,Hong Kong,PG,6.3,34000000.0,54132596.0,20132596.0,Kevin Munroe
1335,Radio,2003,109,English,USA,PG,6.9,35000000.0,52277485.0,17277485.0,Michael Tollin
1336,Friends with Benefits,2011,109,English,USA,R,6.6,35000000.0,55802754.0,20802754.0,Will Gluck
1337,Neighbors 2: Sorority Rising,2016,92,English,USA,R,6.0,35000000.0,55291815.0,20291815.0,Nicholas Stoller
1338,Saving Mr. Banks,2013,125,English,USA,PG-13,7.5,35000000.0,83299761.0,48299761.0,John Lee Hancock
1339,Malcolm X,1992,202,English,USA,PG-13,7.7,33000000.0,48169908.0,15169908.0,Spike Lee
1340,This Is 40,2012,134,English,USA,R,6.2,35000000.0,67523385.0,32523385.0,Judd Apatow
1341,Old Dogs,2009,88,English,USA,PG,5.4,35000000.0,49474048.0,14474048.0,Walt Becker
1342,Underworld: Rise of the Lycans,2009,92,English,USA,R,6.6,35000000.0,45802315.0,10802315.0,Patrick Tatopoulos
1343,License to Wed,2007,91,English,USA,PG-13,5.3,35000000.0,43792641.0,8792641.0,Ken Kwapis
1344,The Benchwarmers,2006,75,English,USA,PG-13,5.6,33000000.0,57651794.0,24651794.0,Dennis Dugan
1345,Must Love Dogs,2005,98,English,USA,PG-13,5.9,30000000.0,43894863.0,13894863.0,Gary David Goldberg
1346,Donnie Brasco,1997,147,English,USA,R,7.8,35000000.0,41954997.0,6954997.0,Mike Newell
1347,Resident Evil,2002,100,English,UK,R,6.7,33000000.0,39532308.0,6532308.0,Paul W.S. Anderson
1348,Poltergeist,1982,120,English,USA,PG,7.4,10700000.0,76600000.0,65900000.0,Tobe Hooper
1349,The Ladykillers,2004,104,English,USA,R,6.2,35000000.0,39692139.0,4692139.0,Ethan Coen
1350,Max Payne,2008,103,English,Canada,PG-13,5.4,35000000.0,40687294.0,5687294.0,John Moore
1351,In Time,2011,109,English,USA,PG-13,6.7,40000000.0,37553932.0,-2446068.0,Andrew Niccol
1352,The Back-up Plan,2010,104,English,USA,PG-13,5.3,35000000.0,37481242.0,2481242.0,Alan Poul
1353,Something Borrowed,2011,112,English,USA,PG-13,5.9,35000000.0,39026186.0,4026186.0,Luke Greenfield
1354,Black Knight,2001,95,English,USA,PG-13,4.8,50000000.0,33422806.0,-16577194.0,Gil Junger
1355,Street Fighter,1994,102,English,Japan,PG-13,3.8,35000000.0,33423521.0,-1576479.0,Steven E. de Souza
1356,The Pianist,2002,150,English,France,R,8.5,35000000.0,32519322.0,-2480678.0,Roman Polanski
1357,The Nativity Story,2006,101,English,USA,PG,6.8,30000000.0,37617947.0,7617947.0,Catherine Hardwicke
1358,House of Wax,2005,108,English,Australia,R,5.3,30000000.0,32048809.0,2048809.0,Jaume Collet-Serra
1359,Closer,2004,98,English,USA,R,7.3,27000000.0,33987757.0,6987757.0,Mike Nichols
1360,J. Edgar,2011,137,English,USA,R,6.6,35000000.0,37304950.0,2304950.0,Clint Eastwood
1361,Mirrors,2008,112,English,USA,R,6.2,35000000.0,30691439.0,-4308561.0,Alexandre Aja
1362,Queen of the Damned,2002,101,English,USA,R,5.2,35000000.0,30307804.0,-4692196.0,Michael Rymer
1363,Predator 2,1990,103,English,USA,R,6.2,35000000.0,30669413.0,-4330587.0,Stephen Hopkins
1364,Untraceable,2008,101,English,USA,R,6.2,35000000.0,28687835.0,-6312165.0,Gregory Hoblit
1365,Blast from the Past,1999,112,English,USA,PG-13,6.6,35000000.0,26494611.0,-8505389.0,Hugh Wilson
1366,Jersey Girl,2004,102,English,USA,PG-13,6.2,35000000.0,25266129.0,-9733871.0,Kevin Smith
1367,Alex Cross,2012,101,English,USA,PG-13,5.1,35000000.0,25863915.0,-9136085.0,Rob Cohen
1368,Midnight in the Garden of Good and Evil,1997,155,English,USA,R,6.6,30000000.0,25078937.0,-4921063.0,Clint Eastwood
1369,Nanny McPhee Returns,2010,109,English,UK,PG,6.1,35000000.0,28995450.0,-6004550.0,Susanna White
1370,Hoffa,1992,140,English,USA,R,6.6,35000000.0,24276500.0,-10723500.0,Danny DeVito
1371,The X Files: I Want to Believe,2008,108,English,USA,PG-13,5.9,30000000.0,20981633.0,-9018367.0,Chris Carter
1372,Ella Enchanted,2004,96,English,USA,PG,6.3,35000000.0,22913677.0,-12086323.0,Tommy O'Haver
1373,Concussion,2015,123,English,UK,PG-13,7.1,35000000.0,34531832.0,-468168.0,Peter Landesman
1374,Abduction,2011,106,English,USA,PG-13,5.0,35000000.0,28064226.0,-6935774.0,John Singleton
1375,Valiant,2005,76,English,UK,G,5.6,35000000.0,19447478.0,-15552522.0,Gary Chapman
1376,Wonder Boys,2000,107,English,USA,R,7.4,55000000.0,19389454.0,-35610546.0,Curtis Hanson
1377,Superhero Movie,2008,82,English,USA,PG-13,4.5,35000000.0,25871834.0,-9128166.0,Craig Mazin
1378,Broken City,2013,109,English,USA,R,6.2,35000000.0,19692608.0,-15307392.0,Allen Hughes
1379,Cursed,2005,99,English,USA,PG-13,5.0,35000000.0,19294901.0,-15705099.0,Wes Craven
1380,Premium Rush,2012,91,English,USA,PG-13,6.5,35000000.0,20275446.0,-14724554.0,David Koepp
1381,Hot Pursuit,2015,87,English,USA,PG-13,5.1,35000000.0,34507079.0,-492921.0,Anne Fletcher
1382,The Four Feathers,2002,125,English,UK,PG-13,6.5,35000000.0,18306166.0,-16693834.0,Shekhar Kapur
1383,Parker,2013,118,English,USA,R,6.2,35000000.0,17609982.0,-17390018.0,Taylor Hackford
1384,Wimbledon,2004,98,English,UK,PG-13,6.3,31000000.0,16831505.0,-14168495.0,Richard Loncraine
1385,Furry Vengeance,2010,92,English,USA,PG,3.8,35000000.0,17596256.0,-17403744.0,Roger Kumble
1386,Lions for Lambs,2007,92,English,USA,R,6.2,35000000.0,14998070.0,-20001930.0,Robert Redford
1387,Flight of the Intruder,1991,115,English,USA,PG-13,5.7,35000000.0,14587732.0,-20412268.0,John Milius
1388,Walk Hard: The Dewey Cox Story,2007,120,English,USA,R,6.7,35000000.0,18317151.0,-16682849.0,Jake Kasdan
1389,The Shipping News,2001,111,English,USA,R,6.8,35000000.0,11405825.0,-23594175.0,Lasse Hallström
1390,American Outlaws,2001,94,English,USA,PG-13,6.0,35000000.0,13264986.0,-21735014.0,Les Mayfield
1391,The Young Victoria,2009,100,English,UK,PG,7.3,35000000.0,10991381.0,-24008619.0,Jean-Marc Vallée
1392,Whiteout,2009,101,English,USA,R,5.5,35000000.0,10268846.0,-24731154.0,Dominic Sena
1393,The Tree of Life,2011,139,English,USA,PG-13,6.7,32000000.0,13303319.0,-18696681.0,Terrence Malick
1394,Knock Off,1998,91,English,Aruba,R,4.8,35000000.0,10076136.0,-24923864.0,Hark Tsui
1395,Sabotage,2014,109,English,USA,R,5.7,35000000.0,10499968.0,-24500032.0,David Ayer
1396,The Order,2003,102,English,USA,R,5.1,38000000.0,7659747.0,-30340253.0,Brian Helgeland
1397,Punisher: War Zone,2008,103,English,USA,R,6.0,35000000.0,7948159.0,-27051841.0,Lexi Alexander
1398,Zoom,2006,83,English,USA,PG,4.2,35000000.0,11631245.0,-23368755.0,Peter Hewitt
1399,The Walk,2015,123,English,USA,PG,7.4,35000000.0,10137502.0,-24862498.0,Robert Zemeckis
1400,Warriors of Virtue,1997,101,English,USA,PG,4.6,35000000.0,6448817.0,-28551183.0,Ronny Yu
1401,A Good Year,2006,117,English,USA,PG-13,6.9,35000000.0,7458269.0,-27541731.0,Ridley Scott
1402,Radio Flyer,1992,114,English,USA,PG-13,6.9,35000000.0,4651977.0,-30348023.0,Richard Donner
1403,"Blood In, Blood Out",1993,330,English,USA,R,8.0,35000000.0,4496583.0,-30503417.0,Taylor Hackford
1404,Smilla's Sense of Snow,1997,121,English,Denmark,R,6.4,35000000.0,2221994.0,-32778006.0,Bille August
1405,Femme Fatale,2002,114,English,France,R,6.3,35000000.0,6592103.0,-28407897.0,Brian De Palma
1406,Ride with the Devil,1999,148,English,USA,R,6.8,35000000.0,630779.0,-34369221.0,Ang Lee
1407,The Maze Runner,2014,113,English,USA,PG-13,6.8,34000000.0,102413606.0,68413606.0,Wes Ball
1408,Unfinished Business,2015,91,English,USA,R,5.4,35000000.0,10214013.0,-24785987.0,Ken Scott
1409,The Age of Innocence,1993,139,English,USA,PG,7.2,30000000.0,32000000.0,2000000.0,Martin Scorsese
1410,The Fountain,2006,96,English,USA,PG-13,7.3,35000000.0,10139254.0,-24860746.0,Darren Aronofsky
1411,Chill Factor,1999,102,English,USA,R,5.2,34000000.0,11227940.0,-22772060.0,Hugh Johnson
1412,Stolen,2012,96,English,USA,R,5.5,35000000.0,183125.0,-34816875.0,Simon West
1413,Ponyo,2008,101,Japanese,Japan,G,7.7,34000000.0,15081783.0,-18918217.0,Hayao Miyazaki
1414,The Longest Ride,2015,128,English,USA,PG-13,7.1,34000000.0,37432299.0,3432299.0,George Tillman Jr.
1415,The Astronaut's Wife,1999,109,English,USA,R,5.3,34000000.0,10654581.0,-23345419.0,Rand Ravich
1416,I Dreamed of Africa,2000,114,English,USA,PG-13,5.6,34000000.0,6543194.0,-27456806.0,Hugh Hudson
1417,Playing for Keeps,2012,105,English,USA,PG-13,5.7,35000000.0,13101142.0,-21898858.0,Gabriele Muccino
1418,Mandela: Long Walk to Freedom,2013,141,English,UK,PG-13,7.1,35000000.0,8324748.0,-26675252.0,Justin Chadwick
1419,A Few Good Men,1992,138,English,USA,R,7.6,40000000.0,141340178.0,101340178.0,Rob Reiner
1420,Exit Wounds,2001,101,English,USA,R,5.5,33000000.0,51758599.0,18758599.0,Andrzej Bartkowiak
1421,Big Momma's House,2000,99,English,USA,PG-13,5.1,30000000.0,117559438.0,87559438.0,Raja Gosnell
1422,The Darkest Hour,2011,89,English,USA,PG-13,4.9,30000000.0,21426805.0,-8573195.0,Chris Gorak
1423,Step Up Revolution,2012,99,English,USA,PG-13,6.5,33000000.0,35057332.0,2057332.0,Scott Speer
1424,Snakes on a Plane,2006,105,English,Germany,R,5.6,33000000.0,34014398.0,1014398.0,David R. Ellis
1425,The Watcher,2000,97,English,USA,R,5.3,33000000.0,28927720.0,-4072280.0,Joe Charbanic
1426,The Punisher,2004,140,English,USA,R,6.5,33000000.0,33682273.0,682273.0,Jonathan Hensleigh
1427,Goal! The Dream Begins,2005,118,English,USA,PG-13,6.8,10000000.0,4280577.0,-5719423.0,Danny Cannon
1428,Safe,2012,94,English,USA,R,6.5,30000000.0,17120019.0,-12879981.0,Boaz Yakin
1429,Pushing Tin,1999,124,English,USA,R,6.0,38000000.0,8406264.0,-29593736.0,Mike Newell
1430,Star Wars: Episode VI - Return of the Jedi,1983,134,English,USA,PG,8.4,32500000.0,309125409.0,276625409.0,Richard Marquand
1431,Doomsday,2008,113,English,UK,R,6.0,30000000.0,10955425.0,-19044575.0,Neil Marshall
1432,The Reader,2008,124,English,USA,R,7.6,32000000.0,34180954.0,2180954.0,Stephen Daldry
1433,Elf,2003,97,English,USA,PG,6.9,33000000.0,173381405.0,140381405.0,Jon Favreau
1434,Phenomenon,1996,123,English,USA,PG,6.4,32000000.0,104632573.0,72632573.0,Jon Turteltaub
1435,Snow Dogs,2002,99,English,Canada,PG,5.1,35000000.0,81150692.0,46150692.0,Brian Levant
1436,Scrooged,1988,101,English,USA,PG-13,7.0,32000000.0,60328558.0,28328558.0,Richard Donner
1437,Nacho Libre,2006,92,English,Germany,PG,5.7,32000000.0,80197993.0,48197993.0,Jared Hess
1438,Bridesmaids,2011,131,English,USA,R,6.8,32500000.0,169076745.0,136576745.0,Paul Feig
1439,This Is the End,2013,107,English,USA,R,6.7,32000000.0,101470202.0,69470202.0,Evan Goldberg
1440,Stigmata,1999,103,English,USA,R,6.2,29000000.0,50041732.0,21041732.0,Rupert Wainwright
1441,Men of Honor,2000,129,English,USA,R,7.2,32000000.0,48814909.0,16814909.0,George Tillman Jr.
1442,Takers,2010,107,English,USA,PG-13,6.2,20000000.0,57744720.0,37744720.0,John Luessenhop
1443,The Big Wedding,2013,89,English,USA,R,5.6,35000000.0,21784432.0,-13215568.0,Justin Zackham
1444,"Big Mommas: Like Father, Like Son",2011,113,English,USA,PG-13,4.4,32000000.0,37911876.0,5911876.0,John Whitesell
1445,Source Code,2011,93,English,USA,PG-13,7.5,32000000.0,54696902.0,22696902.0,Duncan Jones
1446,Alive,1993,120,English,USA,R,7.1,32000000.0,36733909.0,4733909.0,Frank Marshall
1447,The Number 23,2007,98,English,USA,R,6.4,32000000.0,35063732.0,3063732.0,Joel Schumacher
1448,The Young and Prodigious T.S. Spivet,2013,105,English,France,PG,7.1,33000000.0,99462.0,-32900538.0,Jean-Pierre Jeunet
1449,Dreamer: Inspired by a True Story,2005,98,English,USA,PG,6.9,32000000.0,32701088.0,701088.0,John Gatins
1450,A History of Violence,2005,96,English,USA,R,7.5,32000000.0,31493782.0,-506218.0,David Cronenberg
1451,Transporter 2,2005,87,English,France,PG-13,6.3,32000000.0,43095600.0,11095600.0,Louis Leterrier
1452,The Quick and the Dead,1995,107,English,Japan,R,6.4,32000000.0,18636537.0,-13363463.0,Sam Raimi
1453,Laws of Attraction,2004,90,English,Ireland,PG-13,5.9,28000000.0,17848322.0,-10151678.0,Peter Howitt
1454,Bringing Out the Dead,1999,121,English,USA,R,6.8,55000000.0,16640210.0,-38359790.0,Martin Scorsese
1455,Repo Men,2010,119,English,USA,R,6.3,32000000.0,13763130.0,-18236870.0,Miguel Sapochnik
1456,Dragon Wars: D-War,2007,107,English,South Korea,PG-13,3.6,35000000.0,10956379.0,-24043621.0,Hyung-rae Shim
1457,Bogus,1996,110,English,USA,PG,5.3,30000000.0,4357000.0,-25643000.0,Norman Jewison
1458,The Incredible Burt Wonderstone,2013,100,English,USA,PG-13,5.9,30000000.0,22525921.0,-7474079.0,Don Scardino
1459,Cats Don't Dance,1997,75,English,USA,G,6.9,32000000.0,3562749.0,-28437251.0,Mark Dindal
1460,Cradle Will Rock,1999,132,English,USA,R,6.9,32000000.0,2899970.0,-29100030.0,Tim Robbins
1461,The Good German,2006,105,English,USA,R,6.1,32000000.0,1304837.0,-30695163.0,Steven Soderbergh
1462,Apocalypse Now,1979,289,English,USA,R,8.5,31500000.0,78800000.0,47300000.0,Francis Ford Coppola
1463,Going the Distance,2010,102,English,USA,R,6.3,32000000.0,17797316.0,-14202684.0,Nanette Burstein
1464,Mr. Holland's Opus,1995,143,English,USA,PG,7.3,6500000.0,82528097.0,76028097.0,Stephen Herek
1465,Criminal,2016,113,English,UK,R,6.3,31500000.0,14268533.0,-17231467.0,Ariel Vromen
1466,Out of Africa,1985,161,English,USA,PG,7.2,31000000.0,87100000.0,56100000.0,Sydney Pollack
1467,Flight,2012,138,English,USA,R,7.3,31000000.0,93749203.0,62749203.0,Robert Zemeckis
1468,Moonraker,1979,126,English,UK,PG,6.3,34000000.0,62700000.0,28700000.0,Lewis Gilbert
1469,The Grand Budapest Hotel,2014,99,English,USA,R,8.1,25000000.0,59073773.0,34073773.0,Wes Anderson
1470,Hearts in Atlantis,2001,101,English,USA,PG-13,6.9,31000000.0,24185781.0,-6814219.0,Scott Hicks
1471,Arachnophobia,1990,103,English,USA,PG-13,6.3,31000000.0,53133888.0,22133888.0,Frank Marshall
1472,Frequency,2000,118,English,USA,PG-13,7.3,31000000.0,44983704.0,13983704.0,Gregory Hoblit
1473,Vacation,2015,99,English,USA,R,6.1,31000000.0,58879132.0,27879132.0,John Francis Daley
1474,Get Shorty,1995,105,English,USA,R,6.9,30250000.0,72077000.0,41827000.0,Barry Sonnenfeld
1475,Chicago,2002,113,English,USA,PG-13,7.2,45000000.0,170684505.0,125684505.0,Rob Marshall
1476,Big Daddy,1999,93,English,USA,PG-13,6.4,34200000.0,163479795.0,129279795.0,Dennis Dugan
1477,American Pie 2,2001,108,English,USA,R,6.4,30000000.0,145096820.0,115096820.0,J.B. Rogers
1478,Toy Story,1995,74,English,USA,G,8.3,30000000.0,191796233.0,161796233.0,John Lasseter
1479,Speed,1994,116,English,USA,R,7.2,25000000.0,121248145.0,96248145.0,Jan de Bont
1480,The Vow,2012,104,English,USA,PG-13,6.8,30000000.0,125014030.0,95014030.0,Michael Sucsy
1481,Extraordinary Measures,2010,106,English,USA,PG,6.5,31000000.0,11854694.0,-19145306.0,Tom Vaughan
1482,Remember the Titans,2000,120,English,USA,PG,7.8,30000000.0,115648585.0,85648585.0,Boaz Yakin
1483,The Hunt for Red October,1990,135,English,USA,PG,7.6,30000000.0,122012643.0,92012643.0,John McTiernan
1484,Lee Daniels' The Butler,2013,132,English,USA,PG-13,7.2,30000000.0,116631310.0,86631310.0,Lee Daniels
1485,Dodgeball: A True Underdog Story,2004,92,English,USA,PG-13,6.7,20000000.0,114324072.0,94324072.0,Rawson Marshall Thurber
1486,The Addams Family,1991,99,English,USA,PG-13,6.8,38000000.0,113502246.0,75502246.0,Barry Sonnenfeld
1487,Ace Ventura: When Nature Calls,1995,90,English,USA,PG-13,6.3,30000000.0,108360000.0,78360000.0,Steve Oedekerk
1488,The Princess Diaries,2001,111,English,USA,G,6.2,37000000.0,108244774.0,71244774.0,Garry Marshall
1489,The First Wives Club,1996,103,English,USA,PG,6.2,26000000.0,105444419.0,79444419.0,Hugh Wilson
1490,Se7en,1995,127,English,USA,R,8.6,33000000.0,100125340.0,67125340.0,David Fincher
1491,District 9,2009,112,English,South Africa,R,8.0,30000000.0,115646235.0,85646235.0,Neill Blomkamp
1492,The SpongeBob SquarePants Movie,2004,87,English,USA,PG,7.0,30000000.0,85416609.0,55416609.0,Stephen Hillenburg
1493,Mystic River,2003,138,English,USA,R,8.0,25000000.0,90135191.0,65135191.0,Clint Eastwood
1494,Million Dollar Baby,2004,132,English,USA,PG-13,8.1,30000000.0,100422786.0,70422786.0,Clint Eastwood
1495,Analyze This,1999,103,English,USA,R,6.7,30000000.0,106694016.0,76694016.0,Harold Ramis
1496,The Notebook,2004,123,English,USA,PG-13,7.9,29000000.0,64286.0,-28935714.0,Nick Cassavetes
1497,27 Dresses,2008,111,English,USA,PG-13,6.1,30000000.0,76806312.0,46806312.0,Anne Fletcher
1498,Hannah Montana: The Movie,2009,102,English,USA,G,4.2,30000000.0,79566871.0,49566871.0,Peter Chelsom
1499,Rugrats in Paris: The Movie,2000,78,English,Germany,G,6.1,30000000.0,76501438.0,46501438.0,Stig Bergqvist
1500,The Prince of Tides,1991,132,English,USA,R,6.6,30000000.0,74787599.0,44787599.0,Barbra Streisand
1501,Legends of the Fall,1994,133,English,USA,R,7.5,30000000.0,66528842.0,36528842.0,Edward Zwick
1502,Up in the Air,2009,108,English,USA,R,7.4,25000000.0,83813460.0,58813460.0,Jason Reitman
1503,About Schmidt,2002,125,English,USA,R,7.2,30000000.0,65010106.0,35010106.0,Alexander Payne
1504,Warm Bodies,2013,98,English,USA,PG-13,6.9,35000000.0,66359959.0,31359959.0,Jonathan Levine
1505,Looper,2012,119,English,USA,R,7.4,30000000.0,66468315.0,36468315.0,Rian Johnson
1506,Down to Earth,2001,87,English,USA,PG-13,5.4,30000000.0,64172251.0,34172251.0,Chris Weitz
1507,Babe,1995,91,English,Australia,G,6.8,30000000.0,66600000.0,36600000.0,Chris Noonan
1508,Hope Springs,2012,100,English,USA,PG-13,6.3,30000000.0,63536011.0,33536011.0,David Frankel
1509,Forgetting Sarah Marshall,2008,118,English,USA,R,7.2,30000000.0,62877175.0,32877175.0,Nicholas Stoller
1510,Four Brothers,2005,109,English,USA,R,6.9,45000000.0,74484168.0,29484168.0,John Singleton
1511,Baby Mama,2008,99,English,USA,PG-13,6.0,30000000.0,60269340.0,30269340.0,Michael McCullers
1512,Hope Floats,1998,114,English,USA,PG-13,5.9,30000000.0,60033780.0,30033780.0,Forest Whitaker
1513,Bride Wars,2009,89,English,USA,PG,5.4,30000000.0,58715510.0,28715510.0,Gary Winick
1514,Without a Paddle,2004,95,English,USA,PG-13,5.9,19000000.0,58156435.0,39156435.0,Steven Brill
1515,13 Going on 30,2004,98,English,USA,PG-13,6.1,37000000.0,56044241.0,19044241.0,Gary Winick
1516,Midnight in Paris,2011,94,English,Spain,PG-13,7.7,17000000.0,56816662.0,39816662.0,Woody Allen
1517,The Nut Job,2014,85,English,Canada,PG,5.8,42000000.0,64238770.0,22238770.0,Peter Lepeniotis
1518,Blow,2001,124,English,USA,R,7.6,30000000.0,52937130.0,22937130.0,Ted Demme
1519,Message in a Bottle,1999,131,English,USA,PG-13,6.1,55000000.0,52799004.0,-2200996.0,Luis Mandoki
1520,Star Trek V: The Final Frontier,1989,107,English,USA,PG,5.4,27800000.0,55210049.0,27410049.0,William Shatner
1521,Like Mike,2002,99,English,USA,PG,5.1,30000000.0,51432423.0,21432423.0,John Schultz
1522,Naked Gun 33 1/3: The Final Insult,1994,83,English,USA,PG-13,6.4,30000000.0,51109400.0,21109400.0,Peter Segal
1523,A View to a Kill,1985,131,English,UK,PG,6.3,30000000.0,50300000.0,20300000.0,John Glen
1524,The Curse of the Were-Rabbit,2005,85,English,UK,G,7.5,30000000.0,56068547.0,26068547.0,Steve Box
1525,P.S. I Love You,2007,126,English,USA,PG-13,7.1,30000000.0,53680848.0,23680848.0,Richard LaGravenese
1526,Atonement,2007,123,English,UK,R,7.8,30000000.0,50921738.0,20921738.0,Joe Wright
1527,Letters to Juliet,2010,105,English,USA,PG,6.5,30000000.0,53021560.0,23021560.0,Gary Winick
1528,Black Rain,1989,125,English,USA,R,6.6,30000000.0,45645204.0,15645204.0,Ridley Scott
1529,Corpse Bride,2005,77,English,USA,PG,7.4,40000000.0,53337608.0,13337608.0,Tim Burton
1530,Sicario,2015,121,English,USA,R,7.6,30000000.0,46875468.0,16875468.0,Denis Villeneuve
1531,Southpaw,2015,124,English,USA,R,7.5,30000000.0,52418902.0,22418902.0,Antoine Fuqua
1532,Drag Me to Hell,2009,99,English,USA,PG-13,6.6,30000000.0,42057340.0,12057340.0,Sam Raimi
1533,The Age of Adaline,2015,112,English,USA,PG-13,7.2,25000000.0,42478175.0,17478175.0,Lee Toland Krieger
1534,Secondhand Lions,2003,111,English,USA,PG,7.6,30000000.0,41407470.0,11407470.0,Tim McCanlies
1535,Step Up 3D,2010,107,English,USA,PG-13,6.2,30000000.0,42385520.0,12385520.0,Jon M. Chu
1536,Blue Crush,2002,104,English,USA,PG-13,5.6,30000000.0,40118420.0,10118420.0,John Stockwell
1537,Stranger Than Fiction,2006,113,English,USA,PG-13,7.6,38000000.0,40137776.0,2137776.0,Marc Forster
1538,30 Days of Night,2007,113,English,USA,R,6.6,32000000.0,39568996.0,7568996.0,David Slade
1539,The Cabin in the Woods,2012,95,English,USA,R,7.0,30000000.0,42043633.0,12043633.0,Drew Goddard
1540,Meet the Spartans,2008,86,English,USA,PG-13,2.7,30000000.0,38232624.0,8232624.0,Jason Friedberg
1541,Midnight Run,1988,126,English,USA,R,7.6,30000000.0,38413606.0,8413606.0,Martin Brest
1542,The Running Man,1987,101,English,USA,R,6.6,27000000.0,38122105.0,11122105.0,Paul Michael Glaser
1543,Little Shop of Horrors,1986,102,English,USA,PG-13,6.9,25000000.0,38747385.0,13747385.0,Frank Oz
1544,Hanna,2011,111,English,USA,PG-13,6.8,30000000.0,40247512.0,10247512.0,Joe Wright
1545,Mortal Kombat: Annihilation,1997,95,English,USA,PG-13,3.7,30000000.0,35927406.0,5927406.0,John R. Leonetti
1546,Larry Crowne,2011,98,English,USA,PG-13,6.1,30000000.0,35565975.0,5565975.0,Tom Hanks
1547,Carrie,2013,100,English,USA,R,5.9,30000000.0,35266619.0,5266619.0,Kimberly Peirce
1548,Take the Lead,2006,118,English,USA,PG-13,6.7,30000000.0,34703228.0,4703228.0,Liz Friedlander
1549,Gridiron Gang,2006,125,English,USA,PG-13,6.9,30000000.0,38432823.0,8432823.0,Phil Joanou
1550,What's the Worst That Could Happen?,2001,94,English,USA,PG-13,5.5,45000000.0,32095318.0,-12904682.0,Sam Weisman
1551,9,2009,79,English,USA,PG-13,7.1,30000000.0,31743332.0,1743332.0,Shane Acker
1552,Side Effects,2013,106,English,USA,R,7.1,30000000.0,32154410.0,2154410.0,Steven Soderbergh
1553,Winnie the Pooh,2011,63,English,USA,G,7.3,30000000.0,26687172.0,-3312828.0,Stephen J. Anderson
1554,Dumb and Dumberer: When Harry Met Lloyd,2003,85,English,USA,PG-13,3.4,19000000.0,26096584.0,7096584.0,Troy Miller
1555,Bulworth,1998,108,English,USA,R,6.8,30000000.0,26525834.0,-3474166.0,Warren Beatty
1556,Get on Up,2014,139,English,USA,PG-13,6.9,30000000.0,30513940.0,513940.0,Tate Taylor
1557,One True Thing,1998,127,English,USA,R,7.0,30000000.0,23209440.0,-6790560.0,Carl Franklin
1558,Virtuosity,1995,106,English,USA,R,5.5,30000000.0,24048000.0,-5952000.0,Brett Leonard
1559,My Super Ex-Girlfriend,2006,95,English,USA,PG-13,5.1,30000000.0,22526144.0,-7473856.0,Ivan Reitman
1560,Deliver Us from Evil,2014,118,English,USA,R,6.2,30000000.0,30523568.0,523568.0,Scott Derrickson
1561,Sanctum,2011,108,English,USA,R,5.9,30000000.0,23070045.0,-6929955.0,Alister Grierson
1562,Little Black Book,2004,105,English,USA,PG-13,5.2,35000000.0,20422207.0,-14577793.0,Nick Hurran
1563,The Five-Year Engagement,2012,131,English,USA,R,6.2,30000000.0,28644770.0,-1355230.0,Nicholas Stoller
1564,Mr 3000,2004,104,English,USA,PG-13,5.5,30000000.0,21800302.0,-8199698.0,Charles Stone III
1565,The Next Three Days,2010,133,English,USA,PG-13,7.4,35000000.0,21129348.0,-13870652.0,Paul Haggis
1566,Ultraviolet,2006,94,English,USA,PG-13,4.4,30000000.0,18500966.0,-11499034.0,Kurt Wimmer
1567,Assault on Precinct 13,2005,109,English,USA,R,6.3,20000000.0,19976073.0,-23927.0,Jean-François Richet
1568,The Replacement Killers,1998,96,English,USA,R,6.1,30000000.0,18967571.0,-11032429.0,Antoine Fuqua
1569,Fled,1996,105,English,USA,R,5.3,25000000.0,17100000.0,-7900000.0,Kevin Hooks
1570,Eight Legged Freaks,2002,99,English,USA,PG-13,5.4,30000000.0,17266505.0,-12733495.0,Ellory Elkayem
1571,Love & Other Drugs,2010,112,English,USA,R,6.7,30000000.0,32357532.0,2357532.0,Edward Zwick
1572,88 Minutes,2007,108,English,USA,R,5.9,30000000.0,16930884.0,-13069116.0,Jon Avnet
1573,North Country,2005,126,English,USA,R,7.3,35000000.0,18324242.0,-16675758.0,Niki Caro
1574,The Whole Ten Yards,2004,98,English,USA,PG-13,5.5,40000000.0,16323969.0,-23676031.0,Howard Deutch
1575,Splice,2009,104,English,Canada,R,5.8,26000000.0,16999046.0,-9000954.0,Vincenzo Natali
1576,Howard the Duck,1986,110,English,USA,PG,4.6,35000000.0,16295774.0,-18704226.0,Willard Huyck
1577,Pride and Glory,2008,130,English,USA,R,6.7,30000000.0,15709385.0,-14290615.0,Gavin O'Connor
1578,The Cave,2005,93,English,USA,PG-13,5.1,30000000.0,14888028.0,-15111972.0,Bruce Hunt
1579,Alex & Emma,2003,96,English,USA,PG-13,5.6,30000000.0,14208384.0,-15791616.0,Rob Reiner
1580,Wicker Park,2004,114,English,USA,PG-13,7.0,30000000.0,12831121.0,-17168879.0,Paul McGuigan
1581,Fright Night,2011,106,English,USA,R,6.4,30000000.0,18298649.0,-11701351.0,Craig Gillespie
1582,The New World,2005,150,English,USA,PG-13,6.7,30000000.0,12712093.0,-17287907.0,Terrence Malick
1583,Wing Commander,1999,100,English,USA,PG-13,4.1,30000000.0,11576087.0,-18423913.0,Chris Roberts
1584,In Dreams,1999,100,English,USA,R,5.5,30000000.0,11900000.0,-18100000.0,Neil Jordan
1585,Dragonball: Evolution,2009,100,English,USA,PG,2.7,45000000.0,9353573.0,-35646427.0,James Wong
1586,The Last Stand,2013,107,English,USA,R,6.4,45000000.0,12026670.0,-32973330.0,Jee-woon Kim
1587,Godsend,2004,102,English,USA,PG-13,4.8,25000000.0,14334645.0,-10665355.0,Nick Hamm
1588,Chasing Liberty,2004,101,English,USA,PG-13,6.1,23000000.0,12189514.0,-10810486.0,Andy Cadiff
1589,Hoodwinked Too! Hood vs. Evil,2011,86,English,USA,PG,4.8,30000000.0,10134754.0,-19865246.0,Mike Disa
1590,An Unfinished Life,2005,108,English,USA,PG-13,7.0,30000000.0,8535575.0,-21464425.0,Lasse Hallström
1591,The Imaginarium of Doctor Parnassus,2009,123,English,UK,PG-13,6.8,40000000.0,7689458.0,-32310542.0,Terry Gilliam
1592,Runner Runner,2013,88,English,USA,R,5.6,30000000.0,19316646.0,-10683354.0,Brad Furman
1593,Antitrust,2001,109,English,USA,PG-13,6.1,30000000.0,10965209.0,-19034791.0,Peter Howitt
1594,Glory,1989,122,English,USA,R,7.9,18000000.0,26830000.0,8830000.0,Edward Zwick
1595,Once Upon a Time in America,1984,251,English,Italy,R,8.4,30000000.0,5300000.0,-24700000.0,Sergio Leone
1596,Dead Man Down,2013,118,English,USA,R,6.5,30000000.0,10880926.0,-19119074.0,Niels Arden Oplev
1597,The Merchant of Venice,2004,131,English,USA,R,7.1,18000000.0,3752725.0,-14247275.0,Michael Radford
1598,The Good Thief,2002,109,English,France,R,6.6,25000000.0,3517797.0,-21482203.0,Neil Jordan
1599,Miss Potter,2006,88,English,UK,PG,7.0,30000000.0,2975649.0,-27024351.0,Chris Noonan
1600,The Promise,2005,103,Mandarin,China,PG-13,5.6,60000000.0,668171.0,-59331829.0,Kaige Chen
1601,DOA: Dead or Alive,2006,87,English,USA,PG-13,4.8,21000000.0,480314.0,-20519686.0,Corey Yuen
1602,The Assassination of Jesse James by the Coward Robert Ford,2007,160,English,USA,R,7.5,30000000.0,3904982.0,-26095018.0,Andrew Dominik
1603,1911,2011,121,Mandarin,China,R,6.0,18000000.0,127437.0,-17872563.0,Li Zhang
1604,Machine Gun Preacher,2011,129,English,USA,R,6.8,30000000.0,537580.0,-29462420.0,Marc Forster
1605,Pitch Perfect 2,2015,115,English,USA,PG-13,6.5,29000000.0,183436380.0,154436380.0,Elizabeth Banks
1606,Walk the Line,2005,153,English,USA,PG-13,7.9,28000000.0,119518352.0,91518352.0,James Mangold
1607,Keeping the Faith,2000,128,English,USA,PG-13,6.4,30000000.0,37036404.0,7036404.0,Edward Norton
1608,The Borrowers,1997,89,English,UK,PG,5.8,29000000.0,22359293.0,-6640707.0,Peter Hewitt
1609,Frost/Nixon,2008,122,English,USA,R,7.7,35000000.0,18593156.0,-16406844.0,Ron Howard
1610,Serving Sara,2002,99,English,Germany,PG-13,5.3,29000000.0,16930185.0,-12069815.0,Reginald Hudlin
1611,The Boss,2016,99,English,USA,R,5.3,29000000.0,63034755.0,34034755.0,Ben Falcone
1612,Cry Freedom,1987,147,English,UK,PG,7.5,29000000.0,5899797.0,-23100203.0,Richard Attenborough
1613,Mumford,1999,112,English,USA,R,6.9,28000000.0,4554569.0,-23445431.0,Lawrence Kasdan
1614,Seed of Chucky,2004,88,English,Romania,R,4.9,12000000.0,17016190.0,5016190.0,Don Mancini
1615,The Jacket,2005,94,English,USA,R,7.1,29000000.0,6301131.0,-22698869.0,John Maybury
1616,Aladdin,1992,90,English,USA,G,8.0,28000000.0,217350219.0,189350219.0,Ron Clements
1617,Straight Outta Compton,2015,167,English,USA,R,7.9,28000000.0,161029270.0,133029270.0,F. Gary Gray
1618,Indiana Jones and the Temple of Doom,1984,118,English,USA,PG,7.6,28000000.0,179870271.0,151870271.0,Steven Spielberg
1619,The Rugrats Movie,1998,83,English,USA,G,5.9,24000000.0,100491683.0,76491683.0,Igor Kovalyov
1620,Along Came a Spider,2001,104,English,USA,R,6.3,60000000.0,74058698.0,14058698.0,Lee Tamahori
1621,Once Upon a Time in Mexico,2003,102,English,USA,R,6.4,29000000.0,55845943.0,26845943.0,Robert Rodriguez
1622,Die Hard,1988,131,English,USA,R,8.2,28000000.0,81350242.0,53350242.0,John McTiernan
1623,Role Models,2008,101,English,Germany,R,6.9,28000000.0,67266300.0,39266300.0,David Wain
1624,The Big Short,2015,130,English,USA,R,7.8,28000000.0,70235322.0,42235322.0,Adam McKay
1625,Taking Woodstock,2009,120,English,USA,R,6.7,30000000.0,7443007.0,-22556993.0,Ang Lee
1626,Miracle,2004,135,English,USA,PG,7.5,28000000.0,64371181.0,36371181.0,Gavin O'Connor
1627,Dawn of the Dead,2004,110,English,USA,R,7.4,26000000.0,58885635.0,32885635.0,Zack Snyder
1628,The Wedding Planner,2001,103,English,Germany,PG-13,5.2,35000000.0,60400856.0,25400856.0,Adam Shankman
1629,The Royal Tenenbaums,2001,110,English,USA,R,7.6,21000000.0,52353636.0,31353636.0,Wes Anderson
1630,Identity,2003,91,English,USA,R,7.3,30000000.0,51475962.0,21475962.0,James Mangold
1631,Last Vegas,2013,105,English,USA,PG-13,6.6,28000000.0,63910583.0,35910583.0,Jon Turteltaub
1632,For Your Eyes Only,1981,127,English,UK,PG,6.8,28000000.0,62300000.0,34300000.0,John Glen
1633,Serendipity,2001,82,English,USA,PG-13,6.9,28000000.0,49968653.0,21968653.0,Peter Chelsom
1634,Timecop,1994,99,English,Canada,R,5.8,27000000.0,44450000.0,17450000.0,Peter Hyams
1635,Zoolander,2001,90,English,Germany,PG-13,6.6,28000000.0,45162741.0,17162741.0,Ben Stiller
1636,Safe Haven,2013,115,English,USA,PG-13,6.7,28000000.0,71346930.0,43346930.0,Lasse Hallström
1637,Hocus Pocus,1993,96,English,USA,PG,6.7,28000000.0,39514713.0,11514713.0,Kenny Ortega
1638,No Reservations,2007,104,English,USA,PG,6.3,28000000.0,43097652.0,15097652.0,Scott Hicks
1639,Kick-Ass,2010,117,English,UK,R,7.7,30000000.0,48043505.0,18043505.0,Matthew Vaughn
1640,30 Minutes or Less,2011,83,English,Germany,R,6.1,28000000.0,37053924.0,9053924.0,Ruben Fleischer
1641,Dracula 2000,2000,99,English,USA,R,4.9,28000000.0,33000377.0,5000377.0,Patrick Lussier
1642,"Alexander and the Terrible, Horrible, No Good, Very Bad Day",2014,81,English,USA,PG,6.2,28000000.0,66950483.0,38950483.0,Miguel Arteta
1643,Pride & Prejudice,2005,135,English,France,PG,7.8,28000000.0,38372662.0,10372662.0,Joe Wright
1644,Blade Runner,1982,117,English,USA,R,8.2,28000000.0,27000000.0,-1000000.0,Ridley Scott
1645,Rob Roy,1995,139,English,USA,R,6.9,28000000.0,31600000.0,3600000.0,Michael Caton-Jones
1646,3 Days to Kill,2014,123,English,USA,PG-13,6.2,28000000.0,30688364.0,2688364.0,McG
1647,We Own the Night,2007,117,English,USA,R,6.9,21000000.0,28563179.0,7563179.0,James Gray
1648,Lost Souls,2000,97,English,USA,R,4.8,28000000.0,16779636.0,-11220364.0,Janusz Kaminski
1649,Just My Luck,2006,103,English,USA,PG-13,5.3,28000000.0,17324744.0,-10675256.0,Donald Petrie
1650,"Mystery, Alaska",1999,119,English,Canada,R,6.7,28000000.0,8888143.0,-19111857.0,Jay Roach
1651,The Spy Next Door,2010,94,English,USA,PG,5.4,28000000.0,24268828.0,-3731172.0,Brian Levant
1652,A Simple Wish,1997,89,English,USA,PG,5.4,28000000.0,8119205.0,-19880795.0,Michael Ritchie
1653,Ghosts of Mars,2001,98,English,USA,R,4.9,28000000.0,8434601.0,-19565399.0,John Carpenter
1654,Our Brand Is Crisis,2015,107,English,USA,R,6.1,28000000.0,6998324.0,-21001676.0,David Gordon Green
1655,Pride and Prejudice and Zombies,2016,108,English,USA,PG-13,5.8,28000000.0,10907291.0,-17092709.0,Burr Steers
1656,Kundun,1997,134,English,USA,PG-13,7.0,28000000.0,5532301.0,-22467699.0,Martin Scorsese
1657,How to Lose Friends & Alienate People,2008,110,English,UK,R,6.5,27000000.0,2775593.0,-24224407.0,Robert B. Weide
1658,Kick-Ass 2,2013,103,English,USA,R,6.6,28000000.0,28751715.0,751715.0,Jeff Wadlow
1659,Brick Mansions,2014,100,English,France,PG-13,5.7,28000000.0,20285518.0,-7714482.0,Camille Delamarre
1660,Octopussy,1983,131,English,UK,PG,6.6,27500000.0,67900000.0,40400000.0,John Glen
1661,Knocked Up,2007,133,English,USA,R,7.0,30000000.0,148734225.0,118734225.0,Judd Apatow
1662,My Sister's Keeper,2009,109,English,USA,PG-13,7.4,30000000.0,49185998.0,19185998.0,Nick Cassavetes
1663,"Welcome Home, Roscoe Jenkins",2008,114,English,USA,PG-13,5.3,35000000.0,42168445.0,7168445.0,Malcolm D. Lee
1664,A Passage to India,1984,164,English,UK,PG,7.4,16000000.0,26400000.0,10400000.0,David Lean
1665,Notes on a Scandal,2006,92,English,UK,R,7.4,15000000.0,17508670.0,2508670.0,Richard Eyre
1666,Rendition,2007,122,English,USA,R,6.8,27500000.0,9664316.0,-17835684.0,Gavin Hood
1667,Star Trek VI: The Undiscovered Country,1991,110,English,USA,PG,7.2,30000000.0,74888996.0,44888996.0,Nicholas Meyer
1668,Divine Secrets of the Ya-Ya Sisterhood,2002,116,English,USA,PG-13,6.0,27000000.0,69586544.0,42586544.0,Callie Khouri
1669,Kiss the Girls,1997,115,English,USA,R,6.6,27000000.0,60491560.0,33491560.0,Gary Fleder
1670,The Blues Brothers,1980,148,English,USA,R,7.9,27000000.0,54200000.0,27200000.0,John Landis
1671,Joyful Noise,2012,118,English,USA,PG-13,5.7,25000000.0,30920167.0,5920167.0,Todd Graff
1672,About a Boy,2002,101,English,UK,PG-13,7.1,30000000.0,40566655.0,10566655.0,Chris Weitz
1673,Lake Placid,1999,82,English,USA,R,5.6,27000000.0,31768374.0,4768374.0,Steve Miner
1674,Lucky Number Slevin,2006,110,English,Germany,R,7.8,27000000.0,22494487.0,-4505513.0,Paul McGuigan
1675,The Right Stuff,1983,193,English,USA,PG,7.9,27000000.0,21500000.0,-5500000.0,Philip Kaufman
1676,Anonymous,2011,130,English,UK,PG-13,6.9,30000000.0,4463292.0,-25536708.0,Roland Emmerich
1677,Dark City,1998,111,English,Australia,R,7.7,27000000.0,14337579.0,-12662421.0,Alex Proyas
1678,The Duchess,2008,110,English,UK,PG-13,6.9,13500000.0,13823741.0,323741.0,Saul Dibb
1679,The Newton Boys,1998,123,English,USA,PG-13,6.0,27000000.0,10297897.0,-16702103.0,Richard Linklater
1680,Case 39,2009,109,English,USA,R,6.2,27000000.0,13248477.0,-13751523.0,Christian Alvart
1681,Suspect Zero,2004,99,English,USA,R,5.9,27000000.0,8712564.0,-18287436.0,E. Elias Merhige
1682,Martian Child,2007,106,English,USA,PG,6.8,27000000.0,7486906.0,-19513094.0,Menno Meyjes
1683,Spy Kids: All the Time in the World in 4D,2011,89,English,USA,PG,3.6,27000000.0,38536376.0,11536376.0,Robert Rodriguez
1684,Money Monster,2016,98,English,USA,R,6.7,27000000.0,41008532.0,14008532.0,Jodie Foster
1685,Formula 51,2001,93,English,UK,R,6.3,28000000.0,5204007.0,-22795993.0,Ronny Yu
1686,Flawless,1999,112,English,USA,R,6.4,15000000.0,4485485.0,-10514515.0,Joel Schumacher
1687,Mindhunters,2004,101,English,USA,R,6.4,27000000.0,4476235.0,-22523765.0,Renny Harlin
1688,What Just Happened,2008,104,English,USA,R,5.7,25000000.0,1089365.0,-23910635.0,Barry Levinson
1689,The Statement,2003,120,English,Canada,R,6.2,23000000.0,763044.0,-22236956.0,Norman Jewison
1690,Paul Blart: Mall Cop,2009,91,English,USA,PG,5.2,26000000.0,20819129.0,-5180871.0,Steve Carr
1691,Freaky Friday,2003,97,English,USA,PG,6.1,26000000.0,110222438.0,84222438.0,Mark Waters
1692,The 40-Year-Old Virgin,2005,133,English,USA,R,7.1,26000000.0,109243478.0,83243478.0,Judd Apatow
1693,Shakespeare in Love,1998,123,English,USA,R,7.2,25000000.0,100241322.0,75241322.0,John Madden
1694,A Walk Among the Tombstones,2014,114,English,USA,R,6.5,28000000.0,25977365.0,-2022635.0,Scott Frank
1695,Kindergarten Cop,1990,111,English,USA,PG-13,6.0,26000000.0,91457688.0,65457688.0,Ivan Reitman
1696,Pineapple Express,2008,117,English,USA,R,7.0,27000000.0,87341380.0,60341380.0,David Gordon Green
1697,Ever After: A Cinderella Story,1998,121,English,USA,PG-13,7.0,26000000.0,65703412.0,39703412.0,Andy Tennant
1698,Open Range,2003,139,English,USA,R,7.5,22000000.0,58328680.0,36328680.0,Kevin Costner
1699,Flatliners,1990,115,English,USA,R,6.6,26000000.0,61490000.0,35490000.0,Joel Schumacher
1700,A Bridge Too Far,1977,175,English,USA,PG,7.4,26000000.0,50800000.0,24800000.0,Richard Attenborough
1701,Red Eye,2005,85,English,USA,PG-13,6.5,26000000.0,57859105.0,31859105.0,Wes Craven
1702,Final Destination 2,2003,90,English,USA,R,6.2,26000000.0,46455802.0,20455802.0,David R. Ellis
1703,"O Brother, Where Art Thou?",2000,107,English,UK,PG-13,7.8,26000000.0,45506619.0,19506619.0,Joel Coen
1704,Legion,2010,100,English,USA,R,5.2,26000000.0,40168080.0,14168080.0,Scott Stewart
1705,Pain & Gain,2013,129,English,USA,R,6.5,26000000.0,49874933.0,23874933.0,Michael Bay
1706,In Good Company,2004,109,English,USA,PG-13,6.5,26000000.0,45489752.0,19489752.0,Paul Weitz
1707,Clockstoppers,2002,94,English,USA,PG,5.2,26000000.0,36985501.0,10985501.0,Jonathan Frakes
1708,Silverado,1985,133,English,USA,PG-13,7.2,26000000.0,33200000.0,7200000.0,Lawrence Kasdan
1709,Brothers,2009,105,English,USA,R,7.1,26000000.0,28501651.0,2501651.0,Jim Sheridan
1710,Agent Cody Banks 2: Destination London,2004,100,English,USA,PG,4.5,26000000.0,23222861.0,-2777139.0,Kevin Allen
1711,New Year's Eve,2011,113,English,USA,PG-13,5.7,56000000.0,54540525.0,-1459475.0,Garry Marshall
1712,Original Sin,2001,118,English,France,R,6.0,42000000.0,16252765.0,-25747235.0,Michael Cristofer
1713,The Raven,2012,110,English,USA,R,6.4,26000000.0,16005978.0,-9994022.0,James McTeigue
1714,Welcome to Mooseport,2004,110,English,USA,PG-13,5.2,26000000.0,14469428.0,-11530572.0,Donald Petrie
1715,Highlander: The Final Dimension,1994,99,English,Canada,PG-13,4.3,26000000.0,13829734.0,-12170266.0,Andrew Morahan
1716,Blood and Wine,1996,101,English,USA,R,6.1,22000000.0,1075288.0,-20924712.0,Bob Rafelson
1717,The Curse of the Jade Scorpion,2001,103,English,USA,PG-13,6.8,26000000.0,7496522.0,-18503478.0,Woody Allen
1718,Flipper,1996,95,English,USA,PG,5.2,25530000.0,20047715.0,-5482285.0,Alan Shapiro
1719,Self/less,2015,117,English,USA,PG-13,6.5,26000000.0,12276810.0,-13723190.0,Tarsem Singh
1720,The Constant Gardener,2005,129,English,UK,R,7.5,15000000.0,33565375.0,18565375.0,Fernando Meirelles
1721,The Passion of the Christ,2004,120,Aramaic,USA,R,7.1,30000000.0,499263.0,-29500737.0,Mel Gibson
1722,Mrs. Doubtfire,1993,125,English,USA,PG-13,6.9,25000000.0,219200000.0,194200000.0,Chris Columbus
1723,Rain Man,1988,133,English,USA,R,8.0,25000000.0,172825435.0,147825435.0,Barry Levinson
1724,Gran Torino,2008,116,English,USA,R,8.2,33000000.0,148085755.0,115085755.0,Clint Eastwood
1725,W.,2008,129,English,USA,PG-13,6.4,25100000.0,25517500.0,417500.0,Oliver Stone
1726,Taken,2008,93,English,France,PG-13,7.9,25000000.0,145000989.0,120000989.0,Pierre Morel
1727,The Best of Me,2014,118,English,USA,PG-13,6.7,26000000.0,26761283.0,761283.0,Michael Hoffman
1728,The Bodyguard,1992,129,English,USA,R,6.1,25000000.0,121945720.0,96945720.0,Mick Jackson
1729,Schindler's List,1993,185,English,USA,R,8.9,22000000.0,96067179.0,74067179.0,Steven Spielberg
1730,The Help,2011,146,English,USA,PG-13,8.1,25000000.0,169705587.0,144705587.0,Tate Taylor
1731,The Fifth Estate,2013,128,English,USA,R,6.2,28000000.0,3254172.0,-24745828.0,Bill Condon
1732,Scooby-Doo 2: Monsters Unleashed,2004,93,English,USA,PG,4.9,80000000.0,84185387.0,4185387.0,Raja Gosnell
1733,Freddy vs. Jason,2003,97,English,USA,R,5.8,30000000.0,82163317.0,52163317.0,Ronny Yu
1734,Jimmy Neutron: Boy Genius,2001,82,English,USA,G,6.0,30000000.0,80920948.0,50920948.0,John A. Davis
1735,Cloverfield,2008,85,English,USA,PG-13,7.0,25000000.0,80034302.0,55034302.0,Matt Reeves
1736,Teenage Mutant Ninja Turtles II: The Secret of the Ooze,1991,88,English,USA,PG,6.0,25000000.0,78656813.0,53656813.0,Michael Pressman
1737,The Untouchables,1987,119,English,USA,R,7.9,25000000.0,76270454.0,51270454.0,Brian De Palma
1738,No Country for Old Men,2007,122,English,USA,R,8.1,25000000.0,74273505.0,49273505.0,Ethan Coen
1739,Ride Along,2014,99,English,USA,PG-13,6.2,25000000.0,134141530.0,109141530.0,Tim Story
1740,Bridget Jones's Diary,2001,97,English,UK,R,6.7,26000000.0,71500556.0,45500556.0,Sharon Maguire
1741,Chocolat,2000,121,English,UK,PG-13,7.3,25000000.0,71309760.0,46309760.0,Lasse Hallström
1742,"Legally Blonde 2: Red, White & Blonde",2003,95,English,USA,PG-13,4.6,45000000.0,89808372.0,44808372.0,Charles Herman-Wurmfeld
1743,Parental Guidance,2012,105,English,USA,PG,6.1,25000000.0,77264926.0,52264926.0,Andy Fickman
1744,No Strings Attached,2011,108,English,USA,R,6.2,25000000.0,70625986.0,45625986.0,Ivan Reitman
1745,Tombstone,1993,134,English,USA,R,7.8,25000000.0,56505065.0,31505065.0,George P. Cosmatos
1746,Romeo Must Die,2000,115,English,USA,R,6.1,25000000.0,55973336.0,30973336.0,Andrzej Bartkowiak
1747,Final Destination 3,2006,86,English,Germany,R,5.8,25000000.0,54098051.0,29098051.0,James Wong
1748,The Lucky One,2012,101,English,USA,PG-13,6.5,25000000.0,60443237.0,35443237.0,Scott Hicks
1749,Bridge to Terabithia,2007,96,English,USA,PG,7.2,17000000.0,82234139.0,65234139.0,Gabor Csupo
1750,Finding Neverland,2004,101,English,USA,PG,7.8,25000000.0,51676606.0,26676606.0,Marc Forster
1751,A Madea Christmas,2013,100,English,USA,PG-13,4.7,25000000.0,52528330.0,27528330.0,Tyler Perry
1752,The Grey,2011,117,English,USA,R,6.8,25000000.0,51533608.0,26533608.0,Joe Carnahan
1753,Hide and Seek,2005,101,English,USA,R,5.9,30000000.0,51097664.0,21097664.0,John Polson
1754,Anchorman: The Legend of Ron Burgundy,2004,98,English,USA,PG-13,7.2,26000000.0,84136909.0,58136909.0,Adam McKay
1755,Goodfellas,1990,146,English,USA,R,8.7,25000000.0,46836394.0,21836394.0,Martin Scorsese
1756,Agent Cody Banks,2003,102,English,USA,PG,5.0,26000000.0,47285499.0,21285499.0,Harald Zwart
1757,Nanny McPhee,2005,97,English,USA,PG,6.6,25000000.0,47124400.0,22124400.0,Kirk Jones
1758,Scarface,1983,142,English,USA,R,8.3,25000000.0,44700000.0,19700000.0,Brian De Palma
1759,Nothing to Lose,1997,98,English,USA,R,6.7,25000000.0,44455658.0,19455658.0,Steve Oedekerk
1760,The Last Emperor,1987,219,English,China,PG-13,7.8,23000000.0,43984230.0,20984230.0,Bernardo Bertolucci
1761,Contraband,2012,109,English,USA,R,6.5,25000000.0,66489425.0,41489425.0,Baltasar Kormákur
1762,Money Talks,1997,97,English,USA,R,6.1,25000000.0,41067398.0,16067398.0,Brett Ratner
1763,There Will Be Blood,2007,158,English,USA,R,8.1,25000000.0,40218903.0,15218903.0,Paul Thomas Anderson
1764,The Wild Thornberrys Movie,2002,85,English,USA,PG,5.2,25000000.0,39880476.0,14880476.0,Cathy Malkasian
1765,Rugrats Go Wild,2003,80,English,USA,PG,5.6,25000000.0,39399750.0,14399750.0,John Eng
1766,Undercover Brother,2002,86,English,USA,PG-13,5.8,25000000.0,38230435.0,13230435.0,Malcolm D. Lee
1767,The Sisterhood of the Traveling Pants,2005,119,English,USA,PG,6.6,25000000.0,39008741.0,14008741.0,Ken Kwapis
1768,Kiss of the Dragon,2001,98,English,France,R,6.6,25000000.0,36833473.0,11833473.0,Chris Nahon
1769,The House Bunny,2008,97,English,USA,PG-13,5.5,25000000.0,48237389.0,23237389.0,Fred Wolf
1770,Million Dollar Arm,2014,124,English,USA,PG,7.0,25000000.0,36447959.0,11447959.0,Craig Gillespie
1771,The Giver,2014,97,English,South Africa,PG-13,6.5,25000000.0,45089048.0,20089048.0,Phillip Noyce
1772,What a Girl Wants,2003,105,English,USA,PG,5.8,20000000.0,35990505.0,15990505.0,Dennie Gordon
1773,Jeepers Creepers II,2003,104,English,USA,R,5.6,17000000.0,35143332.0,18143332.0,Victor Salva
1774,Good Luck Chuck,2007,101,English,USA,R,5.6,25000000.0,35000629.0,10000629.0,Mark Helfrich
1775,Cradle 2 the Grave,2003,101,English,USA,R,5.8,30000000.0,34604054.0,4604054.0,Andrzej Bartkowiak
1776,The Hours,2002,114,English,USA,PG-13,7.6,25000000.0,41597830.0,16597830.0,Stephen Daldry
1777,She's the Man,2006,105,English,USA,PG-13,6.4,20000000.0,33687630.0,13687630.0,Andy Fickman
1778,Mr. Bean's Holiday,2007,90,English,UK,PG,6.3,25000000.0,32553210.0,7553210.0,Steve Bendelack
1779,Anacondas: The Hunt for the Blood Orchid,2004,97,English,USA,PG-13,4.6,25000000.0,31526393.0,6526393.0,Dwight H. Little
1780,Blood Ties,2013,144,English,France,R,6.5,25500000.0,41229.0,-25458771.0,Guillaume Canet
1781,August Rush,2007,114,English,USA,PG,7.5,30000000.0,31655091.0,1655091.0,Kirsten Sheridan
1782,Elizabeth,1998,124,English,UK,R,7.5,25000000.0,30012990.0,5012990.0,Shekhar Kapur
1783,Bride of Chucky,1998,89,English,Canada,R,5.3,25000000.0,32368960.0,7368960.0,Ronny Yu
1784,Tora! Tora! Tora!,1970,160,English,Japan,G,7.5,25000000.0,14500000.0,-10500000.0,Richard Fleischer
1785,Spice World,1997,93,English,UK,PG,3.3,25000000.0,29247405.0,4247405.0,Bob Spiers
1786,Dance Flick,2009,88,English,USA,PG-13,3.5,25000000.0,25615792.0,615792.0,Damien Dante Wayans
1787,The Shawshank Redemption,1994,142,English,USA,R,9.3,25000000.0,28341469.0,3341469.0,Frank Darabont
1788,Crocodile Dundee in Los Angeles,2001,92,English,Australia,PG,4.8,21150000.0,25590119.0,4440119.0,Simon Wincer
1789,Kingpin,1996,117,English,USA,PG-13,6.9,27000000.0,24944213.0,-2055787.0,Bobby Farrelly
1790,The Gambler,2014,111,English,USA,R,6.0,25000000.0,33631221.0,8631221.0,Rupert Wyatt
1791,August: Osage County,2013,121,English,USA,R,7.3,25000000.0,37738400.0,12738400.0,John Wells
1792,A Lot Like Love,2005,107,English,USA,PG-13,6.6,30000000.0,21835784.0,-8164216.0,Nigel Cole
1793,Eddie the Eagle,2016,106,English,UK,PG-13,7.5,23000000.0,15785632.0,-7214368.0,Dexter Fletcher
1794,He Got Game,1998,136,English,USA,R,6.9,25000000.0,21554585.0,-3445415.0,Spike Lee
1795,Don Juan DeMarco,1994,97,English,USA,PG-13,6.8,25000000.0,22200000.0,-2800000.0,Jeremy Leven
1796,The Losers,2010,97,English,USA,PG-13,6.4,25000000.0,23527955.0,-1472045.0,Sylvain White
1797,Don't Be Afraid of the Dark,2010,99,English,USA,R,5.6,25000000.0,24042490.0,-957510.0,Troy Nixey
1798,War,2007,103,English,USA,R,6.3,25000000.0,22466994.0,-2533006.0,Philip G. Atwell
1799,Punch-Drunk Love,2002,95,English,USA,R,7.3,25000000.0,17791031.0,-7208969.0,Paul Thomas Anderson
1800,EuroTrip,2004,93,English,USA,R,6.6,25000000.0,17718223.0,-7281777.0,Jeff Schaffer
1801,Half Past Dead,2002,98,English,Germany,PG-13,4.6,13000000.0,15361537.0,2361537.0,Don Michael Paul
1802,Unaccompanied Minors,2006,90,English,USA,PG,5.1,26000000.0,16647384.0,-9352616.0,Paul Feig
1803,"Bright Lights, Big City",1988,107,English,USA,R,5.6,25000000.0,16118077.0,-8881923.0,James Bridges
1804,The Adventures of Pinocchio,1996,90,Italian,UK,G,5.3,25000000.0,15091542.0,-9908458.0,Steve Barron
1805,The Box,2009,115,English,USA,PG-13,5.6,16000000.0,15045676.0,-954324.0,Richard Kelly
1806,The Ruins,2008,93,English,USA,R,5.9,8000000.0,17427926.0,9427926.0,Carter Smith
1807,The Next Best Thing,2000,99,English,USA,PG-13,4.7,25000000.0,14983572.0,-10016428.0,John Schlesinger
1808,My Soul to Take,2010,107,English,USA,R,4.8,25000000.0,14637490.0,-10362510.0,Wes Craven
1809,The Girl Next Door,2004,110,English,USA,R,6.8,25000000.0,14589444.0,-10410556.0,Luke Greenfield
1810,Maximum Risk,1996,101,English,USA,R,5.4,25000000.0,14095303.0,-10904697.0,Ringo Lam
1811,Stealing Harvard,2002,85,English,USA,PG-13,5.1,25000000.0,13973532.0,-11026468.0,Bruce McCulloch
1812,Legend,2015,132,English,UK,R,7.0,30000000.0,1865774.0,-28134226.0,Brian Helgeland
1813,Shark Night 3D,2011,90,English,USA,PG-13,4.0,25000000.0,18860403.0,-6139597.0,David R. Ellis
1814,Angela's Ashes,1999,145,English,USA,R,7.3,25000000.0,13038660.0,-11961340.0,Alan Parker
1815,Draft Day,2014,110,English,USA,R,6.8,25000000.0,28831145.0,3831145.0,Ivan Reitman
1816,The Conspirator,2010,122,English,USA,PG-13,7.0,25000000.0,11538204.0,-13461796.0,Robert Redford
1817,Lords of Dogtown,2005,107,English,USA,PG-13,7.1,25000000.0,11008432.0,-13991568.0,Catherine Hardwicke
1818,The 33,2015,127,English,Chile,PG-13,6.9,26000000.0,12188642.0,-13811358.0,Patricia Riggen
1819,Big Trouble in Little China,1986,99,English,USA,PG-13,7.3,25000000.0,11100000.0,-13900000.0,John Carpenter
1820,Warrior,2011,140,English,USA,PG-13,8.2,25000000.0,13651662.0,-11348338.0,Gavin O'Connor
1821,Michael Collins,1996,133,English,UK,R,7.1,28000000.0,11030963.0,-16969037.0,Neil Jordan
1822,Gettysburg,1993,271,English,USA,PG,7.7,25000000.0,10769960.0,-14230040.0,Ron Maxwell
1823,Stop-Loss,2008,112,English,USA,R,6.5,25000000.0,10911750.0,-14088250.0,Kimberly Peirce
1824,Abandon,2002,99,English,USA,PG-13,4.9,25000000.0,10719367.0,-14280633.0,Stephen Gaghan
1825,Brokedown Palace,1999,100,English,USA,PG-13,6.4,25000000.0,10114315.0,-14885685.0,Jonathan Kaplan
1826,The Possession,2012,92,English,USA,PG-13,5.9,14000000.0,49122319.0,35122319.0,Ole Bornedal
1827,Mrs. Winterbourne,1996,105,English,USA,PG-13,6.2,25000000.0,10070000.0,-14930000.0,Richard Benjamin
1828,Straw Dogs,2011,110,English,USA,R,5.8,25000000.0,10324441.0,-14675559.0,Rod Lurie
1829,The Hoax,2006,116,English,USA,R,6.7,25000000.0,7156933.0,-17843067.0,Lasse Hallström
1830,Stone Cold,1991,88,English,USA,R,5.9,17000000.0,9286314.0,-7713686.0,Craig R. Baxley
1831,The Road,2009,111,English,USA,R,7.3,25000000.0,56692.0,-24943308.0,John Hillcoat
1832,Underclassman,2005,95,English,USA,PG-13,4.1,25000000.0,5654777.0,-19345223.0,Marcos Siega
1833,Say It Isn't So,2001,95,English,USA,R,4.9,25000000.0,5516708.0,-19483292.0,J.B. Rogers
1834,The World's Fastest Indian,2005,127,English,New Zealand,PG-13,7.9,25000000.0,5128124.0,-19871876.0,Roger Donaldson
1835,Tank Girl,1995,104,English,USA,R,5.2,25000000.0,4064333.0,-20935667.0,Rachel Talalay
1836,King's Ransom,2005,95,English,USA,PG-13,4.1,15000000.0,4006906.0,-10993094.0,Jeffrey W. Byrd
1837,Blindness,2008,121,English,Canada,R,6.6,25000000.0,3073392.0,-21926608.0,Fernando Meirelles
1838,BloodRayne,2005,92,English,USA,R,2.9,25000000.0,1550000.0,-23450000.0,Uwe Boll
1839,Where the Truth Lies,2005,107,English,Canada,R,6.5,25000000.0,871527.0,-24128473.0,Atom Egoyan
1840,Without Limits,1998,117,English,USA,PG-13,7.2,25000000.0,777423.0,-24222577.0,Robert Towne
1841,Me and Orson Welles,2008,107,English,UK,PG-13,6.8,25000000.0,1186957.0,-23813043.0,Richard Linklater
1842,The Best Offer,2013,131,English,Italy,R,7.8,13500000.0,85433.0,-13414567.0,Giuseppe Tornatore
1843,Bad Lieutenant: Port of Call New Orleans,2009,122,English,USA,R,6.7,20000000.0,1697956.0,-18302044.0,Werner Herzog
1844,Little White Lies,2010,134,French,France,Not Rated,7.1,25000000.0,183662.0,-24816338.0,Guillaume Canet
1845,Love Ranch,2010,117,English,USA,R,5.7,25000000.0,134904.0,-24865096.0,Taylor Hackford
1846,The Counselor,2013,138,English,USA,R,5.3,25000000.0,16969390.0,-8030610.0,Ridley Scott
1847,Dangerous Liaisons,1988,119,English,USA,R,7.7,14000000.0,34700000.0,20700000.0,Stephen Frears
1848,On the Road,2012,137,English,France,R,6.1,25000000.0,717753.0,-24282247.0,Walter Salles
1849,Star Trek IV: The Voyage Home,1986,119,English,USA,PG,7.3,25000000.0,109713132.0,84713132.0,Leonard Nimoy
1850,Rocky Balboa,2006,139,English,USA,PG,7.2,24000000.0,70269171.0,46269171.0,Sylvester Stallone
1851,Scream 2,1997,120,English,USA,R,6.1,24000000.0,101334374.0,77334374.0,Wes Craven
1852,Jane Got a Gun,2016,98,English,USA,R,5.8,25000000.0,1512815.0,-23487185.0,Gavin O'Connor
1853,Think Like a Man Too,2014,106,English,USA,PG-13,5.7,24000000.0,65182182.0,41182182.0,Tim Story
1854,The Whole Nine Yards,2000,98,English,USA,R,6.7,24000000.0,57262492.0,33262492.0,Jonathan Lynn
1855,Footloose,1984,107,English,USA,PG,6.5,8200000.0,80000000.0,71800000.0,Herbert Ross
1856,Old School,2003,88,English,USA,R,7.2,24000000.0,74608545.0,50608545.0,Todd Phillips
1857,The Fisher King,1991,137,English,USA,R,7.6,24000000.0,41895491.0,17895491.0,Terry Gilliam
1858,I Still Know What You Did Last Summer,1998,100,English,USA,R,4.6,24000000.0,39989008.0,15989008.0,Danny Cannon
1859,Return to Me,2000,115,English,USA,PG,6.9,24000000.0,32662299.0,8662299.0,Bonnie Hunt
1860,Zack and Miri Make a Porno,2008,101,English,USA,R,6.6,24000000.0,31452765.0,7452765.0,Kevin Smith
1861,Nurse Betty,2000,110,English,Germany,R,6.3,24000000.0,25167270.0,1167270.0,Neil LaBute
1862,The Men Who Stare at Goats,2009,94,English,USA,R,6.2,25000000.0,32416109.0,7416109.0,Grant Heslov
1863,Double Take,2001,88,English,USA,PG-13,5.3,24000000.0,20218.0,-23979782.0,George Gallo
1864,"Girl, Interrupted",1999,127,English,USA,R,7.3,24000000.0,28871190.0,4871190.0,James Mangold
1865,Win a Date with Tad Hamilton!,2004,95,English,USA,PG-13,5.6,24000000.0,16964743.0,-7035257.0,Robert Luketic
1866,Muppets from Space,1999,87,English,USA,G,6.2,24000000.0,16290976.0,-7709024.0,Tim Hill
1867,The Wiz,1978,118,English,USA,G,5.2,24000000.0,13000000.0,-11000000.0,Sidney Lumet
1868,Ready to Rumble,2000,107,English,USA,PG-13,5.3,24000000.0,12372410.0,-11627590.0,Brian Robbins
1869,Play It to the Bone,1999,124,English,USA,R,5.4,24000000.0,8427204.0,-15572796.0,Ron Shelton
1870,I Don't Know How She Does It,2011,89,English,USA,PG-13,4.9,24000000.0,9639242.0,-14360758.0,Douglas McGrath
1871,Piranha 3D,2010,88,English,USA,R,5.5,24000000.0,25003072.0,1003072.0,Alexandre Aja
1872,Beyond the Sea,2004,118,English,USA,PG-13,6.7,23000000.0,6144806.0,-16855194.0,Kevin Spacey
1873,The Princess and the Cobbler,1993,80,English,UK,G,7.2,28000000.0,669276.0,-27330724.0,Richard Williams
1874,The Bridge of San Luis Rey,2004,120,English,UK,PG,5.1,24000000.0,42880.0,-23957120.0,Mary McGuckian
1875,Faster,2010,98,English,USA,R,6.5,24000000.0,23225911.0,-774089.0,George Tillman Jr.
1876,Howl's Moving Castle,2004,119,Japanese,Japan,PG,8.2,24000000.0,4710455.0,-19289545.0,Hayao Miyazaki
1877,Zombieland,2009,88,English,USA,R,7.7,23600000.0,75590286.0,51990286.0,Ruben Fleischer
1878,The Waterboy,1998,90,English,USA,PG-13,6.1,20000000.0,161487252.0,141487252.0,Frank Coraci
1879,Star Wars: Episode V - The Empire Strikes Back,1980,127,English,USA,PG,8.8,18000000.0,290158751.0,272158751.0,Irvin Kershner
1880,Bad Boys,1995,119,English,USA,R,6.8,19000000.0,65807024.0,46807024.0,Michael Bay
1881,The Naked Gun 2½: The Smell of Fear,1991,85,English,USA,PG-13,6.8,23000000.0,86930411.0,63930411.0,David Zucker
1882,Final Destination,2000,98,English,USA,R,6.7,23000000.0,53302314.0,30302314.0,James Wong
1883,The Ides of March,2011,101,English,USA,R,7.1,12500000.0,40962534.0,28462534.0,George Clooney
1884,Pitch Black,2000,112,English,USA,R,7.1,23000000.0,39235088.0,16235088.0,David Twohy
1885,Someone Like You...,2001,97,English,USA,PG-13,6.1,23000000.0,27338033.0,4338033.0,Tony Goldwyn
1886,Her,2013,126,English,USA,R,8.0,23000000.0,25556065.0,2556065.0,Spike Jonze
1887,Joy Ride,2001,97,English,USA,R,6.6,23000000.0,21973182.0,-1026818.0,John Dahl
1888,The Adventurer: The Curse of the Midas Box,2013,100,English,UK,PG,5.4,25000000.0,4756.0,-24995244.0,Jonathan Newman
1889,Anywhere But Here,1999,114,English,USA,PG-13,6.1,23000000.0,18653615.0,-4346385.0,Wayne Wang
1890,The Crew,2000,88,English,USA,PG-13,5.6,23000000.0,13019253.0,-9980747.0,Michael Dinner
1891,Haywire,2011,93,English,Ireland,R,5.8,23000000.0,18934858.0,-4065142.0,Steven Soderbergh
1892,Jaws: The Revenge,1987,92,English,USA,PG-13,2.8,23000000.0,20763013.0,-2236987.0,Joseph Sargent
1893,Marvin's Room,1996,98,English,USA,PG-13,6.7,23000000.0,12782508.0,-10217492.0,Jerry Zaks
1894,The Longshots,2008,94,English,USA,PG,5.1,23000000.0,11508423.0,-11491577.0,Fred Durst
1895,The End of the Affair,1999,102,English,UK,R,7.2,23000000.0,10660147.0,-12339853.0,Neil Jordan
1896,Harley Davidson and the Marlboro Man,1991,98,English,USA,R,6.0,23000000.0,7434726.0,-15565274.0,Simon Wincer
1897,Coco Before Chanel,2009,111,French,France,PG-13,6.7,19430000.0,6109075.0,-13320925.0,Anne Fontaine
1898,Chéri,2009,100,English,UK,R,6.2,23000000.0,2708188.0,-20291812.0,Stephen Frears
1899,Vanity Fair,2004,141,English,USA,PG-13,6.2,23000000.0,16123851.0,-6876149.0,Mira Nair
1900,1408,2007,114,English,USA,PG-13,6.8,25000000.0,71975611.0,46975611.0,Mikael Håfström
1901,Spaceballs,1987,96,English,USA,PG,7.1,22700000.0,38119483.0,15419483.0,Mel Brooks
1902,The Water Diviner,2014,111,English,Australia,R,7.1,22500000.0,4190530.0,-18309470.0,Russell Crowe
1903,Ghost,1990,127,English,USA,PG-13,7.0,22000000.0,217631306.0,195631306.0,Jerry Zucker
1904,There's Something About Mary,1998,107,English,USA,R,7.1,23000000.0,176483808.0,153483808.0,Bobby Farrelly
1905,The Santa Clause,1994,97,English,USA,PG,6.4,22000000.0,144833357.0,122833357.0,John Pasquin
1906,The Rookie,2002,127,English,USA,G,7.0,20000000.0,75597042.0,55597042.0,John Lee Hancock
1907,The Game Plan,2007,110,English,USA,PG,6.2,22000000.0,90636983.0,68636983.0,Andy Fickman
1908,The Bridges of Madison County,1995,135,English,USA,PG-13,7.5,35000000.0,70960517.0,35960517.0,Clint Eastwood
1909,The Animal,2001,84,English,USA,PG-13,4.8,22000000.0,55762229.0,33762229.0,Luke Greenfield
1910,The Hundred-Foot Journey,2014,122,English,USA,PG,7.3,22000000.0,54235441.0,32235441.0,Lasse Hallström
1911,The Net,1995,114,English,USA,PG-13,5.8,22000000.0,50728000.0,28728000.0,Irwin Winkler
1912,I Am Sam,2001,132,English,USA,PG-13,7.6,22000000.0,40270895.0,18270895.0,Jessie Nelson
1913,Son of God,2014,170,English,USA,PG-13,5.6,22000000.0,59696176.0,37696176.0,Christopher Spencer
1914,Underworld,2003,133,English,UK,R,7.0,22000000.0,51483949.0,29483949.0,Len Wiseman
1915,Derailed,2005,112,English,USA,R,6.6,22000000.0,36020063.0,14020063.0,Mikael Håfström
1916,The Informant!,2009,108,English,USA,R,6.5,21000000.0,33313582.0,12313582.0,Steven Soderbergh
1917,Shadowlands,1993,115,English,UK,PG,7.4,22000000.0,25842000.0,3842000.0,Richard Attenborough
1918,Deuce Bigalow: European Gigolo,2005,83,English,USA,R,4.6,22000000.0,22264487.0,264487.0,Mike Bigelow
1919,Delivery Man,2013,105,English,USA,PG-13,6.4,26000000.0,30659817.0,4659817.0,Ken Scott
1920,Saving Silverman,2001,96,English,USA,PG-13,5.9,22000000.0,19351569.0,-2648431.0,Dennis Dugan
1921,Diary of a Wimpy Kid: Dog Days,2012,94,English,USA,PG,6.4,22000000.0,49002815.0,27002815.0,David Bowers
1922,Summer of Sam,1999,142,English,USA,R,6.6,22000000.0,19283782.0,-2716218.0,Spike Lee
1923,Jay and Silent Bob Strike Back,2001,104,English,USA,R,6.9,22000000.0,30059386.0,8059386.0,Kevin Smith
1924,The Glass House,2001,106,English,USA,PG-13,5.8,30000000.0,17951431.0,-12048569.0,Daniel Sackheim
1925,"Hail, Caesar!",2016,106,English,UK,PG-13,6.4,22000000.0,29997095.0,7997095.0,Ethan Coen
1926,Josie and the Pussycats,2001,98,English,Canada,PG-13,5.3,22000000.0,14252830.0,-7747170.0,Harry Elfont
1927,Homefront,2013,100,English,USA,R,6.5,22000000.0,19783777.0,-2216223.0,Gary Fleder
1928,The Little Vampire,2000,95,English,Germany,PG,5.7,22000000.0,13555988.0,-8444012.0,Uli Edel
1929,I Heart Huckabees,2004,107,English,USA,R,6.7,22000000.0,12784713.0,-9215287.0,David O. Russell
1930,RoboCop 3,1993,104,English,USA,PG-13,3.9,23500000.0,10696210.0,-12803790.0,Fred Dekker
1931,Megiddo: The Omega Code 2,2001,104,English,USA,PG-13,4.1,22000000.0,5974653.0,-16025347.0,Brian Trenchard-Smith
1932,Darling Lili,1970,143,English,USA,G,6.2,25000000.0,5000000.0,-20000000.0,Blake Edwards
1933,Dudley Do-Right,1999,77,English,USA,PG,3.8,22000000.0,9694105.0,-12305895.0,Hugh Wilson
1934,The Transporter Refueled,2015,96,English,France,PG-13,5.1,25000000.0,16027866.0,-8972134.0,Camille Delamarre
1935,Black Book,2006,145,Dutch,Netherlands,R,7.8,21000000.0,4398392.0,-16601608.0,Paul Verhoeven
1936,Joyeux Noel,2005,116,French,France,PG-13,7.8,22000000.0,1050445.0,-20949555.0,Christian Carion
1937,Hit and Run,2012,100,English,USA,R,6.1,2000000.0,13746550.0,11746550.0,David Palmer
1938,Mad Money,2008,104,English,USA,PG-13,5.8,22000000.0,20668843.0,-1331157.0,Callie Khouri
1939,Before I Go to Sleep,2014,92,English,UK,R,6.3,22000000.0,2963012.0,-19036988.0,Rowan Joffe
1940,Stone,2010,105,English,USA,R,5.4,22000000.0,1796024.0,-20203976.0,John Curran
1941,Molière,2007,120,French,France,PG-13,7.3,16000000.0,634277.0,-15365723.0,Laurent Tirard
1942,Out of the Furnace,2013,116,English,USA,R,6.8,22000000.0,11326836.0,-10673164.0,Scott Cooper
1943,Michael Clayton,2007,119,English,USA,R,7.3,25000000.0,49024969.0,24024969.0,Tony Gilroy
1944,My Fellow Americans,1996,101,English,USA,PG-13,6.5,21500000.0,22294341.0,794341.0,Peter Segal
1945,Arlington Road,1999,117,English,USA,R,7.2,21500000.0,24362501.0,2862501.0,Mark Pellington
1946,To Rome with Love,2012,112,English,USA,R,6.3,17000000.0,16684352.0,-315648.0,Woody Allen
1947,Firefox,1982,136,English,USA,PG,5.9,21000000.0,46700000.0,25700000.0,Clint Eastwood
1948,South Park: Bigger Longer & Uncut,1999,81,English,USA,R,7.8,21000000.0,52008288.0,31008288.0,Trey Parker
1949,Death at a Funeral,2007,87,English,USA,R,7.4,9000000.0,8579684.0,-420316.0,Frank Oz
1950,Teenage Mutant Ninja Turtles III,1993,96,English,USA,PG,4.8,17000000.0,42660000.0,25660000.0,Stuart Gillard
1951,Hardball,2001,106,English,USA,PG-13,6.3,21000000.0,40219708.0,19219708.0,Brian Robbins
1952,Silver Linings Playbook,2012,122,English,USA,R,7.8,21000000.0,132088910.0,111088910.0,David O. Russell
1953,Freedom Writers,2007,123,English,Germany,PG-13,7.5,21000000.0,36581633.0,15581633.0,Richard LaGravenese
1954,The Transporter,2002,92,English,France,PG-13,6.8,21000000.0,25296447.0,4296447.0,Louis Leterrier
1955,Never Back Down,2008,110,English,USA,PG-13,6.6,20000000.0,24848292.0,4848292.0,Jeff Wadlow
1956,The Rage: Carrie 2,1999,104,English,USA,R,4.6,21000000.0,17757087.0,-3242913.0,Katt Shea
1957,Away We Go,2009,98,English,USA,R,7.1,17000000.0,9430988.0,-7569012.0,Sam Mendes
1958,Swing Vote,2008,120,English,USA,PG-13,6.1,21000000.0,16284360.0,-4715640.0,Joshua Michael Stern
1959,Moonlight Mile,2002,112,English,USA,PG-13,6.7,21000000.0,6830957.0,-14169043.0,Brad Silberling
1960,Tinker Tailor Soldier Spy,2011,127,English,France,R,7.1,20000000.0,24104113.0,4104113.0,Tomas Alfredson
1961,Molly,1999,102,English,USA,PG-13,5.8,21000000.0,15593.0,-20984407.0,John Duigan
1962,The Beaver,2011,91,English,USA,PG-13,6.7,21000000.0,958319.0,-20041681.0,Jodie Foster
1963,The Best Little Whorehouse in Texas,1982,114,English,USA,R,5.8,35000000.0,69700000.0,34700000.0,Colin Higgins
1964,eXistenZ,1999,115,English,Canada,R,6.8,31000000.0,2840417.0,-28159583.0,David Cronenberg
1965,Raiders of the Lost Ark,1981,115,English,USA,PG,8.5,18000000.0,242374454.0,224374454.0,Steven Spielberg
1966,Home Alone 2: Lost in New York,1992,120,English,USA,PG,6.6,18000000.0,173585516.0,155585516.0,Chris Columbus
1967,Close Encounters of the Third Kind,1977,135,English,USA,PG,7.7,19400870.0,128300000.0,108899130.0,Steven Spielberg
1968,Pulse,2006,90,English,USA,PG-13,4.7,20000000.0,20259297.0,259297.0,Jim Sonzero
1969,Beverly Hills Cop II,1987,100,English,USA,R,6.4,28000000.0,153665036.0,125665036.0,Tony Scott
1970,Bringing Down the House,2003,105,English,USA,PG-13,5.5,33000000.0,132541238.0,99541238.0,Adam Shankman
1971,The Silence of the Lambs,1991,138,English,USA,R,8.6,19000000.0,130727000.0,111727000.0,Jonathan Demme
1972,Wayne's World,1992,94,English,USA,PG-13,7.0,20000000.0,121697350.0,101697350.0,Penelope Spheeris
1973,Jackass 3D,2010,101,English,USA,R,7.1,20000000.0,117224271.0,97224271.0,Jeff Tremaine
1974,Jaws 2,1978,131,English,USA,PG,5.7,20000000.0,102922376.0,82922376.0,Jeannot Szwarc
1975,Beverly Hills Chihuahua,2008,91,English,USA,PG,3.7,20000000.0,94497271.0,74497271.0,Raja Gosnell
1976,The Conjuring,2013,112,English,USA,R,7.5,20000000.0,137387272.0,117387272.0,James Wan
1977,Are We There Yet?,2005,95,English,USA,PG,4.6,32000000.0,82301521.0,50301521.0,Brian Levant
1978,Tammy,2014,100,English,USA,R,4.9,20000000.0,84518155.0,64518155.0,Ben Falcone
1979,School of Rock,2003,108,English,USA,PG-13,7.1,35000000.0,81257845.0,46257845.0,Richard Linklater
1980,Mortal Kombat,1995,101,English,USA,PG-13,5.8,18000000.0,70360285.0,52360285.0,Paul W.S. Anderson
1981,White Chicks,2004,109,English,USA,PG-13,5.4,37000000.0,69148997.0,32148997.0,Keenen Ivory Wayans
1982,The Descendants,2011,115,English,USA,R,7.3,20000000.0,82624961.0,62624961.0,Alexander Payne
1983,Holes,2003,117,English,USA,PG,7.1,20000000.0,67325559.0,47325559.0,Andrew Davis
1984,The Last Song,2010,107,English,USA,PG,5.8,20000000.0,62933793.0,42933793.0,Julie Anne Robinson
1985,12 Years a Slave,2013,134,English,USA,R,8.1,20000000.0,56667870.0,36667870.0,Steve McQueen
1986,Drumline,2002,118,English,USA,PG-13,5.7,20000000.0,56398162.0,36398162.0,Charles Stone III
1987,Why Did I Get Married Too?,2010,121,English,USA,PG-13,4.4,20000000.0,60072596.0,40072596.0,Tyler Perry
1988,Edward Scissorhands,1990,105,English,USA,PG-13,7.9,20000000.0,56362352.0,36362352.0,Tim Burton
1989,Me Before You,2016,110,English,UK,PG-13,7.6,20000000.0,56154094.0,36154094.0,Thea Sharrock
1990,Madea's Witness Protection,2012,114,English,USA,PG-13,4.8,20000000.0,65623128.0,45623128.0,Tyler Perry
1991,Date Movie,2006,85,English,USA,PG-13,2.7,20000000.0,48546578.0,28546578.0,Aaron Seltzer
1992,Return to Never Land,2002,72,English,USA,G,5.8,20000000.0,48423368.0,28423368.0,Robin Budd
1993,Selma,2014,128,English,UK,PG-13,7.5,20000000.0,52066000.0,32066000.0,Ava DuVernay
1994,The Jungle Book 2,2003,72,English,USA,G,5.4,20000000.0,47887943.0,27887943.0,Steve Trenbirth
1995,Boogeyman,2005,89,English,USA,PG-13,4.1,20000000.0,46363118.0,26363118.0,Stephen Kay
1996,Premonition,2007,96,English,USA,PG-13,5.9,20000000.0,47852604.0,27852604.0,Mennan Yapo
1997,The Tigger Movie,2000,77,English,USA,G,6.3,30000000.0,45542421.0,15542421.0,Jun Falkenstein
1998,Max,2015,111,English,USA,PG,6.8,20000000.0,42652003.0,22652003.0,Boaz Yakin
1999,Epic Movie,2007,93,English,USA,PG-13,2.3,20000000.0,39737645.0,19737645.0,Jason Friedberg
2000,Spotlight,2015,128,English,USA,R,8.1,20000000.0,44988180.0,24988180.0,Tom McCarthy
2001,Lakeview Terrace,2008,110,English,USA,PG-13,6.1,22000000.0,39263506.0,17263506.0,Neil LaBute
2002,The Grudge 2,2006,137,English,USA,PG-13,5.0,20000000.0,39143839.0,19143839.0,Takashi Shimizu
2003,How Stella Got Her Groove Back,1998,124,English,USA,R,5.5,20000000.0,37672350.0,17672350.0,Kevin Rodney Sullivan
2004,Bill & Ted's Bogus Journey,1991,93,English,USA,PG,6.2,20000000.0,38037513.0,18037513.0,Peter Hewitt
2005,Man of the Year,2006,115,English,USA,PG-13,6.2,20000000.0,37442180.0,17442180.0,Barry Levinson
2006,The American,2010,105,English,USA,R,6.3,20000000.0,35596227.0,15596227.0,Anton Corbijn
2007,Selena,1997,127,English,USA,PG,6.7,20000000.0,35422828.0,15422828.0,Gregory Nava
2008,Vampires Suck,2010,82,English,USA,PG-13,3.5,20000000.0,36658108.0,16658108.0,Jason Friedberg
2009,Babel,2006,143,English,France,R,7.5,25000000.0,34300771.0,9300771.0,Alejandro G. Iñárritu
2010,This Is Where I Leave You,2014,103,English,USA,R,6.6,19800000.0,34290142.0,14490142.0,Shawn Levy
2011,Doubt,2008,104,English,USA,PG-13,7.5,20000000.0,33422556.0,13422556.0,John Patrick Shanley
2012,Team America: World Police,2004,98,English,USA,R,7.2,30000000.0,32774834.0,2774834.0,Trey Parker
2013,Texas Chainsaw 3D,2013,92,English,USA,R,4.8,11000000.0,34334256.0,23334256.0,John Luessenhop
2014,Copycat,1995,123,English,USA,R,6.6,20000000.0,32051917.0,12051917.0,Jon Amiel
2015,Scary Movie 5,2013,88,English,USA,PG-13,3.5,20000000.0,32014289.0,12014289.0,Malcolm D. Lee
2016,Milk,2008,128,English,USA,R,7.6,20000000.0,31838002.0,11838002.0,Gus Van Sant
2017,Risen,2016,107,English,USA,PG-13,6.3,20000000.0,36874745.0,16874745.0,Kevin Reynolds
2018,Ghost Ship,2002,91,English,USA,R,5.5,35000000.0,30079316.0,-4920684.0,Steve Beck
2019,A Very Harold & Kumar 3D Christmas,2011,90,English,USA,R,6.3,19000000.0,35033759.0,16033759.0,Todd Strauss-Schulson
2020,Wild Things,1998,115,English,USA,R,6.5,20000000.0,29753944.0,9753944.0,John McNaughton
2021,The Debt,2010,113,English,USA,R,6.9,20000000.0,31146570.0,11146570.0,John Madden
2022,High Fidelity,2000,113,English,UK,R,7.6,20000000.0,27277055.0,7277055.0,Stephen Frears
2023,One Missed Call,2008,87,English,Japan,PG-13,3.9,27000000.0,26876529.0,-123471.0,Eric Valette
2024,Eye for an Eye,1996,101,English,USA,R,6.1,20000000.0,53146000.0,33146000.0,John Schlesinger
2025,The Bank Job,2008,111,English,UK,R,7.3,20000000.0,30028592.0,10028592.0,Roger Donaldson
2026,Eternal Sunshine of the Spotless Mind,2004,108,English,USA,R,8.3,20000000.0,34126138.0,14126138.0,Michel Gondry
2027,You Again,2010,105,English,USA,PG,5.8,20000000.0,25677801.0,5677801.0,Andy Fickman
2028,Street Kings,2008,109,English,USA,R,6.8,20000000.0,26415649.0,6415649.0,David Ayer
2029,The World's End,2013,109,English,UK,R,7.0,20000000.0,26003149.0,6003149.0,Edgar Wright
2030,Nancy Drew,2007,99,English,USA,PG,5.9,20000000.0,25584685.0,5584685.0,Andrew Fleming
2031,Daybreakers,2009,98,English,Australia,R,6.5,20000000.0,29975979.0,9975979.0,Michael Spierig
2032,She's Out of My League,2010,104,English,USA,R,6.4,20000000.0,31584722.0,11584722.0,Jim Field Smith
2033,Monte Carlo,2011,109,English,Hungary,PG,5.8,20000000.0,23179303.0,3179303.0,Thomas Bezucha
2034,Stay Alive,2006,75,English,USA,PG-13,5.1,9000000.0,23078294.0,14078294.0,William Brent Bell
2035,Quigley Down Under,1990,119,English,Australia,PG-13,6.8,20000000.0,21413105.0,1413105.0,Simon Wincer
2036,Alpha and Omega,2010,90,English,USA,PG,5.3,20000000.0,25077977.0,5077977.0,Anthony Bell
2037,The Covenant,2006,97,English,USA,PG-13,5.3,20000000.0,23292105.0,3292105.0,Renny Harlin
2038,Shorts,2009,89,English,USA,PG,4.9,40000000.0,20916309.0,-19083691.0,Robert Rodriguez
2039,To Die For,1995,106,English,USA,R,6.8,20000000.0,21200000.0,1200000.0,Gus Van Sant
2040,Vampires,1998,104,English,USA,R,6.1,20000000.0,20241395.0,241395.0,John Carpenter
2041,Psycho,1960,108,English,USA,R,8.5,806947.0,32000000.0,31193053.0,Alfred Hitchcock
2042,My Best Friend's Girl,2008,112,English,USA,R,5.9,40000000.0,19151864.0,-20848136.0,Howard Deutch
2043,Endless Love,2014,104,English,USA,PG-13,6.3,20000000.0,23393765.0,3393765.0,Shana Feste
2044,Georgia Rule,2007,113,English,USA,R,5.9,20000000.0,18882880.0,-1117120.0,Garry Marshall
2045,Under the Rainbow,1981,98,English,USA,PG,5.4,20000000.0,8500000.0,-11500000.0,Steve Rash
2046,Simon Birch,1998,114,English,USA,PG,6.9,30000000.0,18252684.0,-11747316.0,Mark Steven Johnson
2047,Reign Over Me,2007,124,English,USA,R,7.5,20000000.0,19661987.0,-338013.0,Mike Binder
2048,Into the Wild,2007,148,English,USA,R,8.2,15000000.0,18352454.0,3352454.0,Sean Penn
2049,School for Scoundrels,2006,108,English,USA,PG-13,5.9,20000000.0,17803796.0,-2196204.0,Todd Phillips
2050,Silent Hill: Revelation 3D,2012,95,English,France,R,5.0,20000000.0,17529157.0,-2470843.0,Michael J. Bassett
2051,From Dusk Till Dawn,1996,108,English,USA,R,7.3,19000000.0,25753840.0,6753840.0,Robert Rodriguez
2052,Pooh's Heffalump Movie,2005,68,English,USA,G,6.4,20000000.0,18081626.0,-1918374.0,Frank Nissen
2053,Home for the Holidays,1995,103,English,USA,PG-13,6.6,20000000.0,17518220.0,-2481780.0,Jodie Foster
2054,Kung Fu Hustle,2004,99,Cantonese,Hong Kong,R,7.8,20000000.0,17104669.0,-2895331.0,Stephen Chow
2055,The Country Bears,2002,88,English,USA,G,4.0,35000000.0,16988996.0,-18011004.0,Peter Hastings
2056,The Kite Runner,2007,128,Dari,USA,PG-13,7.6,20000000.0,15797907.0,-4202093.0,Marc Forster
2057,21 Grams,2003,124,English,USA,R,7.7,20000000.0,16248701.0,-3751299.0,Alejandro G. Iñárritu
2058,Paparazzi,2004,84,English,USA,PG-13,5.8,20000000.0,15712072.0,-4287928.0,Paul Abascal
2059,A Guy Thing,2003,101,English,USA,PG-13,5.6,20000000.0,15408822.0,-4591178.0,Chris Koch
2060,Loser,2000,98,English,USA,PG-13,5.3,20000000.0,15464026.0,-4535974.0,Amy Heckerling
2061,The Greatest Story Ever Told,1965,225,English,USA,G,6.6,20000000.0,8000000.0,-12000000.0,George Stevens
2062,Disaster Movie,2008,88,English,USA,PG-13,1.9,25000000.0,14174654.0,-10825346.0,Jason Friedberg
2063,Armored,2009,88,English,USA,PG-13,5.7,27000000.0,15988876.0,-11011124.0,Nimród Antal
2064,The Man Who Knew Too Little,1997,94,English,USA,PG,6.6,20000000.0,13801755.0,-6198245.0,Jon Amiel
2065,What's Your Number?,2011,117,English,USA,R,6.0,20000000.0,13987482.0,-6012518.0,Mark Mylod
2066,Lockout,2012,95,English,France,PG-13,6.1,20000000.0,14291570.0,-5708430.0,James Mather
2067,Envy,2004,99,English,USA,PG-13,4.8,40000000.0,12181484.0,-27818516.0,Barry Levinson
2068,Crank: High Voltage,2009,96,English,USA,R,6.2,20000000.0,13630226.0,-6369774.0,Mark Neveldine
2069,Bullets Over Broadway,1994,98,English,USA,R,7.5,20000000.0,13383737.0,-6616263.0,Woody Allen
2070,One Night with the King,2006,123,English,USA,PG,6.3,20000000.0,13391174.0,-6608826.0,Michael O. Sajbel
2071,The Quiet American,2002,101,English,UK,R,7.1,30000000.0,12987647.0,-17012353.0,Phillip Noyce
2072,The Weather Man,2005,102,English,USA,R,6.6,22000000.0,12469811.0,-9530189.0,Gore Verbinski
2073,Undisputed,2002,94,English,USA,R,6.1,20000000.0,12398628.0,-7601372.0,Walter Hill
2074,Ghost Town,2008,102,English,USA,PG-13,6.7,20000000.0,13214030.0,-6785970.0,David Koepp
2075,12 Rounds,2009,108,English,USA,PG-13,5.6,22000000.0,12232937.0,-9767063.0,Renny Harlin
2076,Let Me In,2010,116,English,UK,R,7.2,20000000.0,12134420.0,-7865580.0,Matt Reeves
2077,3 Ninjas Kick Back,1994,93,English,USA,PG,4.3,20000000.0,11784000.0,-8216000.0,Charles T. Kanganis
2078,Be Kind Rewind,2008,102,English,UK,PG-13,6.4,20000000.0,11169531.0,-8830469.0,Michel Gondry
2079,Mrs Henderson Presents,2005,103,English,UK,R,7.1,20000000.0,11034436.0,-8965564.0,Stephen Frears
2080,Triple 9,2016,115,English,USA,R,6.3,20000000.0,12626905.0,-7373095.0,John Hillcoat
2081,Deconstructing Harry,1997,96,English,USA,R,7.4,20000000.0,10569071.0,-9430929.0,Woody Allen
2082,Three to Tango,1999,98,English,Australia,PG-13,6.1,20000000.0,10544143.0,-9455857.0,Damon Santostefano
2083,Burnt,2015,101,English,USA,R,6.6,20000000.0,13650738.0,-6349262.0,John Wells
2084,We're No Angels,1989,106,English,USA,PG-13,6.0,20000000.0,10555348.0,-9444652.0,Neil Jordan
2085,Everyone Says I Love You,1996,101,English,USA,R,6.8,20000000.0,9714482.0,-10285518.0,Woody Allen
2086,Death Sentence,2007,111,English,USA,R,6.8,20000000.0,9525276.0,-10474724.0,James Wan
2087,Everybody's Fine,2009,99,English,USA,PG-13,7.2,21000000.0,8855646.0,-12144354.0,Kirk Jones
2088,Superbabies: Baby Geniuses 2,2004,88,English,Germany,PG,1.9,20000000.0,9109322.0,-10890678.0,Bob Clark
2089,The Man,2005,83,English,Germany,PG-13,5.5,33000000.0,8326035.0,-24673965.0,Les Mayfield
2090,Code Name: The Cleaner,2007,91,English,USA,PG-13,4.5,20000000.0,8104069.0,-11895931.0,Les Mayfield
2091,Connie and Carla,2004,108,English,USA,PG-13,6.3,20000000.0,8054280.0,-11945720.0,Michael Lembeck
2092,Inherent Vice,2014,148,English,USA,R,6.7,20000000.0,8093318.0,-11906682.0,Paul Thomas Anderson
2093,Doogal,2006,77,English,USA,G,2.8,20000000.0,7382993.0,-12617007.0,Dave Borthwick
2094,Battle of the Year,2013,110,English,USA,PG-13,5.0,20000000.0,8888355.0,-11111645.0,Benson Lee
2095,An American Carol,2008,83,English,USA,PG-13,4.3,12000000.0,7001720.0,-4998280.0,David Zucker
2096,Machete Kills,2013,107,English,Russia,R,5.6,20000000.0,7268659.0,-12731341.0,Robert Rodriguez
2097,Willard,2003,100,English,Canada,PG-13,6.2,22000000.0,6852144.0,-15147856.0,Glen Morgan
2098,Strange Wilderness,2008,87,English,USA,R,5.3,20000000.0,6563357.0,-13436643.0,Fred Wolf
2099,Topsy-Turvy,1999,154,English,UK,R,7.4,10000000.0,6201757.0,-3798243.0,Mike Leigh
2100,A Dangerous Method,2011,99,English,UK,R,6.5,15000000.0,5702083.0,-9297917.0,David Cronenberg
2101,A Scanner Darkly,2006,100,English,USA,R,7.1,8700000.0,5480996.0,-3219004.0,Richard Linklater
2102,Chasing Mavericks,2012,116,English,USA,PG,7.2,20000000.0,6002756.0,-13997244.0,Michael Apted
2103,Alone in the Dark,2005,94,English,Canada,R,2.3,20000000.0,5132655.0,-14867345.0,Uwe Boll
2104,Bandslam,2009,111,English,USA,PG,6.4,20000000.0,5205343.0,-14794657.0,Todd Graff
2105,Birth,2004,100,English,USA,R,6.1,20000000.0,5005883.0,-14994117.0,Jonathan Glazer
2106,A Most Violent Year,2014,125,English,USA,R,7.0,20000000.0,5749134.0,-14250866.0,J.C. Chandor
2107,Flash of Genius,2008,119,English,USA,PG-13,7.0,20000000.0,4234040.0,-15765960.0,Marc Abraham
2108,I'm Not There.,2007,135,English,USA,R,7.0,20000000.0,4001121.0,-15998879.0,Todd Haynes
2109,The Cold Light of Day,2012,93,English,USA,PG-13,4.9,20000000.0,3749061.0,-16250939.0,Mabrouk El Mechri
2110,The Brothers Bloom,2008,114,English,USA,PG-13,6.9,20000000.0,3519627.0,-16480373.0,Rian Johnson
2111,"Synecdoche, New York",2008,124,English,USA,R,7.5,21000000.0,3081925.0,-17918075.0,Charlie Kaufman
2112,Princess Mononoke,1997,134,Japanese,Japan,PG-13,8.4,2400000000.0,2298191.0,-2397701809.0,Hayao Miyazaki
2113,Bon voyage,2003,114,French,France,PG-13,6.9,20000000.0,2353728.0,-17646272.0,Jean-Paul Rappeneau
2114,Can't Stop the Music,1980,124,English,USA,PG,4.5,20000000.0,2000000.0,-18000000.0,Nancy Walker
2115,The Proposition,2005,104,English,Australia,R,7.4,2000000.0,1900725.0,-99275.0,John Hillcoat
2116,Courage,2015,118,English,USA,PG,7.0,20000000.0,2246000.0,-17754000.0,Angelo Pizzo
2117,Marci X,2003,80,English,USA,R,2.8,20000000.0,1646664.0,-18353336.0,Richard Benjamin
2118,Equilibrium,2002,107,English,USA,R,7.5,20000000.0,1190018.0,-18809982.0,Kurt Wimmer
2119,The Children of Huang Shi,2008,125,English,Australia,R,7.1,40000000.0,1027749.0,-38972251.0,Roger Spottiswoode
2120,The Yards,2000,115,English,USA,R,6.4,24000000.0,882710.0,-23117290.0,James Gray
2121,By the Sea,2015,122,English,USA,R,5.3,10000000.0,531009.0,-9468991.0,Angelina Jolie Pitt
2122,Steamboy,2004,103,Japanese,Japan,PG-13,6.9,2127519898.0,410388.0,-2127109510.0,Katsuhiro Ôtomo
2123,The Game of Their Lives,2005,101,English,USA,PG,6.2,20000000.0,375474.0,-19624526.0,David Anspaugh
2124,Rapa Nui,1994,107,English,USA,R,6.4,20000000.0,305070.0,-19694930.0,Kevin Reynolds
2125,Dylan Dog: Dead of Night,2010,107,English,USA,PG-13,5.1,20000000.0,1183354.0,-18816646.0,Kevin Munroe
2126,People I Know,2002,100,English,USA,R,5.5,22000000.0,121972.0,-21878028.0,Daniel Algrant
2127,The Tempest,2010,110,English,USA,PG-13,5.4,20000000.0,263365.0,-19736635.0,Julie Taymor
2128,The Painted Veil,2006,125,Mandarin,China,PG-13,7.5,19400000.0,8047690.0,-11352310.0,John Curran
2129,The Baader Meinhof Complex,2008,184,German,Germany,R,7.4,20000000.0,476270.0,-19523730.0,Uli Edel
2130,Dances with Wolves,1990,236,English,USA,PG-13,8.0,22000000.0,184208848.0,162208848.0,Kevin Costner
2131,Bad Teacher,2011,97,English,USA,R,5.7,20000000.0,100292856.0,80292856.0,Jake Kasdan
2132,Sea of Love,1989,113,English,USA,R,6.8,19000000.0,58571513.0,39571513.0,Harold Becker
2133,A Cinderella Story,2004,95,English,USA,PG,5.9,20000000.0,51431160.0,31431160.0,Mark Rosman
2134,Scream,1996,103,English,USA,R,7.2,15000000.0,103001286.0,88001286.0,Wes Craven
2135,Thir13en Ghosts,2001,91,English,USA,R,5.5,20000000.0,41867960.0,21867960.0,Steve Beck
2136,Back to the Future,1985,116,English,USA,PG,8.5,19000000.0,210609762.0,191609762.0,Robert Zemeckis
2137,House on Haunted Hill,1999,93,English,USA,R,5.6,19000000.0,40846082.0,21846082.0,William Malone
2138,I Can Do Bad All by Myself,2009,113,English,USA,PG-13,4.1,13000000.0,51697449.0,38697449.0,Tyler Perry
2139,The Switch,2010,101,English,USA,PG-13,6.1,19000000.0,27758465.0,8758465.0,Josh Gordon
2140,Just Married,2003,95,English,USA,PG-13,5.4,18000000.0,56127162.0,38127162.0,Shawn Levy
2141,The Devil's Double,2011,109,English,Belgium,R,7.1,15000000.0,1357042.0,-13642958.0,Lee Tamahori
2142,Thomas and the Magic Railroad,2000,85,English,UK,G,3.6,19000000.0,15911333.0,-3088667.0,Britt Allcroft
2143,The Crazies,2010,101,English,USA,R,6.5,20000000.0,39103378.0,19103378.0,Breck Eisner
2144,Spirited Away,2001,125,Japanese,Japan,PG,8.6,19000000.0,10049886.0,-8950114.0,Hayao Miyazaki
2145,The Bounty,1984,132,English,UK,PG,7.0,25000000.0,8600000.0,-16400000.0,Roger Donaldson
2146,The Book Thief,2013,131,English,USA,PG-13,7.6,19000000.0,21483154.0,2483154.0,Brian Percival
2147,Sex Drive,2008,129,English,USA,R,6.5,19000000.0,8396942.0,-10603058.0,Sean Anders
2148,Leap Year,2010,100,English,USA,PG,6.4,19000000.0,12561.0,-18987439.0,Anand Tucker
2149,Take Me Home Tonight,2011,97,English,USA,R,6.3,23000000.0,6923891.0,-16076109.0,Michael Dowse
2150,The Nutcracker,1993,92,English,USA,G,5.7,19000000.0,2119994.0,-16880006.0,Emile Ardolino
2151,Kansas City,1996,116,English,France,R,6.3,19000000.0,1292527.0,-17707473.0,Robert Altman
2152,The Amityville Horror,2005,90,English,USA,R,6.0,19000000.0,64255243.0,45255243.0,Andrew Douglas
2153,Adaptation.,2002,81,English,USA,R,7.7,19000000.0,22245861.0,3245861.0,Spike Jonze
2154,Land of the Dead,2005,97,English,Canada,R,6.2,15000000.0,20433940.0,5433940.0,George A. Romero
2155,Fear and Loathing in Las Vegas,1998,118,English,USA,R,7.7,18500000.0,10562387.0,-7937613.0,Terry Gilliam
2156,The Invention of Lying,2009,100,English,USA,PG-13,6.4,18500000.0,18439082.0,-60918.0,Ricky Gervais
2157,Neighbors,2014,97,English,USA,R,6.4,18000000.0,150056505.0,132056505.0,Nicholas Stoller
2158,The Mask,1994,114,English,USA,PG-13,6.9,18000000.0,119938730.0,101938730.0,Chuck Russell
2159,Big,1988,130,English,USA,PG,7.3,18000000.0,114968774.0,96968774.0,Penny Marshall
2160,Borat: Cultural Learnings of America for Make Benefit Glorious Nation of Kazakhstan,2006,82,English,USA,R,7.3,18000000.0,128505958.0,110505958.0,Larry Charles
2161,Legally Blonde,2001,96,English,USA,PG-13,6.2,18000000.0,95001351.0,77001351.0,Robert Luketic
2162,Star Trek III: The Search for Spock,1984,105,English,USA,PG,6.6,17000000.0,76400000.0,59400000.0,Leonard Nimoy
2163,The Exorcism of Emily Rose,2005,122,English,USA,PG-13,6.7,20000000.0,75072454.0,55072454.0,Scott Derrickson
2164,Deuce Bigalow: Male Gigolo,1999,88,English,USA,R,5.7,17000000.0,65535067.0,48535067.0,Mike Mitchell
2165,Left Behind,2014,110,English,USA,PG-13,3.1,16000000.0,13998282.0,-2001718.0,Vic Armstrong
2166,The Family Stone,2005,103,English,USA,PG-13,6.3,17000000.0,6061759.0,-10938241.0,Thomas Bezucha
2167,Barbershop 2: Back in Business,2004,106,English,USA,PG-13,5.7,18000000.0,64955956.0,46955956.0,Kevin Rodney Sullivan
2168,Bad Santa,2003,98,English,USA,R,7.1,18000000.0,60057639.0,42057639.0,Terry Zwigoff
2169,Austin Powers: International Man of Mystery,1997,68,English,USA,PG-13,7.0,17000000.0,53868030.0,36868030.0,Jay Roach
2170,My Big Fat Greek Wedding 2,2016,94,English,USA,PG-13,6.1,18000000.0,59573085.0,41573085.0,Kirk Jones
2171,Diary of a Wimpy Kid: Rodrick Rules,2011,99,English,USA,PG,6.6,21000000.0,52691009.0,31691009.0,David Bowers
2172,Predator,1987,107,English,USA,R,7.8,15000000.0,59735548.0,44735548.0,John McTiernan
2173,Amadeus,1984,180,English,USA,R,8.3,18000000.0,51600000.0,33600000.0,Milos Forman
2174,Prom Night,2008,89,English,USA,PG-13,3.9,20000000.0,43818159.0,23818159.0,Nelson McCormick
2175,Mean Girls,2004,97,English,USA,PG-13,7.0,17000000.0,86049418.0,69049418.0,Mark Waters
2176,Under the Tuscan Sun,2003,113,English,USA,PG-13,6.7,18000000.0,43601508.0,25601508.0,Audrey Wells
2177,Gosford Park,2001,131,English,UK,R,7.3,19800000.0,41300105.0,21500105.0,Robert Altman
2178,Peggy Sue Got Married,1986,103,English,USA,PG-13,6.3,18000000.0,41382841.0,23382841.0,Francis Ford Coppola
2179,Birdman or (The Unexpected Virtue of Ignorance),2014,119,English,USA,R,7.8,18000000.0,42335698.0,24335698.0,Alejandro G. Iñárritu
2180,Blue Jasmine,2013,98,English,USA,PG-13,7.3,18000000.0,33404871.0,15404871.0,Woody Allen
2181,United 93,2006,111,English,USA,R,7.6,15000000.0,31471430.0,16471430.0,Paul Greengrass
2182,Honey,2003,94,English,USA,PG-13,5.3,25000000.0,30222640.0,5222640.0,Bille Woodruff
2183,Spy Hard,1996,81,English,USA,PG-13,5.3,18000000.0,26906039.0,8906039.0,Rick Friedberg
2184,The Fog,1980,89,English,USA,R,6.8,1000000.0,21378000.0,20378000.0,John Carpenter
2185,Soul Surfer,2011,106,English,USA,PG,7.1,18000000.0,43853424.0,25853424.0,Sean McNamara
2186,Observe and Report,2009,86,English,USA,R,5.8,18000000.0,23993605.0,5993605.0,Jody Hill
2187,Conan the Destroyer,1984,103,English,USA,PG,5.8,18000000.0,26400000.0,8400000.0,Richard Fleischer
2188,Raging Bull,1980,121,English,USA,R,8.3,18000000.0,45250.0,-17954750.0,Martin Scorsese
2189,Love Happens,2009,109,English,USA,PG-13,5.6,18000000.0,22927390.0,4927390.0,Brandon Camp
2190,Young Sherlock Holmes,1985,109,English,USA,PG-13,6.8,18000000.0,4250320.0,-13749680.0,Barry Levinson
2191,Fame,2009,123,English,USA,PG,5.0,18000000.0,22452209.0,4452209.0,Kevin Tancharoen
2192,127 Hours,2010,94,English,USA,R,7.6,18000000.0,18329466.0,329466.0,Danny Boyle
2193,Small Time Crooks,2000,94,English,USA,PG,6.7,18000000.0,17071230.0,-928770.0,Woody Allen
2194,Center Stage,2000,115,English,USA,PG-13,6.7,18000000.0,17174870.0,-825130.0,Nicholas Hytner
2195,Love the Coopers,2015,107,English,USA,PG-13,5.7,17000000.0,26284475.0,9284475.0,Jessie Nelson
2196,Catch That Kid,2004,91,English,USA,PG,5.2,18000000.0,16702864.0,-1297136.0,Bart Freundlich
2197,Life as a House,2001,125,English,USA,R,7.5,18000000.0,15561627.0,-2438373.0,Irwin Winkler
2198,Steve Jobs,2015,122,English,UK,R,7.2,30000000.0,17750583.0,-12249417.0,Danny Boyle
2199,"I Love You, Beth Cooper",2009,102,English,Canada,PG-13,5.3,18000000.0,14793904.0,-3206096.0,Chris Columbus
2200,Youth in Revolt,2009,90,English,USA,R,6.5,18000000.0,15281286.0,-2718714.0,Miguel Arteta
2201,The Legend of the Lone Ranger,1981,98,English,USA,PG,5.0,18000000.0,8000000.0,-10000000.0,William A. Fraker
2202,The Tailor of Panama,2001,109,English,USA,R,6.1,18000000.0,13491653.0,-4508347.0,John Boorman
2203,Getaway,2013,90,English,USA,PG-13,4.4,18000000.0,10494494.0,-7505506.0,Courtney Solomon
2204,The Ice Storm,1997,112,English,USA,R,7.5,18000000.0,7837632.0,-10162368.0,Ang Lee
2205,And So It Goes,2014,94,English,USA,PG-13,5.7,18000000.0,15155772.0,-2844228.0,Rob Reiner
2206,Troop Beverly Hills,1989,105,English,USA,PG,5.5,18000000.0,8508843.0,-9491157.0,Jeff Kanew
2207,Being Julia,2004,104,English,Canada,R,7.1,18000000.0,7739049.0,-10260951.0,István Szabó
2208,9½ Weeks,1986,112,English,USA,R,5.9,17000000.0,6734844.0,-10265156.0,Adrian Lyne
2209,Dragonslayer,1981,108,English,USA,PG,6.7,18000000.0,6000000.0,-12000000.0,Matthew Robbins
2210,The Last Station,2009,112,English,Germany,R,7.0,13000000.0,6615578.0,-6384422.0,Michael Hoffman
2211,Ed Wood,1994,127,English,USA,R,7.9,18000000.0,5887457.0,-12112543.0,Tim Burton
2212,Labor Day,2013,111,English,USA,PG-13,6.9,18000000.0,13362308.0,-4637692.0,Jason Reitman
2213,Mongol: The Rise of Genghis Khan,2007,126,Mongolian,Russia,R,7.3,20000000.0,5701643.0,-14298357.0,Sergey Bodrov
2214,RocknRolla,2008,114,English,UK,R,7.3,18000000.0,5694401.0,-12305599.0,Guy Ritchie
2215,Megaforce,1982,99,English,USA,PG,3.5,20000000.0,5333658.0,-14666342.0,Hal Needham
2216,Hamlet,1996,150,English,UK,PG-13,7.8,18000000.0,4414535.0,-13585465.0,Kenneth Branagh
2217,Midnight Special,2016,112,English,Greece,PG-13,6.7,18000000.0,3707794.0,-14292206.0,Jeff Nichols
2218,Anything Else,2003,108,English,USA,R,6.4,18000000.0,3203044.0,-14796956.0,Woody Allen
2219,The Railway Man,2013,116,English,Australia,R,7.1,18000000.0,4435083.0,-13564917.0,Jonathan Teplitzky
2220,The White Ribbon,2009,144,German,Germany,R,7.8,12000000.0,2222647.0,-9777353.0,Michael Haneke
2221,The Wraith,1986,93,English,USA,R,5.9,2700000.0,3500000.0,800000.0,Mike Marvin
2222,The Salton Sea,2002,103,English,USA,R,7.2,18000000.0,676698.0,-17323302.0,D.J. Caruso
2223,One Man's Hero,1999,121,English,Spain,R,6.2,11350000.0,229311.0,-11120689.0,Lance Hool
2224,Renaissance,2006,105,English,France,R,6.7,14000000.0,63260.0,-13936740.0,Christian Volckman
2225,Superbad,2007,119,English,USA,R,7.6,20000000.0,121463226.0,101463226.0,Greg Mottola
2226,Step Up 2: The Streets,2008,98,English,USA,PG-13,6.2,23000000.0,58006147.0,35006147.0,Jon M. Chu
2227,Hoodwinked!,2005,80,English,USA,PG,6.5,17500000.0,51053787.0,33553787.0,Cory Edwards
2228,Hotel Rwanda,2004,121,English,UK,PG-13,8.1,17500000.0,23472900.0,5972900.0,Terry George
2229,Hitman,2007,94,English,France,R,6.3,24000000.0,39687528.0,15687528.0,Xavier Gens
2230,Black Nativity,2013,93,English,USA,PG,4.4,17500000.0,7017178.0,-10482822.0,Kasi Lemmons
2231,City of Ghosts,2002,116,English,USA,R,6.0,17500000.0,325491.0,-17174509.0,Matt Dillon
2232,The Others,2001,101,English,USA,PG-13,7.6,17000000.0,96471845.0,79471845.0,Alejandro Amenábar
2233,Aliens,1986,154,English,USA,R,8.4,18500000.0,85200000.0,66700000.0,James Cameron
2234,My Fair Lady,1964,170,English,USA,Approved,7.9,17000000.0,72000000.0,55000000.0,George Cukor
2235,I Know What You Did Last Summer,1997,99,English,USA,R,5.6,17000000.0,72219395.0,55219395.0,Jim Gillespie
2236,Let's Be Cops,2014,104,English,USA,R,6.5,17000000.0,82389560.0,65389560.0,Luke Greenfield
2237,Sideways,2004,126,English,USA,R,7.5,12000000.0,71502303.0,59502303.0,Alexander Payne
2238,Beerfest,2006,110,English,USA,R,6.3,17500000.0,19179969.0,1679969.0,Jay Chandrasekhar
2239,Halloween,1978,101,English,USA,R,7.9,300000.0,47000000.0,46700000.0,John Carpenter
2240,Good Boy!,2003,87,English,USA,PG,5.1,17000000.0,37566230.0,20566230.0,John Hoffman
2241,The Best Man Holiday,2013,123,English,USA,R,6.7,17000000.0,70492685.0,53492685.0,Malcolm D. Lee
2242,Smokin' Aces,2006,109,English,UK,R,6.7,17000000.0,35635046.0,18635046.0,Joe Carnahan
2243,Saw 3D: The Final Chapter,2010,90,English,Canada,R,5.6,20000000.0,45670855.0,25670855.0,Kevin Greutert
2244,40 Days and 40 Nights,2002,96,English,USA,R,5.6,17000000.0,37939782.0,20939782.0,Michael Lehmann
2245,A Night at the Roxbury,1998,82,English,USA,PG-13,6.2,17000000.0,30324946.0,13324946.0,John Fortenberry
2246,Beastly,2011,86,English,USA,PG-13,5.6,17000000.0,27854896.0,10854896.0,Daniel Barnz
2247,The Hills Have Eyes,2006,108,English,USA,R,6.4,15000000.0,41777564.0,26777564.0,Alexandre Aja
2248,Dickie Roberts: Former Child Star,2003,98,English,USA,PG-13,5.6,17000000.0,22734486.0,5734486.0,Sam Weisman
2249,"McFarland, USA",2015,129,English,USA,PG,7.4,17000000.0,44469602.0,27469602.0,Niki Caro
2250,Pitch Perfect,2012,112,English,USA,PG-13,7.2,17000000.0,64998368.0,47998368.0,Jason Moore
2251,Summer Catch,2001,108,English,USA,PG-13,4.9,34000000.0,19693891.0,-14306109.0,Michael Tollin
2252,A Simple Plan,1998,121,English,UK,R,7.5,17000000.0,16311763.0,-688237.0,Sam Raimi
2253,They,2002,89,English,USA,PG-13,4.8,17000000.0,12693621.0,-4306379.0,Robert Harmon
2254,Larry the Cable Guy: Health Inspector,2006,89,English,USA,PG-13,3.1,4000000.0,15655665.0,11655665.0,Trent Cooper
2255,The Adventures of Elmo in Grouchland,1999,73,English,USA,G,5.8,17000000.0,11634458.0,-5365542.0,Gary Halvorson
2256,Brooklyn's Finest,2009,132,English,USA,R,6.7,17000000.0,27154426.0,10154426.0,Antoine Fuqua
2257,Evil Dead,2013,96,English,USA,R,6.5,17000000.0,54239856.0,37239856.0,Fede Alvarez
2258,My Life in Ruins,2009,98,English,USA,PG-13,5.9,17000000.0,8662318.0,-8337682.0,Donald Petrie
2259,American Dreamz,2006,107,English,USA,PG-13,5.5,19000000.0,7156725.0,-11843275.0,Paul Weitz
2260,Superman IV: The Quest for Peace,1987,134,English,UK,PG,3.6,17000000.0,15681020.0,-1318980.0,Sidney J. Furie
2261,Running Scared,2006,122,English,Germany,R,7.4,17000000.0,6855137.0,-10144863.0,Wayne Kramer
2262,Shanghai Surprise,1986,97,English,UK,PG-13,3.0,17000000.0,2315683.0,-14684317.0,Jim Goddard
2263,The Illusionist,2006,110,English,USA,PG-13,7.6,16000000.0,39825798.0,23825798.0,Neil Burger
2264,Roar,1981,102,English,USA,PG,6.4,17000000.0,2000000.0,-15000000.0,Noel Marshall
2265,Veronica Guerin,2003,98,English,Ireland,R,6.9,17000000.0,1569918.0,-15430082.0,Joel Schumacher
2266,Southland Tales,2006,160,English,France,R,5.5,17000000.0,273420.0,-16726580.0,Richard Kelly
2267,The Apparition,2012,83,English,USA,PG-13,4.1,17000000.0,4930798.0,-12069202.0,Todd Lincoln
2268,My Girl,1991,102,English,USA,PG-13,6.8,16500000.0,59847242.0,43347242.0,Howard Zieff
2269,Fur: An Imaginary Portrait of Diane Arbus,2006,122,English,USA,R,6.5,16800000.0,220914.0,-16579086.0,Steven Shainberg
2270,Wall Street,1987,126,English,USA,R,7.4,15000000.0,43848100.0,28848100.0,Oliver Stone
2271,Sense and Sensibility,1995,136,English,USA,PG,7.7,16500000.0,42700000.0,26200000.0,Ang Lee
2272,Becoming Jane,2007,120,English,UK,PG,7.1,16500000.0,18663911.0,2163911.0,Julian Jarrold
2273,Sydney White,2007,108,English,USA,PG-13,6.3,16500000.0,11702090.0,-4797910.0,Joe Nussbaum
2274,House of Sand and Fog,2003,126,English,USA,R,7.6,15000000.0,13005485.0,-1994515.0,Vadim Perelman
2275,Dead Poets Society,1989,128,English,USA,PG,8.0,16400000.0,95860116.0,79460116.0,Peter Weir
2276,Dumb & Dumber,1994,113,English,USA,PG-13,7.3,16000000.0,127175354.0,111175354.0,Peter Farrelly
2277,When Harry Met Sally...,1989,89,English,USA,R,7.6,16000000.0,92823600.0,76823600.0,Rob Reiner
2278,The Verdict,1982,129,English,USA,R,7.8,16000000.0,54000000.0,38000000.0,Sidney Lumet
2279,Road Trip,2000,94,English,USA,R,6.5,15600000.0,68525609.0,52925609.0,Todd Phillips
2280,Varsity Blues,1999,106,English,USA,R,6.4,16000000.0,52885587.0,36885587.0,Brian Robbins
2281,The Artist,2011,100,English,France,PG-13,8.0,15000000.0,44667095.0,29667095.0,Michel Hazanavicius
2282,The Unborn,2009,89,English,USA,PG-13,4.8,16000000.0,42638165.0,26638165.0,David S. Goyer
2283,Moonrise Kingdom,2012,94,English,USA,PG-13,7.8,16000000.0,45507053.0,29507053.0,Wes Anderson
2284,The Texas Chainsaw Massacre: The Beginning,2006,83,English,USA,R,5.9,16000000.0,39511038.0,23511038.0,Jonathan Liebesman
2285,The Young Messiah,2016,111,English,USA,PG-13,5.4,18500000.0,6462576.0,-12037424.0,Cyrus Nowrasteh
2286,The Master of Disguise,2002,80,English,USA,PG,3.3,16000000.0,40363530.0,24363530.0,Perry Andelin Blake
2287,Pan's Labyrinth,2006,112,Spanish,Spain,R,8.2,13500000.0,37623143.0,24123143.0,Guillermo del Toro
2288,See Spot Run,2001,94,English,USA,PG,5.4,35000000.0,33357476.0,-1642524.0,John Whitesell
2289,Baby Boy,2001,130,English,USA,R,6.4,16000000.0,28734552.0,12734552.0,John Singleton
2290,The Roommate,2011,91,English,USA,PG-13,4.8,16000000.0,37300107.0,21300107.0,Christian E. Christiansen
2291,Joe Dirt,2001,91,English,USA,PG-13,5.9,17700000.0,27087695.0,9387695.0,Dennie Gordon
2292,Double Impact,1991,110,English,USA,R,5.5,15000000.0,30102717.0,15102717.0,Sheldon Lettich
2293,Hot Fuzz,2007,121,English,UK,R,7.9,8000000.0,23618786.0,15618786.0,Edgar Wright
2294,The Women,2008,114,English,USA,PG-13,4.9,16500000.0,26896744.0,10396744.0,Diane English
2295,Vicky Cristina Barcelona,2008,96,English,Spain,PG-13,7.2,15500000.0,23213577.0,7713577.0,Woody Allen
2296,Boys and Girls,2000,94,English,USA,PG-13,5.3,16000000.0,20627372.0,4627372.0,Robert Iscove
2297,White Oleander,2002,109,English,USA,PG-13,7.2,16000000.0,16346122.0,346122.0,Peter Kosminsky
2298,Jennifer's Body,2009,107,English,USA,R,5.1,16000000.0,16204793.0,204793.0,Karyn Kusama
2299,Drowning Mona,2000,96,English,USA,PG-13,5.6,16000000.0,15427192.0,-572808.0,Nick Gomez
2300,Radio Days,1987,88,English,USA,PG,7.6,16000000.0,14792779.0,-1207221.0,Woody Allen
2301,Remember Me,2010,113,English,USA,PG-13,7.2,16000000.0,19057024.0,3057024.0,Allen Coulter
2302,How to Deal,2003,101,English,USA,PG-13,5.7,16000000.0,14108518.0,-1891482.0,Clare Kilner
2303,My Stepmother Is an Alien,1988,105,English,USA,PG-13,5.2,20000000.0,13854000.0,-6146000.0,Richard Benjamin
2304,Philadelphia,1993,125,English,USA,PG-13,7.7,26000000.0,77324422.0,51324422.0,Jonathan Demme
2305,The Thirteenth Floor,1999,100,English,Germany,R,7.0,16000000.0,15500000.0,-500000.0,Josef Rusnak
2306,Duets,2000,112,English,USA,R,6.0,15000000.0,4734235.0,-10265765.0,Bruce Paltrow
2307,Hollywood Ending,2002,112,English,USA,PG-13,6.6,16000000.0,4839383.0,-11160617.0,Woody Allen
2308,Detroit Rock City,1999,95,English,USA,R,6.8,15000000.0,4193025.0,-10806975.0,Adam Rifkin
2309,Highlander,1986,110,English,UK,R,7.2,16000000.0,5900000.0,-10100000.0,Russell Mulcahy
2310,Things We Lost in the Fire,2007,118,English,USA,R,7.2,16000000.0,2849142.0,-13150858.0,Susanne Bier
2311,Steel,1997,97,English,USA,PG-13,2.8,16000000.0,1686429.0,-14313571.0,Kenneth Johnson
2312,The Immigrant,2013,120,English,USA,R,6.6,16000000.0,1984743.0,-14015257.0,James Gray
2313,The White Countess,2005,135,English,UK,PG-13,6.7,16000000.0,1666262.0,-14333738.0,James Ivory
2314,Trance,2013,101,English,UK,R,7.0,20000000.0,2319187.0,-17680813.0,Danny Boyle
2315,Soul Plane,2004,92,English,USA,R,4.4,16000000.0,13922211.0,-2077789.0,Jessy Terrero
2316,Good,2008,92,English,UK,R,6.2,15000000.0,23091.0,-14976909.0,Vicente Amorim
2317,Enter the Void,2009,161,English,France,Not Rated,7.3,13000000.0,336467.0,-12663533.0,Gaspar Noé
2318,Vamps,2012,92,English,USA,PG-13,5.1,16000000.0,2964.0,-15997036.0,Amy Heckerling
2319,The Homesman,2014,122,English,USA,R,6.6,16000000.0,2428883.0,-13571117.0,Tommy Lee Jones
2320,Juwanna Mann,2002,91,English,USA,PG-13,4.5,15600000.0,13571817.0,-2028183.0,Jesse Vaughan
2321,Slow Burn,2005,93,English,USA,R,5.9,15500000.0,1181197.0,-14318803.0,Wayne Beach
2322,Wasabi,2001,94,French,France,R,6.6,15300000.0,81525.0,-15218475.0,Gérard Krawczyk
2323,Slither,2006,95,English,Canada,R,6.5,15500000.0,7774730.0,-7725270.0,James Gunn
2324,Beverly Hills Cop,1984,105,English,USA,R,7.3,14000000.0,234760500.0,220760500.0,Martin Brest
2325,Home Alone,1990,103,English,USA,PG,7.5,18000000.0,285761243.0,267761243.0,Chris Columbus
2326,3 Men and a Baby,1987,102,English,USA,PG,5.9,11000000.0,167780960.0,156780960.0,Leonard Nimoy
2327,Tootsie,1982,116,English,USA,PG,7.4,22000000.0,177200000.0,155200000.0,Sydney Pollack
2328,Top Gun,1986,110,English,USA,PG,6.9,15000000.0,176781728.0,161781728.0,Tony Scott
2329,"Crouching Tiger, Hidden Dragon",2000,120,Mandarin,Taiwan,PG-13,7.9,15000000.0,128067808.0,113067808.0,Ang Lee
2330,American Beauty,1999,122,English,USA,R,8.4,15000000.0,130058047.0,115058047.0,Sam Mendes
2331,The King's Speech,2010,118,English,UK,R,8.0,15000000.0,138795342.0,123795342.0,Tom Hooper
2332,Twins,1988,107,English,USA,PG,6.0,15000000.0,111936400.0,96936400.0,Ivan Reitman
2333,The Yellow Handkerchief,2008,102,English,USA,PG-13,6.8,15500000.0,317040.0,-15182960.0,Udayan Prasad
2334,The Color Purple,1985,154,English,USA,PG-13,7.8,15000000.0,94175854.0,79175854.0,Steven Spielberg
2335,The Imitation Game,2014,114,English,UK,PG-13,8.1,14000000.0,91121452.0,77121452.0,Morten Tyldum
2336,Private Benjamin,1980,109,English,USA,R,6.1,10000000.0,69800000.0,59800000.0,Howard Zieff
2337,Diary of a Wimpy Kid,2010,94,English,USA,PG,6.2,15000000.0,64001297.0,49001297.0,Thor Freudenthal
2338,Mama,2013,100,English,Canada,PG-13,6.2,20000000.0,71588220.0,51588220.0,Andrés Muschietti
2339,National Lampoon's Vacation,1983,98,English,USA,R,7.4,15000000.0,61400000.0,46400000.0,Harold Ramis
2340,Bad Grandpa,2013,102,English,USA,R,6.6,15000000.0,101978840.0,86978840.0,Jeff Tremaine
2341,The Queen,2006,94,English,UK,PG-13,7.3,9800000.0,56437947.0,46637947.0,Stephen Frears
2342,Beetlejuice,1988,92,English,USA,PG,7.5,15000000.0,73326666.0,58326666.0,Tim Burton
2343,Why Did I Get Married?,2007,113,English,USA,PG-13,5.6,15000000.0,55184721.0,40184721.0,Tyler Perry
2344,Little Women,1994,115,English,USA,PG,7.3,15000000.0,50003300.0,35003300.0,Gillian Armstrong
2345,The Woman in Black,2012,95,English,UK,PG-13,6.4,17000000.0,54322273.0,37322273.0,James Watkins
2346,When a Stranger Calls,2006,87,English,USA,PG-13,5.0,15000000.0,47860214.0,32860214.0,Simon West
2347,Big Fat Liar,2002,88,English,USA,PG,5.4,15000000.0,47811275.0,32811275.0,Shawn Levy
2348,Wag the Dog,1997,97,English,USA,R,7.1,15000000.0,43022524.0,28022524.0,Barry Levinson
2349,The Lizzie McGuire Movie,2003,94,English,USA,PG,5.3,17000000.0,42672630.0,25672630.0,Jim Fall
2350,Snitch,2013,112,English,USA,PG-13,6.5,15000000.0,42919096.0,27919096.0,Ric Roman Waugh
2351,Krampus,2015,98,English,USA,PG-13,6.2,15000000.0,42592530.0,27592530.0,Michael Dougherty
2352,The Faculty,1998,104,English,USA,R,6.4,15000000.0,40064955.0,25064955.0,Robert Rodriguez
2353,Cop Land,1997,120,English,USA,R,6.9,10000000.0,44886089.0,34886089.0,James Mangold
2354,Not Another Teen Movie,2001,99,English,USA,R,5.7,16000000.0,37882551.0,21882551.0,Joel Gallen
2355,End of Watch,2012,109,English,USA,R,7.7,7000000.0,40983001.0,33983001.0,David Ayer
2356,The Skulls,2000,106,English,USA,PG-13,5.6,15000000.0,35007180.0,20007180.0,Rob Cohen
2357,The Theory of Everything,2014,123,English,UK,PG-13,7.7,15000000.0,35887263.0,20887263.0,James Marsh
2358,Malibu's Most Wanted,2003,86,English,USA,PG-13,5.1,16000000.0,34308901.0,18308901.0,John Whitesell
2359,Where the Heart Is,2000,120,English,USA,PG-13,6.8,15000000.0,33771174.0,18771174.0,Matt Williams
2360,Lawrence of Arabia,1962,227,English,UK,PG,8.4,15000000.0,6000000.0,-9000000.0,David Lean
2361,Halloween II,2009,119,English,USA,R,4.9,15000000.0,33386128.0,18386128.0,Rob Zombie
2362,Wild,2014,115,English,USA,R,7.1,15000000.0,37877959.0,22877959.0,Jean-Marc Vallée
2363,The Last House on the Left,2009,114,English,USA,R,6.6,15000000.0,32721635.0,17721635.0,Dennis Iliadis
2364,The Wedding Date,2005,90,English,USA,PG-13,6.1,15000000.0,31585300.0,16585300.0,Clare Kilner
2365,Halloween: Resurrection,2002,94,English,USA,R,4.1,15000000.0,30259652.0,15259652.0,Rick Rosenthal
2366,The Princess Bride,1987,98,English,USA,PG,8.1,16000000.0,30857814.0,14857814.0,Rob Reiner
2367,The Great Debaters,2007,126,English,USA,PG-13,7.6,15000000.0,30226144.0,15226144.0,Denzel Washington
2368,Drive,2011,100,English,USA,R,7.8,15000000.0,35054909.0,20054909.0,Nicolas Winding Refn
2369,Confessions of a Teenage Drama Queen,2004,89,English,Germany,PG,4.6,15000000.0,29302097.0,14302097.0,Sara Sugarman
2370,The Object of My Affection,1998,111,English,USA,R,6.0,15000000.0,29106737.0,14106737.0,Nicholas Hytner
2371,28 Weeks Later,2007,100,English,UK,R,7.0,15000000.0,28637507.0,13637507.0,Juan Carlos Fresnadillo
2372,When the Game Stands Tall,2014,115,English,USA,PG,6.7,15000000.0,30127963.0,15127963.0,Thomas Carter
2373,Because of Winn-Dixie,2005,106,English,USA,PG,6.4,14000000.0,32645546.0,18645546.0,Wayne Wang
2374,Love & Basketball,2000,124,English,USA,PG-13,7.2,15000000.0,27441122.0,12441122.0,Gina Prince-Bythewood
2375,Grosse Pointe Blank,1997,107,English,USA,R,7.4,15000000.0,28014536.0,13014536.0,George Armitage
2376,All About Steve,2009,99,English,USA,PG-13,4.8,15000000.0,33860010.0,18860010.0,Phil Traill
2377,Book of Shadows: Blair Witch 2,2000,90,English,USA,R,4.0,15000000.0,26421314.0,11421314.0,Joe Berlinger
2378,The Craft,1996,101,English,USA,R,6.2,15000000.0,24881000.0,9881000.0,Andrew Fleming
2379,Match Point,2005,119,English,UK,R,7.7,15000000.0,23089926.0,8089926.0,Woody Allen
2380,Ramona and Beezus,2010,103,English,USA,G,6.7,15000000.0,26161406.0,11161406.0,Elizabeth Allen Rosenbaum
2381,The Remains of the Day,1993,134,English,UK,PG,7.9,11500000.0,22954968.0,11454968.0,James Ivory
2382,Boogie Nights,1997,155,English,USA,R,7.9,15000000.0,26384919.0,11384919.0,Paul Thomas Anderson
2383,Nowhere to Run,1993,94,English,USA,R,5.5,15000000.0,22189039.0,7189039.0,Robert Harmon
2384,Flicka,2006,95,English,USA,PG,6.2,15000000.0,20998709.0,5998709.0,Michael Mayer
2385,The Hills Have Eyes II,2007,89,English,USA,R,5.1,15000000.0,20801344.0,5801344.0,Martin Weisz
2386,Urban Legends: Final Cut,2000,97,English,USA,R,4.1,14000000.0,21468807.0,7468807.0,John Ottman
2387,Tuck Everlasting,2002,90,English,USA,PG,6.7,15000000.0,19158074.0,4158074.0,Jay Russell
2388,The Marine,2006,92,English,USA,PG-13,4.7,20000000.0,18843314.0,-1156686.0,John Bonito
2389,Keanu,2016,100,English,USA,R,6.4,15000000.0,20566327.0,5566327.0,Peter Atencio
2390,Country Strong,2010,117,English,Official site,PG-13,6.3,15000000.0,20218921.0,5218921.0,Shana Feste
2391,Disturbing Behavior,1998,84,English,Australia,R,5.5,15000000.0,17411331.0,2411331.0,David Nutter
2392,The Place Beyond the Pines,2012,140,English,USA,R,7.3,15000000.0,21383298.0,6383298.0,Derek Cianfrance
2393,The November Man,2014,108,English,USA,R,6.3,15000000.0,24984868.0,9984868.0,Roger Donaldson
2394,Eye of the Beholder,1999,109,English,Canada,R,4.9,15000000.0,16459004.0,1459004.0,Stephan Elliott
2395,The Hurt Locker,2008,131,English,USA,R,7.6,15000000.0,15700000.0,700000.0,Kathryn Bigelow
2396,Firestarter,1984,114,English,USA,R,6.0,15000000.0,15100000.0,100000.0,Mark L. Lester
2397,Killing Them Softly,2012,97,English,USA,R,6.2,15000000.0,14938570.0,-61430.0,Andrew Dominik
2398,A Most Wanted Man,2014,122,English,UK,R,6.8,15000000.0,17237244.0,2237244.0,Anton Corbijn
2399,Freddy Got Fingered,2001,87,English,USA,R,4.5,15000000.0,14249005.0,-750995.0,Tom Green
2400,The Pirates Who Don't Do Anything: A VeggieTales Movie,2008,85,English,USA,G,5.7,15000000.0,12701880.0,-2298120.0,Mike Nawrocki
2401,Highlander: Endgame,2000,101,English,USA,R,4.6,15000000.0,12801190.0,-2198810.0,Douglas Aarniokoski
2402,Idlewild,2006,121,English,USA,R,6.2,15000000.0,12549485.0,-2450515.0,Bryan Barber
2403,One Day,2011,107,English,USA,PG-13,7.0,15000000.0,13766014.0,-1233986.0,Lone Scherfig
2404,Whip It,2009,111,English,USA,PG-13,6.9,15000000.0,13034417.0,-1965583.0,Drew Barrymore
2405,Confidence,2003,97,English,USA,R,6.7,15000000.0,12212417.0,-2787583.0,James Foley
2406,The Muse,1999,97,English,USA,PG-13,5.6,15000000.0,11614236.0,-3385764.0,Albert Brooks
2407,De-Lovely,2004,125,English,USA,PG-13,6.6,20000000.0,13337299.0,-6662701.0,Irwin Winkler
2408,New York Stories,1989,124,English,USA,PG,6.4,15000000.0,10763469.0,-4236531.0,Woody Allen
2409,Barney's Great Adventure,1998,76,English,Canada,G,2.8,15000000.0,11144518.0,-3855482.0,Steve Gomer
2410,The Man with the Iron Fists,2012,107,English,USA,R,5.4,15000000.0,15608545.0,608545.0,RZA
2411,Home Fries,1998,91,English,USA,PG-13,5.0,15000000.0,10443316.0,-4556684.0,Dean Parisot
2412,Here on Earth,2000,96,English,USA,PG-13,5.1,15000000.0,10494147.0,-4505853.0,Mark Piznarski
2413,Brazil,1985,142,English,UK,R,8.0,15000000.0,9929000.0,-5071000.0,Terry Gilliam
2414,Raise Your Voice,2004,103,English,USA,PG,5.9,15000000.0,10411980.0,-4588020.0,Sean McNamara
2415,The Big Lebowski,1998,117,English,USA,R,8.2,15000000.0,17439163.0,2439163.0,Joel Coen
2416,Black Snake Moan,2006,116,English,USA,R,7.0,15000000.0,9396487.0,-5603513.0,Craig Brewer
2417,Dark Blue,2002,118,English,USA,R,6.6,15000000.0,9059588.0,-5940412.0,Ron Shelton
2418,A Mighty Heart,2007,108,English,USA,R,6.7,16000000.0,9172810.0,-6827190.0,Michael Winterbottom
2419,Whatever It Takes,2000,94,English,USA,PG-13,5.5,15000000.0,8735529.0,-6264471.0,David Raynr
2420,Boat Trip,2002,97,English,USA,R,4.9,20000000.0,8586376.0,-11413624.0,Mort Nathan
2421,The Importance of Being Earnest,2002,97,English,UK,PG,6.9,15000000.0,8378141.0,-6621859.0,Oliver Parker
2422,Hoot,2006,91,English,USA,PG,5.6,15000000.0,8080116.0,-6919884.0,Wil Shriner
2423,In Bruges,2008,107,English,UK,R,8.0,15000000.0,7757130.0,-7242870.0,Martin McDonagh
2424,Peeples,2013,95,English,USA,PG-13,5.3,15000000.0,9123834.0,-5876166.0,Tina Gordon Chism
2425,The Rocker,2008,102,English,USA,PG-13,6.2,15000000.0,6409206.0,-8590794.0,Peter Cattaneo
2426,Post Grad,2009,88,English,USA,PG-13,5.3,15000000.0,6373693.0,-8626307.0,Vicky Jenson
2427,Promised Land,2012,106,English,USA,R,6.6,15000000.0,7556708.0,-7443292.0,Gus Van Sant
2428,Whatever Works,2009,92,English,USA,PG-13,7.2,15000000.0,5306447.0,-9693553.0,Woody Allen
2429,The In Crowd,2000,105,English,USA,PG-13,4.6,15000000.0,5217498.0,-9782502.0,Mary Lambert
2430,Three Burials,2005,107,English,France,R,7.5,15000000.0,5023275.0,-9976725.0,Tommy Lee Jones
2431,Jakob the Liar,1999,120,English,France,PG-13,6.5,15000000.0,4956401.0,-10043599.0,Peter Kassovitz
2432,Kiss Kiss Bang Bang,2005,103,English,USA,R,7.6,15000000.0,4235837.0,-10764163.0,Shane Black
2433,Idle Hands,1999,92,English,USA,R,6.2,20000000.0,4002955.0,-15997045.0,Rodman Flender
2434,Mulholland Drive,2001,147,English,France,R,8.0,15000000.0,7219578.0,-7780422.0,David Lynch
2435,You Will Meet a Tall Dark Stranger,2010,98,English,USA,R,6.3,22000000.0,3247816.0,-18752184.0,Woody Allen
2436,Never Let Me Go,2010,103,English,UK,R,7.2,15000000.0,2412045.0,-12587955.0,Mark Romanek
2437,Transsiberian,2008,111,English,Spain,R,6.7,15000000.0,2203641.0,-12796359.0,Brad Anderson
2438,The Clan of the Cave Bear,1986,98,English,USA,R,5.3,15000000.0,1953732.0,-13046268.0,Michael Chapman
2439,Crazy in Alabama,1999,111,English,USA,PG-13,6.3,15000000.0,1954202.0,-13045798.0,Antonio Banderas
2440,Funny Games,2007,111,English,USA,R,6.5,15000000.0,1294640.0,-13705360.0,Michael Haneke
2441,Metropolis,1927,145,German,Germany,Not Rated,8.3,6000000.0,26435.0,-5973565.0,Fritz Lang
2442,District B13,2004,84,French,France,R,7.2,12000000.0,1197786.0,-10802214.0,Pierre Morel
2443,Things to Do in Denver When You're Dead,1995,115,English,USA,R,6.8,7000000.0,529766.0,-6470234.0,Gary Fleder
2444,The Assassin,2015,105,Mandarin,Taiwan,Not Rated,6.4,15000000.0,613556.0,-14386444.0,Hsiao-Hsien Hou
2445,Buffalo Soldiers,2001,98,English,UK,R,6.9,15000000.0,353743.0,-14646257.0,Gregor Jordan
2446,Ong-bak 2,2008,110,Thai,Thailand,R,6.2,300000000.0,102055.0,-299897945.0,Tony Jaa
2447,The Midnight Meat Train,2008,103,English,USA,R,6.1,15000000.0,73548.0,-14926452.0,Ryûhei Kitamura
2448,The Son of No One,2011,90,English,USA,R,5.1,15000000.0,28870.0,-14971130.0,Dito Montiel
2449,All the Queen's Men,2001,105,English,Germany,PG-13,4.5,25000000.0,22723.0,-24977277.0,Stefan Ruzowitzky
2450,The Good Night,2007,93,English,USA,R,5.9,15000000.0,20380.0,-14979620.0,Jake Paltrow
2451,Groundhog Day,1993,101,English,USA,PG,8.1,14600000.0,70906973.0,56306973.0,Harold Ramis
2452,Magic Mike XXL,2015,115,English,USA,R,5.7,14800000.0,66009973.0,51209973.0,Gregory Jacobs
2453,Romeo + Juliet,1996,120,English,USA,PG-13,6.8,14500000.0,46338728.0,31838728.0,Baz Luhrmann
2454,Sarah's Key,2010,111,French,France,PG-13,7.5,10000000.0,7691700.0,-2308300.0,Gilles Paquet-Brenner
2455,Unforgiven,1992,131,English,USA,R,8.3,14400000.0,101157447.0,86757447.0,Clint Eastwood
2456,Manderlay,2005,139,English,Denmark,Not Rated,7.4,14200000.0,74205.0,-14125795.0,Lars von Trier
2457,Slumdog Millionaire,2008,120,English,UK,R,8.0,15000000.0,141319195.0,126319195.0,Danny Boyle
2458,Fatal Attraction,1987,119,English,USA,R,6.9,14000000.0,156645693.0,142645693.0,Adrian Lyne
2459,Pretty Woman,1990,125,English,USA,R,6.9,14000000.0,178406268.0,164406268.0,Garry Marshall
2460,Crocodile Dundee II,1988,108,English,Australia,PG,5.5,15800000.0,109306210.0,93506210.0,John Cornell
2461,Born on the Fourth of July,1989,145,English,USA,R,7.2,14000000.0,70001698.0,56001698.0,Oliver Stone
2462,Cool Runnings,1993,98,English,USA,PG,6.9,15000000.0,68856263.0,53856263.0,Jon Turteltaub
2463,My Bloody Valentine,2009,101,English,USA,R,5.5,15000000.0,51527787.0,36527787.0,Patrick Lussier
2464,Stomp the Yard,2007,109,English,USA,PG-13,5.2,14000000.0,61356221.0,47356221.0,Sylvain White
2465,The Spy Who Loved Me,1977,123,English,UK,PG,7.1,14000000.0,46800000.0,32800000.0,Lewis Gilbert
2466,Urban Legend,1998,99,English,USA,R,5.5,14000000.0,38048637.0,24048637.0,Jamie Blanks
2467,White Fang,1991,107,English,USA,PG,6.7,14000000.0,34793160.0,20793160.0,Randal Kleiser
2468,Superstar,1999,81,English,USA,PG-13,5.0,14000000.0,30628981.0,16628981.0,Bruce McCulloch
2469,The Iron Lady,2011,105,English,UK,PG-13,6.4,13000000.0,29959436.0,16959436.0,Phyllida Lloyd
2470,Jonah: A VeggieTales Movie,2002,82,English,USA,G,6.6,14000000.0,25571351.0,11571351.0,Mike Nawrocki
2471,Poetic Justice,1993,109,English,USA,R,5.9,14000000.0,27515786.0,13515786.0,John Singleton
2472,All About the Benjamins,2002,95,English,USA,R,5.7,14000000.0,25482931.0,11482931.0,Kevin Bray
2473,Vampire in Brooklyn,1995,100,English,USA,R,4.5,20000000.0,19900000.0,-100000.0,Wes Craven
2474,An American Haunting,2005,91,English,UK,PG-13,5.0,14000000.0,16298046.0,2298046.0,Courtney Solomon
2475,My Boss's Daughter,2003,90,English,USA,PG-13,4.6,14000000.0,15549702.0,1549702.0,David Zucker
2476,A Perfect Getaway,2009,108,English,USA,R,6.5,14000000.0,15483540.0,1483540.0,David Twohy
2477,Our Family Wedding,2010,103,English,USA,PG-13,4.9,14000000.0,20246959.0,6246959.0,Rick Famuyiwa
2478,Dead Man on Campus,1998,96,English,USA,R,6.0,14000000.0,15062898.0,1062898.0,Alan Cohn
2479,Tea with Mussolini,1999,117,English,Italy,PG,6.9,12000000.0,14348123.0,2348123.0,Franco Zeffirelli
2480,Thinner,1996,93,English,USA,R,5.7,8500000.0,15171475.0,6671475.0,Tom Holland
2481,Crooklyn,1994,115,English,USA,PG-13,6.9,14000000.0,13640000.0,-360000.0,Spike Lee
2482,Jason X,2001,85,English,USA,R,4.4,11000000.0,12610731.0,1610731.0,James Isaac
2483,Bobby,2006,112,English,USA,R,7.0,14000000.0,11204499.0,-2795501.0,Emilio Estevez
2484,Head Over Heels,2001,86,English,USA,PG-13,5.4,14000000.0,10397365.0,-3602635.0,Mark Waters
2485,Fun Size,2012,86,English,USA,PG-13,5.4,14000000.0,9402410.0,-4597590.0,Josh Schwartz
2486,Little Children,2006,137,English,USA,R,7.6,26000000.0,5459824.0,-20540176.0,Todd Field
2487,Gossip,2000,90,English,USA,R,5.9,24000000.0,5108820.0,-18891180.0,Davis Guggenheim
2488,A Walk on the Moon,1999,107,English,USA,R,6.6,14000000.0,4741987.0,-9258013.0,Tony Goldwyn
2489,Catch a Fire,2006,98,English,France,PG-13,6.7,14000000.0,4291965.0,-9708035.0,Phillip Noyce
2490,Soul Survivors,2001,84,English,USA,PG-13,3.9,14000000.0,3100650.0,-10899350.0,Stephen Carpenter
2491,Jefferson in Paris,1995,139,English,France,PG-13,5.7,14000000.0,2474000.0,-11526000.0,James Ivory
2492,Caravans,1978,127,English,Iran,PG,6.5,14000000.0,1000000.0,-13000000.0,James Fargo
2493,Mr. Turner,2014,150,English,UK,R,6.8,8200000.0,3958500.0,-4241500.0,Mike Leigh
2494,Amen.,2002,132,English,France,Unrated,7.3,103000000.0,274299.0,-102725701.0,Costa-Gavras
2495,The Lucky Ones,2008,115,English,USA,R,7.0,15000000.0,183088.0,-14816912.0,Neil Burger
2496,Margaret,2011,186,English,USA,R,6.5,14000000.0,46495.0,-13953505.0,Kenneth Lonergan
2497,Flipped,2010,90,English,USA,PG,7.7,14000000.0,1752214.0,-12247786.0,Rob Reiner
2498,Brokeback Mountain,2005,134,English,USA,R,7.7,14000000.0,83025853.0,69025853.0,Ang Lee
2499,Clueless,1995,97,English,USA,PG-13,6.8,12000000.0,56631572.0,44631572.0,Amy Heckerling
2500,Far from Heaven,2002,107,English,USA,PG-13,7.4,13500000.0,15854988.0,2354988.0,Todd Haynes
2501,Hot Tub Time Machine 2,2015,99,English,USA,R,5.1,14000000.0,12282677.0,-1717323.0,Steve Pink
2502,Quills,2000,124,English,UK,R,7.4,13500000.0,7060876.0,-6439124.0,Philip Kaufman
2503,Seven Psychopaths,2012,110,English,UK,R,7.2,15000000.0,14989761.0,-10239.0,Martin McDonagh
2504,Downfall,2004,178,German,Germany,R,8.3,13500000.0,5501940.0,-7998060.0,Oliver Hirschbiegel
2505,The Sea Inside,2004,125,Spanish,Spain,PG-13,8.1,10000000.0,2086345.0,-7913655.0,Alejandro Amenábar
2506,"Good Morning, Vietnam",1987,121,English,USA,R,7.3,13000000.0,123922370.0,110922370.0,Barry Levinson
2507,The Last Godfather,2010,100,English,South Korea,PG-13,3.6,13400000.0,163591.0,-13236409.0,Hyung-rae Shim
2508,Justin Bieber: Never Say Never,2011,115,English,USA,G,1.6,13000000.0,73000942.0,60000942.0,Jon M. Chu
2509,Black Swan,2010,108,English,USA,R,8.0,13000000.0,106952327.0,93952327.0,Darren Aronofsky
2510,The Godfather: Part II,1974,220,English,USA,R,9.0,13000000.0,57300000.0,44300000.0,Francis Ford Coppola
2511,Save the Last Dance,2001,112,English,USA,PG-13,6.1,13000000.0,91038276.0,78038276.0,Thomas Carter
2512,A Nightmare on Elm Street 4: The Dream Master,1988,99,English,USA,R,5.7,7000000.0,49369900.0,42369900.0,Renny Harlin
2513,Miracles from Heaven,2016,109,English,USA,PG,6.8,13000000.0,61693523.0,48693523.0,Patricia Riggen
2514,"Dude, Where's My Car?",2000,83,English,USA,PG-13,5.5,13000000.0,46729374.0,33729374.0,Danny Leiner
2515,Young Guns,1988,107,English,USA,R,6.8,13000000.0,44726644.0,31726644.0,Christopher Cain
2516,St. Vincent,2014,102,English,USA,PG-13,7.3,13000000.0,44134898.0,31134898.0,Theodore Melfi
2517,About Last Night,2014,100,English,USA,R,6.1,12500000.0,48637684.0,36137684.0,Steve Pink
2518,10 Things I Hate About You,1999,97,English,USA,PG-13,7.2,16000000.0,38176108.0,22176108.0,Gil Junger
2519,The New Guy,2002,92,English,USA,PG-13,5.9,13000000.0,28972187.0,15972187.0,Ed Decter
2520,Loaded Weapon 1,1993,84,English,USA,PG-13,6.1,8200000.0,27979400.0,19779400.0,Gene Quintano
2521,The Shallows,2016,86,English,USA,PG-13,6.8,17000000.0,54257433.0,37257433.0,Jaume Collet-Serra
2522,The Butterfly Effect,2004,120,English,USA,R,7.7,13000000.0,23947.0,-12976053.0,Eric Bress
2523,Snow Day,2000,89,English,USA,PG,4.9,13000000.0,60008303.0,47008303.0,Chris Koch
2524,This Christmas,2007,117,English,USA,PG-13,6.1,13000000.0,49121934.0,36121934.0,Preston A. Whitmore II
2525,Baby Geniuses,1999,97,English,USA,PG,2.5,18000000.0,27141959.0,9141959.0,Bob Clark
2526,The Big Hit,1998,91,English,USA,R,6.1,13000000.0,27052167.0,14052167.0,Kirk Wong
2527,Harriet the Spy,1996,100,English,USA,PG,5.9,13000000.0,26539321.0,13539321.0,Bronwen Hughes
2528,Child's Play 2,1990,72,English,USA,R,5.7,13000000.0,28501605.0,15501605.0,John Lafia
2529,No Good Deed,2014,84,English,USA,PG-13,5.6,13200000.0,52543632.0,39343632.0,Sam Miller
2530,The Mist,2007,126,English,USA,R,7.2,18000000.0,25592632.0,7592632.0,Frank Darabont
2531,Ex Machina,2015,108,English,UK,R,7.7,15000000.0,25440971.0,10440971.0,Alex Garland
2532,Being John Malkovich,1999,112,English,USA,R,7.8,13000000.0,22858926.0,9858926.0,Spike Jonze
2533,Two Can Play That Game,2001,90,English,USA,R,6.1,6000000.0,22235901.0,16235901.0,Mark Brown
2534,Earth to Echo,2014,91,English,USA,PG,5.8,13000000.0,38916903.0,25916903.0,Dave Green
2535,Crazy/Beautiful,2001,135,English,USA,PG-13,6.5,14000000.0,16929123.0,2929123.0,John Stockwell
2536,Letters from Iwo Jima,2006,141,Japanese,USA,R,7.9,19000000.0,13753931.0,-5246069.0,Clint Eastwood
2537,The Astronaut Farmer,2006,104,English,USA,PG,6.3,13000000.0,10996440.0,-2003560.0,Michael Polish
2538,Room,2015,118,English,Ireland,R,8.3,13000000.0,14677654.0,1677654.0,Lenny Abrahamson
2539,Dirty Work,1998,82,English,Canada,PG-13,6.4,13000000.0,9975684.0,-3024316.0,Bob Saget
2540,Serial Mom,1994,95,English,USA,R,6.7,13000000.0,7881335.0,-5118665.0,John Waters
2541,Dick,1999,94,English,France,PG-13,6.1,13000000.0,6241697.0,-6758303.0,Andrew Fleming
2542,Light It Up,1999,99,English,USA,R,6.0,13000000.0,5871603.0,-7128397.0,Craig Bolotin
2543,54,1998,121,English,USA,R,5.8,13000000.0,16574731.0,3574731.0,Mark Christopher
2544,Bubble Boy,2001,84,English,USA,PG-13,5.6,13000000.0,5002310.0,-7997690.0,Blair Hayes
2545,Birthday Girl,2001,93,English,UK,R,6.1,13000000.0,4919896.0,-8080104.0,Jez Butterworth
2546,21 & Over,2013,93,English,USA,R,5.9,13000000.0,25675765.0,12675765.0,Jon Lucas
2547,"Paris, je t'aime",2006,120,French,France,R,7.3,13000000.0,4857376.0,-8142624.0,Olivier Assayas
2548,Resurrecting the Champ,2007,112,English,USA,PG-13,6.8,13000000.0,3169424.0,-9830576.0,Rod Lurie
2549,Admission,2013,107,English,USA,PG-13,5.7,13000000.0,18004225.0,5004225.0,Paul Weitz
2550,The Widow of Saint-Pierre,2000,112,French,France,R,7.3,100000000.0,3058380.0,-96941620.0,Patrice Leconte
2551,Chloe,2009,96,English,USA,R,6.3,11000000.0,3074838.0,-7925162.0,Atom Egoyan
2552,Faithful,1996,91,English,USA,R,5.9,13000000.0,2104000.0,-10896000.0,Paul Mazursky
2553,Find Me Guilty,2006,125,English,Germany,R,7.1,13000000.0,1172769.0,-11827231.0,Sidney Lumet
2554,The Perks of Being a Wallflower,2012,102,English,USA,PG-13,8.0,13000000.0,17738570.0,4738570.0,Stephen Chbosky
2555,Excessive Force,1993,87,English,USA,R,5.1,3000000.0,1200000.0,-1800000.0,Jon Hess
2556,Infamous,2006,118,English,USA,R,7.1,13000000.0,1150403.0,-11849597.0,Douglas McGrath
2557,The Claim,2000,115,English,UK,R,6.5,20000000.0,403932.0,-19596068.0,Michael Winterbottom
2558,The Vatican Tapes,2015,91,English,USA,PG-13,4.5,8495000.0,1712111.0,-6782889.0,Mark Neveldine
2559,Attack the Block,2011,88,English,UK,R,6.6,13000000.0,1024175.0,-11975825.0,Joe Cornish
2560,In the Land of Blood and Honey,2011,127,Bosnian,USA,R,4.3,13000000.0,301305.0,-12698695.0,Angelina Jolie Pitt
2561,The Call,2013,94,English,USA,R,6.7,13000000.0,51872378.0,38872378.0,Brad Anderson
2562,The Crocodile Hunter: Collision Course,2002,90,English,Australia,PG,5.4,13000000.0,28399192.0,15399192.0,John Stainton
2563,I Love You Phillip Morris,2009,102,English,France,R,6.6,13000000.0,2035566.0,-10964434.0,Glenn Ficarra
2564,Antwone Fisher,2002,117,English,USA,PG-13,7.3,12500000.0,21078145.0,8578145.0,Denzel Washington
2565,The Emperor's Club,2002,109,English,USA,PG-13,6.9,12500000.0,14060950.0,1560950.0,Michael Hoffman
2566,True Romance,1993,121,English,USA,R,8.0,13000000.0,12281500.0,-718500.0,Tony Scott
2567,Glengarry Glen Ross,1992,100,English,USA,R,7.8,12500000.0,10725228.0,-1774772.0,James Foley
2568,The Killer Inside Me,2010,109,English,USA,R,6.1,13000000.0,214966.0,-12785034.0,Michael Winterbottom
2569,Sorority Row,2009,101,English,USA,R,5.1,16000000.0,11956207.0,-4043793.0,Stewart Hendler
2570,Lars and the Real Girl,2007,106,English,USA,PG-13,7.4,12000000.0,5949693.0,-6050307.0,Craig Gillespie
2571,The Boy in the Striped Pajamas,2008,94,English,UK,PG-13,7.8,12500000.0,9030581.0,-3469419.0,Mark Herman
2572,Dancer in the Dark,2000,140,English,Denmark,R,8.0,12800000.0,4157491.0,-8642509.0,Lars von Trier
2573,Oscar and Lucinda,1997,132,English,USA,R,6.7,16000000.0,1508689.0,-14491311.0,Gillian Armstrong
2574,The Funeral,1996,99,English,USA,R,6.6,12500000.0,1227324.0,-11272676.0,Abel Ferrara
2575,Solitary Man,2009,90,English,USA,R,6.4,15000000.0,4360548.0,-10639452.0,Brian Koppelman
2576,Machete,2010,105,English,USA,R,6.7,10500000.0,26589953.0,16089953.0,Ethan Maniquis
2577,Casino Jack,2010,108,English,Canada,R,6.2,15000000.0,1039869.0,-13960131.0,George Hickenlooper
2578,The Land Before Time,1988,69,English,USA,G,7.3,12500000.0,48092846.0,35592846.0,Don Bluth
2579,Tae Guk Gi: The Brotherhood of War,2004,148,Korean,South Korea,R,8.1,12800000.0,1110186.0,-11689814.0,Je-kyu Kang
2580,The Perfect Game,2009,118,English,Canada,PG,7.0,12500000.0,1089445.0,-11410555.0,William Dear
2581,The Exorcist,1973,132,English,USA,R,8.0,8000000.0,204565000.0,196565000.0,William Friedkin
2582,Jaws,1975,130,English,USA,PG,8.0,8000000.0,260000000.0,252000000.0,Steven Spielberg
2583,American Pie,1999,95,English,USA,R,7.0,11000000.0,101736215.0,90736215.0,Paul Weitz
2584,Ernest & Celestine,2012,80,French,France,PG,7.9,9600000.0,71442.0,-9528558.0,Stéphane Aubier
2585,The Golden Child,1986,94,English,USA,PG-13,5.9,25000000.0,79817937.0,54817937.0,Michael Ritchie
2586,Think Like a Man,2012,122,English,USA,PG-13,6.6,12000000.0,91547205.0,79547205.0,Tim Story
2587,Barbershop,2002,102,English,USA,PG-13,6.3,12000000.0,75074950.0,63074950.0,Tim Story
2588,Star Trek II: The Wrath of Khan,1982,116,English,USA,PG,7.7,11000000.0,78900000.0,67900000.0,Nicholas Meyer
2589,Ace Ventura: Pet Detective,1994,78,English,USA,PG-13,6.9,12000000.0,72217000.0,60217000.0,Tom Shadyac
2590,WarGames,1983,114,English,USA,PG,7.1,12000000.0,79568000.0,67568000.0,John Badham
2591,Witness,1985,112,English,USA,R,7.4,12000000.0,65500000.0,53500000.0,Peter Weir
2592,Act of Valor,2012,110,English,USA,R,6.5,12000000.0,70011073.0,58011073.0,Mike McCoy
2593,Step Up,2006,104,English,USA,PG-13,6.5,12000000.0,65269010.0,53269010.0,Anne Fletcher
2594,Beavis and Butt-Head Do America,1996,81,English,USA,PG-13,6.8,12000000.0,63071133.0,51071133.0,Mike Judge
2595,Jackie Brown,1997,154,English,USA,R,7.5,12000000.0,39647595.0,27647595.0,Quentin Tarantino
2596,Harold & Kumar Escape from Guantanamo Bay,2008,102,English,USA,R,6.6,12000000.0,38087366.0,26087366.0,Jon Hurwitz
2597,Chronicle,2012,89,English,USA,PG-13,7.1,12000000.0,64572496.0,52572496.0,Josh Trank
2598,Yentl,1983,132,English,UK,PG,6.6,12000000.0,30400000.0,18400000.0,Barbra Streisand
2599,Time Bandits,1981,103,English,UK,PG,7.0,5000000.0,42365600.0,37365600.0,Terry Gilliam
2600,Crossroads,2002,93,English,USA,PG-13,3.3,12000000.0,37188667.0,25188667.0,Tamra Davis
2601,Project X,2012,93,English,USA,R,6.7,12000000.0,54724272.0,42724272.0,Nima Nourizadeh
2602,One Hour Photo,2002,96,English,USA,R,6.8,12000000.0,31597131.0,19597131.0,Mark Romanek
2603,Quarantine,2008,89,English,USA,R,6.0,12000000.0,31691811.0,19691811.0,John Erick Dowdle
2604,The Eye,2008,92,English,USA,PG-13,5.4,12000000.0,31397498.0,19397498.0,David Moreau
2605,Johnson Family Vacation,2004,97,English,USA,PG-13,4.3,12000000.0,31179516.0,19179516.0,Christopher Erskin
2606,How High,2001,93,English,USA,R,6.2,12000000.0,31155435.0,19155435.0,Jesse Dylan
2607,The Muppet Christmas Carol,1992,89,English,USA,G,7.7,12000000.0,27281507.0,15281507.0,Brian Henson
2608,Frida,2002,123,English,USA,R,7.4,12000000.0,25776062.0,13776062.0,Julie Taymor
2609,Katy Perry: Part of Me,2012,93,English,USA,PG,5.9,12000000.0,25240988.0,13240988.0,Dan Cutforth
2610,The Fault in Our Stars,2014,133,English,USA,PG-13,7.8,12000000.0,124868837.0,112868837.0,Josh Boone
2611,Rounders,1998,121,English,USA,R,7.4,12000000.0,22905674.0,10905674.0,John Dahl
2612,Top Five,2014,102,English,USA,R,6.5,12000000.0,25277561.0,13277561.0,Chris Rock
2613,Stir of Echoes,1999,99,English,USA,R,7.0,12000000.0,21133087.0,9133087.0,David Koepp
2614,Philomena,2013,98,English,UK,PG-13,7.6,12000000.0,37707719.0,25707719.0,Stephen Frears
2615,The Upside of Anger,2005,118,English,USA,R,6.9,9000000.0,18761993.0,9761993.0,Mike Binder
2616,Aquamarine,2006,104,English,USA,PG,5.3,12000000.0,18595716.0,6595716.0,Elizabeth Allen Rosenbaum
2617,Paper Towns,2015,109,English,USA,PG-13,6.4,12000000.0,31990064.0,19990064.0,Jake Schreier
2618,Nebraska,2013,115,English,USA,R,7.8,12000000.0,17613460.0,5613460.0,Alexander Payne
2619,Tales from the Crypt: Demon Knight,1995,92,English,USA,R,6.7,13000000.0,21088568.0,8088568.0,Ernest R. Dickerson
2620,Max Keeble's Big Move,2001,91,English,USA,PG,5.3,12000000.0,17292381.0,5292381.0,Tim Hill
2621,Young Adult,2011,94,English,USA,R,6.3,12000000.0,16300302.0,4300302.0,Jason Reitman
2622,Crank,2006,93,English,USA,R,7.0,12000000.0,27829874.0,15829874.0,Mark Neveldine
2623,Living Out Loud,1998,100,English,USA,R,6.6,12000000.0,12902790.0,902790.0,Richard LaGravenese
2624,Das Boot,1981,293,German,West Germany,R,8.4,14000000.0,11433134.0,-2566866.0,Wolfgang Petersen
2625,Sorority Boys,2002,93,English,USA,R,5.4,12000000.0,10198766.0,-1801234.0,Wallace Wolodarsky
2626,About Time,2013,123,English,UK,R,7.8,12000000.0,15294553.0,3294553.0,Richard Curtis
2627,House of Flying Daggers,2004,119,Mandarin,China,PG-13,7.6,100000000.0,11041228.0,-88958772.0,Yimou Zhang
2628,Arbitrage,2012,107,English,USA,R,6.6,12000000.0,7918283.0,-4081717.0,Nicholas Jarecki
2629,Project Almanac,2015,106,English,USA,PG-13,6.4,12000000.0,22331028.0,10331028.0,Dean Israelite
2630,Cadillac Records,2008,109,English,USA,R,7.0,12000000.0,8134217.0,-3865783.0,Darnell Martin
2631,Screwed,2000,81,English,USA,PG-13,5.7,10000000.0,6982680.0,-3017320.0,Scott Alexander
2632,Fortress,1992,95,English,Australia,R,5.9,8000000.0,6739141.0,-1260859.0,Stuart Gordon
2633,For Your Consideration,2006,86,English,USA,PG-13,6.3,12000000.0,5542025.0,-6457975.0,Christopher Guest
2634,Celebrity,1998,113,English,USA,R,6.3,12000000.0,5032496.0,-6967504.0,Woody Allen
2635,Running with Scissors,2006,122,English,USA,R,6.2,12000000.0,6754898.0,-5245102.0,Ryan Murphy
2636,From Justin to Kelly,2003,90,English,USA,PG,2.1,12000000.0,4922166.0,-7077834.0,Robert Iscove
2637,Girl 6,1996,108,English,USA,R,5.0,12000000.0,4903000.0,-7097000.0,Spike Lee
2638,In the Cut,2003,113,English,Australia,R,5.3,12000000.0,4717455.0,-7282545.0,Jane Campion
2639,Two Lovers,2008,110,English,USA,R,7.1,12000000.0,3148482.0,-8851518.0,James Gray
2640,Last Orders,2001,109,English,UK,R,7.0,12000000.0,2326407.0,-9673593.0,Fred Schepisi
2641,The Host,2006,110,Korean,South Korea,R,7.0,12215500000.0,2201412.0,-12213298588.0,Joon-ho Bong
2642,Ravenous,1999,101,English,Czech Republic,R,7.1,12000000.0,2060953.0,-9939047.0,Antonia Bird
2643,Charlie Bartlett,2007,97,English,USA,R,7.0,12000000.0,3950294.0,-8049706.0,Jon Poll
2644,The Great Beauty,2013,172,Italian,Italy,Not Rated,7.7,9200000.0,2835886.0,-6364114.0,Paolo Sorrentino
2645,The Dangerous Lives of Altar Boys,2002,104,English,USA,R,7.1,12000000.0,1779284.0,-10220716.0,Peter Care
2646,Stoker,2013,99,English,UK,R,6.8,12000000.0,1702277.0,-10297723.0,Chan-wook Park
2647,2046,2004,129,Cantonese,Hong Kong,R,7.5,12000000.0,261481.0,-11738519.0,Kar-Wai Wong
2648,Married Life,2007,91,English,USA,PG-13,6.3,12000000.0,1506998.0,-10493002.0,Ira Sachs
2649,Duma,2005,100,English,USA,PG,7.3,12000000.0,860002.0,-11139998.0,Carroll Ballard
2650,Ondine,2009,111,English,Ireland,PG-13,6.8,12000000.0,548934.0,-11451066.0,Neil Jordan
2651,Brother,2000,114,English,USA,R,7.2,10000000.0,447750.0,-9552250.0,Takeshi Kitano
2652,Welcome to Collinwood,2002,86,English,USA,R,6.4,12000000.0,333976.0,-11666024.0,Anthony Russo
2653,Critical Care,1997,107,English,Australia,R,6.0,12000000.0,141853.0,-11858147.0,Sidney Lumet
2654,The Life Before Her Eyes,2007,90,English,USA,R,6.4,8000000.0,303439.0,-7696561.0,Vadim Perelman
2655,Trade,2007,120,English,Germany,R,7.5,12000000.0,214202.0,-11785798.0,Marco Kreuzpaintner
2656,Fateless,2005,134,Hungarian,Hungary,R,7.1,2500000000.0,195888.0,-2499804112.0,Lajos Koltai
2657,Breakfast of Champions,1999,110,English,USA,R,4.6,12000000.0,175370.0,-11824630.0,Alan Rudolph
2658,City of Life and Death,2009,132,Mandarin,China,R,7.7,12000000.0,119922.0,-11880078.0,Chuan Lu
2659,5 Days of War,2011,113,English,Georgia,R,5.6,20000000.0,17149.0,-19982851.0,Renny Harlin
2660,Heaven Is for Real,2014,99,English,USA,PG,5.8,12000000.0,91443253.0,79443253.0,Randall Wallace
2661,Snatch,2000,104,English,UK,R,8.3,6000000.0,30093107.0,24093107.0,Guy Ritchie
2662,Pet Sematary,1989,103,English,USA,R,6.6,11500000.0,57469179.0,45969179.0,Mary Lambert
2663,Gremlins,1984,106,English,USA,PG,7.2,11000000.0,148170000.0,137170000.0,Joe Dante
2664,Star Wars: Episode IV - A New Hope,1977,125,English,USA,PG,8.7,11000000.0,460935665.0,449935665.0,George Lucas
2665,Dirty Grandpa,2016,109,English,USA,R,6.0,11500000.0,35537564.0,24037564.0,Dan Mazer
2666,Doctor Zhivago,1965,200,English,USA,PG-13,8.0,11000000.0,111722000.0,100722000.0,David Lean
2667,High School Musical 3: Senior Year,2008,112,English,USA,G,4.5,11000000.0,90556401.0,79556401.0,Kenny Ortega
2668,The Fighter,2010,116,English,USA,R,7.9,25000000.0,93571803.0,68571803.0,David O. Russell
2669,My Cousin Vinny,1992,120,English,USA,R,7.5,11000000.0,52929168.0,41929168.0,Jonathan Lynn
2670,If I Stay,2014,107,English,USA,PG-13,6.8,11000000.0,50461335.0,39461335.0,R.J. Cutler
2671,Major League,1989,107,English,USA,R,7.2,11000000.0,49797148.0,38797148.0,David S. Ward
2672,Phone Booth,2002,81,English,USA,R,7.1,13000000.0,46563158.0,33563158.0,Joel Schumacher
2673,A Walk to Remember,2002,101,English,USA,PG,7.4,11000000.0,41227069.0,30227069.0,Adam Shankman
2674,Dead Man Walking,1995,122,English,UK,R,7.6,11000000.0,39025000.0,28025000.0,Tim Robbins
2675,Cruel Intentions,1999,97,English,USA,R,6.9,10500000.0,38201895.0,27701895.0,Roger Kumble
2676,Saw VI,2009,92,English,Canada,R,6.0,11000000.0,27669413.0,16669413.0,Kevin Greutert
2677,The Secret Life of Bees,2008,110,English,USA,PG-13,7.3,11000000.0,37766350.0,26766350.0,Gina Prince-Bythewood
2678,Corky Romano,2001,86,English,USA,PG-13,4.6,11000000.0,23978402.0,12978402.0,Rob Pritts
2679,Raising Cain,1992,91,English,USA,R,6.0,12000000.0,21370057.0,9370057.0,Brian De Palma
2680,Invaders from Mars,1986,100,English,USA,PG,5.5,12000000.0,4884663.0,-7115337.0,Tobe Hooper
2681,Brooklyn,2015,111,English,UK,PG-13,7.5,11000000.0,38317535.0,27317535.0,John Crowley
2682,Out Cold,2001,89,English,USA,PG-13,6.3,11000000.0,13903262.0,2903262.0,Brendan Malloy
2683,The Ladies Man,2000,84,English,USA,R,5.1,11000000.0,13592872.0,2592872.0,Reginald Hudlin
2684,Quartet,2012,98,English,UK,PG-13,6.8,11000000.0,18381787.0,7381787.0,Dustin Hoffman
2685,Tomcats,2001,95,English,USA,R,5.3,11000000.0,13558739.0,2558739.0,Gregory Poirier
2686,Frailty,2001,100,English,USA,R,7.3,11000000.0,13103828.0,2103828.0,Bill Paxton
2687,Woman in Gold,2015,109,English,UK,PG-13,7.3,11000000.0,33305037.0,22305037.0,Simon Curtis
2688,Kinsey,2004,118,English,USA,R,7.1,11000000.0,10214647.0,-785353.0,Bill Condon
2689,Army of Darkness,1992,88,English,USA,R,7.6,13000000.0,11501093.0,-1498907.0,Sam Raimi
2690,Slackers,2002,86,English,Canada,R,5.3,11000000.0,4814244.0,-6185756.0,Dewey Nicks
2691,What's Eating Gilbert Grape,1993,118,English,USA,PG-13,7.8,11000000.0,9170214.0,-1829786.0,Lasse Hallström
2692,The Visual Bible: The Gospel of John,2003,125,English,Canada,PG-13,7.7,17000000.0,4068087.0,-12931913.0,Philip Saville
2693,Vera Drake,2004,125,English,UK,R,7.7,11000000.0,3753806.0,-7246194.0,Mike Leigh
2694,The Guru,2002,94,English,UK,R,5.4,11000000.0,3034181.0,-7965819.0,Daisy von Scherler Mayer
2695,The Perez Family,1995,113,English,USA,R,6.2,11000000.0,2832826.0,-8167174.0,Mira Nair
2696,Inside Llewyn Davis,2013,104,English,USA,R,7.4,11000000.0,13214255.0,2214255.0,Ethan Coen
2697,O,2001,95,English,USA,R,6.2,5000000.0,16017403.0,11017403.0,Tim Blake Nelson
2698,Return to the Blue Lagoon,1991,102,English,USA,PG-13,5.1,11000000.0,2807854.0,-8192146.0,William A. Graham
2699,Copying Beethoven,2006,104,English,USA,PG-13,6.8,11000000.0,352786.0,-10647214.0,Agnieszka Holland
2700,Saw V,2008,95,English,USA,R,5.8,10800000.0,56729973.0,45929973.0,David Hackl
2701,Jindabyne,2006,118,English,Australia,R,6.4,15000000.0,399879.0,-14600121.0,Ray Lawrence
2702,Kabhi Alvida Naa Kehna,2006,193,Hindi,India,R,6.0,700000000.0,3275443.0,-696724557.0,Karan Johar
2703,An Ideal Husband,1999,97,English,UK,PG-13,6.9,14000000.0,18535191.0,4535191.0,Oliver Parker
2704,The Last Days on Mars,2013,98,English,UK,R,5.5,7000000.0,23838.0,-6976162.0,Ruairi Robinson
2705,Darkness,2002,103,English,USA,PG-13,5.4,10600000.0,22160085.0,11560085.0,Jaume Balagueró
2706,2001: A Space Odyssey,1968,161,English,UK,G,8.3,12000000.0,56715371.0,44715371.0,Stanley Kubrick
2707,E.T. the Extra-Terrestrial,1982,120,English,USA,PG,7.9,10500000.0,434949459.0,424449459.0,Steven Spielberg
2708,In the Land of Women,2007,97,English,USA,PG-13,6.5,10000000.0,11043445.0,1043445.0,Jon Kasdan
2709,For Greater Glory: The True Story of Cristiada,2012,145,Spanish,Mexico,R,6.6,10818775.0,5669081.0,-5149694.0,Dean Wright
2710,Good Will Hunting,1997,126,English,USA,R,8.3,10000000.0,138339411.0,128339411.0,Gus Van Sant
2711,Saw III,2006,121,English,USA,R,6.2,10000000.0,80150343.0,70150343.0,Darren Lynn Bousman
2712,Stripes,1981,117,English,USA,R,6.9,10000000.0,85300000.0,75300000.0,Ivan Reitman
2713,Bring It On,2000,98,English,USA,PG-13,5.9,10000000.0,68353550.0,58353550.0,Peyton Reed
2714,The Purge: Election Year,2016,109,English,France,R,6.1,10000000.0,78845130.0,68845130.0,James DeMonaco
2715,She's All That,1999,95,English,USA,PG-13,5.8,10000000.0,63319509.0,53319509.0,Robert Iscove
2716,Saw IV,2007,96,English,USA,R,5.9,10000000.0,63270259.0,53270259.0,Darren Lynn Bousman
2717,White Noise,2005,101,English,UK,PG-13,5.5,10000000.0,55865715.0,45865715.0,Geoffrey Sax
2718,Madea's Family Reunion,2006,107,English,USA,PG-13,5.0,6000000.0,63231524.0,57231524.0,Tyler Perry
2719,The Color of Money,1986,119,English,USA,R,7.0,13800000.0,52293982.0,38493982.0,Martin Scorsese
2720,The Mighty Ducks,1992,100,English,USA,PG,6.4,10000000.0,50752337.0,40752337.0,Stephen Herek
2721,The Grudge,2004,98,English,USA,PG-13,5.9,10000000.0,110175871.0,100175871.0,Takashi Shimizu
2722,Happy Gilmore,1996,92,English,USA,PG-13,7.0,12000000.0,38624000.0,26624000.0,Dennis Dugan
2723,Jeepers Creepers,2001,90,English,Germany,R,6.1,10000000.0,37470017.0,27470017.0,Victor Salva
2724,Bill & Ted's Excellent Adventure,1989,90,English,USA,PG,6.9,10000000.0,40485039.0,30485039.0,Stephen Herek
2725,Oliver!,1968,153,English,UK,G,7.5,10000000.0,16800000.0,6800000.0,Carol Reed
2726,The Best Exotic Marigold Hotel,2011,124,English,UK,PG-13,7.3,10000000.0,46377022.0,36377022.0,John Madden
2727,Recess: School's Out,2001,82,English,USA,G,6.5,23000000.0,36696761.0,13696761.0,Chuck Sheetz
2728,Mad Max Beyond Thunderdome,1985,107,English,Australia,PG-13,6.2,12305523.0,36200000.0,23894477.0,George Miller
2729,The Boy,2016,97,English,USA,PG-13,6.0,10000000.0,35794166.0,25794166.0,William Brent Bell
2730,Devil,2010,80,English,USA,PG-13,6.3,10000000.0,33583175.0,23583175.0,John Erick Dowdle
2731,Friday After Next,2002,85,English,USA,R,5.8,20000000.0,32983713.0,12983713.0,Marcus Raboy
2732,Insidious: Chapter 3,2015,97,English,Canada,PG-13,6.1,10000000.0,52200504.0,42200504.0,Leigh Whannell
2733,The Last Dragon,1985,109,English,USA,PG-13,6.9,10000000.0,33000000.0,23000000.0,Michael Schultz
2734,The Lawnmower Man,1992,140,English,UK,R,5.4,10000000.0,32101000.0,22101000.0,Brett Leonard
2735,Nick and Norah's Infinite Playlist,2008,90,English,USA,PG-13,6.7,9000000.0,31487293.0,22487293.0,Peter Sollett
2736,Dogma,1999,130,English,USA,R,7.4,10000000.0,30651422.0,20651422.0,Kevin Smith
2737,The Banger Sisters,2002,98,English,USA,R,5.6,10000000.0,30306281.0,20306281.0,Bob Dolman
2738,Twilight Zone: The Movie,1983,101,English,USA,PG,6.5,10000000.0,29500000.0,19500000.0,Joe Dante
2739,Road House,1989,114,English,USA,R,6.5,17000000.0,30050028.0,13050028.0,Rowdy Herrington
2740,A Low Down Dirty Shame,1994,100,English,USA,R,5.8,10000000.0,29392418.0,19392418.0,Keenen Ivory Wayans
2741,Swimfan,2002,85,English,USA,PG-13,5.0,8500000.0,28563926.0,20063926.0,John Polson
2742,Employee of the Month,2006,103,English,USA,PG-13,5.5,12000000.0,28435406.0,16435406.0,Greg Coolidge
2743,Can't Hardly Wait,1998,100,English,USA,PG-13,6.5,10000000.0,25339117.0,15339117.0,Harry Elfont
2744,The Outsiders,1983,114,English,USA,PG-13,7.2,10000000.0,25600000.0,15600000.0,Francis Ford Coppola
2745,Sinister 2,2015,97,English,USA,R,5.2,10000000.0,27736779.0,17736779.0,Ciarán Foy
2746,Sparkle,2012,116,English,USA,PG-13,5.7,17000000.0,24397469.0,7397469.0,Salim Akil
2747,Valentine,2001,96,English,USA,R,4.7,10000000.0,20384136.0,10384136.0,Jamie Blanks
2748,The Fourth Kind,2009,98,English,USA,PG-13,5.9,10000000.0,25464480.0,15464480.0,Olatunde Osunsanmi
2749,A Prairie Home Companion,2006,105,English,USA,PG-13,6.8,10000000.0,20338609.0,10338609.0,Robert Altman
2750,Sugar Hill,1993,123,English,USA,R,5.9,10000000.0,18272447.0,8272447.0,Leon Ichaso
2751,Rushmore,1998,93,English,USA,R,7.7,9000000.0,17096053.0,8096053.0,Wes Anderson
2752,Skyline,2010,97,English,USA,PG-13,4.4,10000000.0,21371425.0,11371425.0,Colin Strause
2753,The Second Best Exotic Marigold Hotel,2015,122,English,UK,PG,6.6,10000000.0,33071558.0,23071558.0,John Madden
2754,Kit Kittredge: An American Girl,2008,101,English,USA,G,6.7,10000000.0,17655201.0,7655201.0,Patricia Rozema
2755,The Perfect Man,2005,100,English,USA,PG,5.5,25000000.0,16247775.0,-8752225.0,Mark Rosman
2756,Mo' Better Blues,1990,129,English,USA,R,6.5,10000000.0,16153600.0,6153600.0,Spike Lee
2757,Kung Pow: Enter the Fist,2002,81,English,USA,PG-13,6.2,10000000.0,16033556.0,6033556.0,Steve Oedekerk
2758,Tremors,1990,96,English,USA,PG-13,7.1,11000000.0,16667084.0,5667084.0,Ron Underwood
2759,Wrong Turn,2003,84,English,USA,R,6.1,12600000.0,15417771.0,2817771.0,Rob Schmidt
2760,The Corruptor,1999,110,English,USA,R,6.0,30000000.0,15156200.0,-14843800.0,James Foley
2761,Mud,2012,130,English,USA,PG-13,7.4,10000000.0,21589307.0,11589307.0,Jeff Nichols
2762,Reno 911!: Miami,2007,84,English,USA,R,5.9,10000000.0,20339754.0,10339754.0,Robert Ben Garant
2763,One Direction: This Is Us,2013,106,English,USA,PG,4.1,10000000.0,28873374.0,18873374.0,Morgan Spurlock
2764,Hey Arnold! The Movie,2002,76,English,USA,PG,5.9,3000000.0,13684949.0,10684949.0,Tuck Tucker
2765,My Week with Marilyn,2011,99,English,UK,R,7.0,6400000.0,14597405.0,8197405.0,Simon Curtis
2766,The Matador,2005,96,English,USA,R,6.8,10000000.0,12570442.0,2570442.0,Richard Shepard
2767,Love Jones,1997,104,English,USA,R,7.4,10000000.0,12514138.0,2514138.0,Theodore Witcher
2768,The Gift,2015,108,English,USA,R,7.1,5000000.0,43771291.0,38771291.0,Joel Edgerton
2769,End of the Spear,2005,108,English,USA,PG-13,7.0,10000000.0,11703287.0,1703287.0,Jim Hanon
2770,Get Over It,2001,87,English,USA,PG-13,5.8,22000000.0,11560259.0,-10439741.0,Tommy O'Haver
2771,Office Space,1999,89,English,USA,R,7.8,10000000.0,10824921.0,824921.0,Mike Judge
2772,Drop Dead Gorgeous,1999,97,English,Germany,PG-13,6.5,10000000.0,10561238.0,561238.0,Michael Patrick Jann
2773,Big Eyes,2014,106,English,USA,PG-13,7.0,10000000.0,14479776.0,4479776.0,Tim Burton
2774,Very Bad Things,1998,100,English,USA,R,6.3,10000000.0,9801782.0,-198218.0,Peter Berg
2775,Sleepover,2004,89,English,USA,PG,5.3,10000000.0,8070311.0,-1929689.0,Joe Nussbaum
2776,MacGruber,2010,95,English,USA,R,5.5,10000000.0,8460995.0,-1539005.0,Jorma Taccone
2777,Dirty Pretty Things,2002,97,English,UK,R,7.4,10000000.0,8111360.0,-1888640.0,Stephen Frears
2778,Movie 43,2013,94,English,USA,R,4.3,6000000.0,8828771.0,2828771.0,Elizabeth Banks
2779,Over Her Dead Body,2008,95,English,USA,PG-13,5.2,10000000.0,7563670.0,-2436330.0,Jeff Lowell
2780,Seeking a Friend for the End of the World,2012,101,English,USA,R,6.7,10000000.0,6619173.0,-3380827.0,Lorene Scafaria
2781,American History X,1998,101,English,USA,R,8.6,7500000.0,6712241.0,-787759.0,Tony Kaye
2782,The Collection,2012,82,English,USA,R,6.1,10000000.0,6842058.0,-3157942.0,Marcus Dunstan
2783,Teacher's Pet,2004,74,English,USA,PG,5.8,10000000.0,6491350.0,-3508650.0,Timothy Björklund
2784,The Red Violin,1998,130,French,Canada,R,7.7,10000000.0,9473382.0,-526618.0,François Girard
2785,The Straight Story,1999,112,English,France,G,8.0,10000000.0,6197866.0,-3802134.0,David Lynch
2786,Deuces Wild,2002,96,English,USA,R,5.6,10000000.0,6044618.0,-3955382.0,Scott Kalvert
2787,Bad Words,2013,89,English,USA,R,6.7,10000000.0,7764027.0,-2235973.0,Jason Bateman
2788,Black or White,2014,121,English,USA,PG-13,6.6,9000000.0,21569041.0,12569041.0,Mike Binder
2789,On the Line,2001,85,English,USA,PG,4.1,16000000.0,4356743.0,-11643257.0,Eric Bross
2790,Rescue Dawn,2006,120,English,USA,PG-13,7.3,10000000.0,5484375.0,-4515625.0,Werner Herzog
2791,"Jeff, Who Lives at Home",2011,83,English,USA,R,6.5,10000000.0,4244155.0,-5755845.0,Jay Duplass
2792,I Am Love,2009,120,Italian,Italy,R,7.0,10000000.0,5004648.0,-4995352.0,Luca Guadagnino
2793,Atlas Shrugged II: The Strike,2012,111,English,USA,PG-13,5.5,10000000.0,3333823.0,-6666177.0,John Putch
2794,Romeo Is Bleeding,1993,100,English,UK,R,6.6,11500000.0,3275585.0,-8224415.0,Peter Medak
2795,The Limey,1999,89,English,USA,R,7.1,9000000.0,3193102.0,-5806898.0,Steven Soderbergh
2796,Crash,2004,115,English,Germany,R,7.9,6500000.0,54557348.0,48057348.0,Paul Haggis
2797,The House of Mirth,2000,135,English,UK,PG,7.1,10000000.0,3041803.0,-6958197.0,Terence Davies
2798,Malone,1987,92,English,USA,R,5.6,10000000.0,3060858.0,-6939142.0,Harley Cokeliss
2799,Peaceful Warrior,2006,120,English,Germany,PG-13,7.3,10000000.0,1055654.0,-8944346.0,Victor Salva
2800,Bucky Larson: Born to Be a Star,2011,97,English,USA,R,3.3,10000000.0,2331318.0,-7668682.0,Tom Brady
2801,Bamboozled,2000,135,English,USA,R,6.5,10000000.0,2185266.0,-7814734.0,Spike Lee
2802,The Forest,2016,93,English,USA,PG-13,4.8,10000000.0,26583369.0,16583369.0,Jason Zada
2803,Sphinx,1981,118,English,USA,PG,5.2,14000000.0,800000.0,-13200000.0,Franklin J. Schaffner
2804,While We're Young,2014,97,English,USA,R,6.3,10000000.0,7574066.0,-2425934.0,Noah Baumbach
2805,A Better Life,2011,98,English,USA,PG-13,7.2,10000000.0,1754319.0,-8245681.0,Chris Weitz
2806,Spider,2002,98,English,Canada,R,6.8,8000000.0,1641788.0,-6358212.0,David Cronenberg
2807,Gun Shy,2000,101,English,USA,R,5.7,10000000.0,1631839.0,-8368161.0,Eric Blakeney
2808,Nicholas Nickleby,2002,132,English,UK,PG,7.2,10000000.0,1309849.0,-8690151.0,Douglas McGrath
2809,The Iceman,2012,106,English,USA,R,6.9,10000000.0,1939441.0,-8060559.0,Ariel Vromen
2810,Cecil B. DeMented,2000,87,English,France,R,6.2,10000000.0,1276984.0,-8723016.0,John Waters
2811,Killer Joe,2011,98,English,USA,R,6.7,11000000.0,1987762.0,-9012238.0,William Friedkin
2812,The Joneses,2009,96,English,USA,R,6.5,5000000.0,1474508.0,-3525492.0,Derrick Borte
2813,Owning Mahowny,2003,104,English,Canada,R,7.2,10000000.0,1011054.0,-8988946.0,Richard Kwietniowski
2814,The Brothers Solomon,2007,93,English,USA,R,5.3,10000000.0,900926.0,-9099074.0,Bob Odenkirk
2815,My Blueberry Nights,2007,95,English,Hong Kong,PG-13,6.7,10000000.0,866778.0,-9133222.0,Kar-Wai Wong
2816,Swept Away,2002,89,English,UK,R,3.6,10000000.0,598645.0,-9401355.0,Guy Ritchie
2817,"War, Inc.",2008,107,English,USA,R,5.7,10000000.0,578527.0,-9421473.0,Joshua Seftel
2818,Shaolin Soccer,2001,85,Cantonese,Hong Kong,PG,7.3,10000000.0,488872.0,-9511128.0,Stephen Chow
2819,The Brown Bunny,2003,93,English,USA,Not Rated,5.0,10000000.0,365734.0,-9634266.0,Vincent Gallo
2820,Rosewater,2014,103,English,USA,R,6.6,5000000.0,3093491.0,-1906509.0,Jon Stewart
2821,Imaginary Heroes,2004,111,English,USA,R,7.3,4000000.0,228524.0,-3771476.0,Dan Harris
2822,High Heels and Low Lifes,2001,86,English,UK,R,6.2,10000000.0,226792.0,-9773208.0,Mel Smith
2823,Severance,2006,90,English,UK,R,6.6,5000000.0,136432.0,-4863568.0,Christopher Smith
2824,Edmond,2005,82,English,USA,R,6.3,10000000.0,131617.0,-9868383.0,Stuart Gordon
2825,Police Academy: Mission to Moscow,1994,83,English,USA,PG,3.3,6200000.0,126247.0,-6073753.0,Alan Metter
2826,An Alan Smithee Film: Burn Hollywood Burn,1997,86,English,USA,R,3.5,10000000.0,15447.0,-9984553.0,Arthur Hiller
2827,The Open Road,2009,91,English,USA,PG-13,5.5,10000000.0,19348.0,-9980652.0,Michael Meredith
2828,The Good Guy,2009,90,English,USA,R,5.9,8000000.0,100503.0,-7899497.0,Julio DePietro
2829,Motherhood,2009,90,English,USA,PG-13,4.7,5000000.0,92900.0,-4907100.0,Katherine Dieckmann
2830,Blonde Ambition,2007,93,English,USA,PG-13,3.9,10000000.0,5561.0,-9994439.0,Scott Marshall
2831,The Oxford Murders,2008,104,English,Spain,R,6.1,10000000.0,3607.0,-9996393.0,Álex de la Iglesia
2832,Eulogy,2004,85,English,USA,R,6.7,6500000.0,70527.0,-6429473.0,Michael Clancy
2833,"The Good, the Bad, the Weird",2008,135,Korean,South Korea,R,7.3,10000000.0,128486.0,-9871514.0,Jee-woon Kim
2834,The Lost City,2005,144,English,USA,R,6.7,9600000.0,2483955.0,-7116045.0,Andy Garcia
2835,Next Friday,2000,98,English,USA,R,6.1,9500000.0,57176582.0,47676582.0,Steve Carr
2836,You Only Live Twice,1967,117,English,UK,Approved,6.9,9500000.0,43100000.0,33600000.0,Lewis Gilbert
2837,Amour,2012,127,French,France,PG-13,7.9,8900000.0,225377.0,-8674623.0,Michael Haneke
2838,Poltergeist III,1988,98,English,USA,PG-13,4.5,10500000.0,14114488.0,3614488.0,Gary Sherman
2839,"It's a Mad, Mad, Mad, Mad World",1963,197,English,USA,Approved,7.6,9400000.0,46300000.0,36900000.0,Stanley Kramer
2840,Richard III,1995,104,English,UK,R,7.5,6000000.0,2600000.0,-3400000.0,Richard Loncraine
2841,Melancholia,2011,130,English,Denmark,R,7.1,7400000.0,3029870.0,-4370130.0,Lars von Trier
2842,Jab Tak Hai Jaan,2012,176,Hindi,India,Not Rated,6.9,7217600.0,3047539.0,-4170061.0,Yash Chopra
2843,Alien,1979,116,English,UK,R,8.5,11000000.0,78900000.0,67900000.0,Ridley Scott
2844,The Texas Chain Saw Massacre,1974,88,English,USA,R,7.5,83532.0,30859000.0,30775468.0,Tobe Hooper
2845,The Runaways,2010,106,English,USA,R,6.6,10000000.0,3571735.0,-6428265.0,Floria Sigismondi
2846,Fiddler on the Roof,1971,181,English,USA,G,8.0,9000000.0,50000000.0,41000000.0,Norman Jewison
2847,Thunderball,1965,130,English,UK,Approved,7.0,9000000.0,63600000.0,54600000.0,Terence Young
2848,Set It Off,1996,123,English,USA,R,6.8,9000000.0,36049108.0,27049108.0,F. Gary Gray
2849,The Best Man,1999,120,English,USA,R,6.7,9000000.0,34074895.0,25074895.0,Malcolm D. Lee
2850,Child's Play,1988,87,English,USA,R,6.5,9000000.0,33244684.0,24244684.0,Tom Holland
2851,Sicko,2007,123,English,USA,PG-13,8.0,9000000.0,24530513.0,15530513.0,Michael Moore
2852,The Purge: Anarchy,2014,103,English,USA,R,6.5,9000000.0,71519230.0,62519230.0,James DeMonaco
2853,Down to You,2000,91,English,USA,PG-13,4.9,9000000.0,20035310.0,11035310.0,Kris Isacsson
2854,Harold & Kumar Go to White Castle,2004,88,English,USA,R,7.1,9000000.0,18225165.0,9225165.0,Danny Leiner
2855,The Contender,2000,126,English,USA,R,7.0,20000000.0,17804273.0,-2195727.0,Rod Lurie
2856,Boiler Room,2000,120,English,USA,R,7.0,8000000.0,16938179.0,8938179.0,Ben Younger
2857,Black Christmas,2006,94,English,USA,R,4.5,9000000.0,16235293.0,7235293.0,Glen Morgan
2858,Henry V,1989,137,English,UK,PG-13,7.7,9000000.0,10161099.0,1161099.0,Kenneth Branagh
2859,The Way of the Gun,2000,119,English,USA,R,6.7,8500000.0,6047856.0,-2452144.0,Christopher McQuarrie
2860,Igby Goes Down,2002,99,English,USA,R,7.0,9000000.0,4681503.0,-4318497.0,Burr Steers
2861,PCU,1994,79,English,USA,PG-13,6.5,8000000.0,4350774.0,-3649226.0,Hart Bochner
2862,Gracie,2007,95,English,USA,PG-13,6.2,9000000.0,2955039.0,-6044961.0,Davis Guggenheim
2863,Trust the Man,2005,103,English,USA,R,5.7,9000000.0,1530535.0,-7469465.0,Bart Freundlich
2864,Hamlet 2,2008,92,English,USA,R,6.4,9000000.0,4881867.0,-4118133.0,Andrew Fleming
2865,Glee: The 3D Concert Movie,2011,84,English,USA,PG,5.4,9000000.0,11860839.0,2860839.0,Kevin Tancharoen
2866,The Legend of Suriyothai,2001,300,Thai,Thailand,R,6.6,400000000.0,454255.0,-399545745.0,Chatrichalerm Yukol
2867,Two Evil Eyes,1990,120,English,Italy,R,6.1,9000000.0,349618.0,-8650382.0,Dario Argento
2868,All or Nothing,2002,121,English,UK,R,7.6,9000000.0,112935.0,-8887065.0,Mike Leigh
2869,Princess Kaiulani,2009,97,English,USA,PG,6.2,9000000.0,883887.0,-8116113.0,Marc Forby
2870,Opal Dream,2006,86,English,Australia,PG,6.6,11400000.0,13751.0,-11386249.0,Peter Cattaneo
2871,Flame and Citron,2008,45,Danish,Denmark,Not Rated,7.3,45000000.0,145109.0,-44854891.0,Ole Christian Madsen
2872,Undiscovered,2005,97,English,Germany,PG-13,4.2,9000000.0,1046166.0,-7953834.0,Meiert Avis
2873,Crocodile Dundee,1986,93,English,Australia,PG-13,6.5,8800000.0,174635000.0,165835000.0,Peter Faiman
2874,Awake,2007,84,English,USA,R,6.5,8600000.0,14373825.0,5773825.0,Joby Harold
2875,Skin Trade,2014,96,English,Thailand,R,5.7,9000000.0,162.0,-8999838.0,Ekachai Uekrongtham
2876,Crazy Heart,2009,112,English,USA,R,7.3,7000000.0,39462438.0,32462438.0,Scott Cooper
2877,The Rose,1979,125,English,USA,R,6.9,8500000.0,29200000.0,20700000.0,Mark Rydell
2878,Baggage Claim,2013,96,English,USA,PG-13,5.0,8500000.0,21564616.0,13064616.0,David E. Talbert
2879,Election,1999,103,English,USA,R,7.3,8000000.0,14879556.0,6879556.0,Alexander Payne
2880,The DUFF,2015,101,English,USA,PG-13,6.5,8500000.0,34017854.0,25517854.0,Ari Sandel
2881,Glitter,2001,104,English,USA,PG-13,2.1,22000000.0,4273372.0,-17726628.0,Vondie Curtis-Hall
2882,Bright Star,2009,119,English,UK,PG,7.0,8500000.0,4440055.0,-4059945.0,Jane Campion
2883,My Name Is Khan,2010,128,Hindi,India,PG-13,8.0,12000000.0,4018695.0,-7981305.0,Karan Johar
2884,Limbo,1999,126,English,USA,R,7.1,8000000.0,1997807.0,-6002193.0,John Sayles
2885,Repo! The Genetic Opera,2008,150,English,USA,R,6.7,8500000.0,140244.0,-8359756.0,Darren Lynn Bousman
2886,Pulp Fiction,1994,178,English,USA,R,8.9,8000000.0,107930000.0,99930000.0,Quentin Tarantino
2887,Nightcrawler,2014,117,English,USA,R,7.9,8500000.0,32279955.0,23779955.0,Dan Gilroy
2888,Club Dread,2004,119,English,USA,R,5.6,8550000.0,4992159.0,-3557841.0,Jay Chandrasekhar
2889,The Sound of Music,1965,174,English,USA,G,8.0,8200000.0,163214286.0,155014286.0,Robert Wise
2890,Splash,1984,111,English,USA,PG,6.2,8000000.0,69800000.0,61800000.0,Ron Howard
2891,Little Miss Sunshine,2006,101,English,USA,R,7.9,8000000.0,59889948.0,51889948.0,Jonathan Dayton
2892,Stand by Me,1986,89,English,USA,R,8.1,8000000.0,52287414.0,44287414.0,Rob Reiner
2893,28 Days Later...,2002,113,English,UK,R,7.6,8000000.0,45063889.0,37063889.0,Danny Boyle
2894,You Got Served,2004,95,English,USA,PG-13,3.5,8000000.0,40066497.0,32066497.0,Chris Stokes
2895,Escape from Alcatraz,1979,112,English,USA,PG,7.6,8000000.0,36500000.0,28500000.0,Don Siegel
2896,Brown Sugar,2002,109,English,USA,PG-13,6.5,8000000.0,27362712.0,19362712.0,Rick Famuyiwa
2897,A Thin Line Between Love and Hate,1996,108,English,USA,R,5.6,8000000.0,34746109.0,26746109.0,Martin Lawrence
2898,50/50,2011,100,English,USA,R,7.7,8000000.0,34963967.0,26963967.0,Jonathan Levine
2899,Shutter,2008,90,English,USA,PG-13,5.2,8000000.0,25926543.0,17926543.0,Masayuki Ochiai
2900,That Awkward Moment,2014,94,English,USA,R,6.1,8000000.0,26049082.0,18049082.0,Tom Gormican
2901,Much Ado About Nothing,1993,111,English,UK,PG-13,7.4,8000000.0,22551000.0,14551000.0,Kenneth Branagh
2902,On Her Majesty's Secret Service,1969,142,English,UK,M,6.8,7000000.0,22800000.0,15800000.0,Peter R. Hunt
2903,New Nightmare,1994,107,English,USA,R,6.4,8000000.0,18090181.0,10090181.0,Wes Craven
2904,Drive Me Crazy,1999,91,English,USA,PG-13,5.7,8000000.0,17843379.0,9843379.0,John Schultz
2905,Half Baked,1998,82,English,USA,R,6.7,8000000.0,17278980.0,9278980.0,Tamra Davis
2906,New in Town,2009,97,English,USA,PG,5.6,8000000.0,16699684.0,8699684.0,Jonas Elmer
2907,American Psycho,2000,102,English,USA,R,7.6,7000000.0,15047419.0,8047419.0,Mary Harron
2908,The Good Girl,2002,93,English,USA,R,6.5,5000000.0,14015786.0,9015786.0,Miguel Arteta
2909,The Boondock Saints II: All Saints Day,2009,138,English,USA,R,6.3,8000000.0,10269307.0,2269307.0,Troy Duffy
2910,Enough Said,2013,93,English,USA,PG-13,7.1,8000000.0,17536788.0,9536788.0,Nicole Holofcener
2911,Easy A,2010,92,English,USA,PG-13,7.1,8000000.0,58401464.0,50401464.0,Will Gluck
2912,Shadow of the Vampire,2000,92,English,UK,R,6.9,8000000.0,8279017.0,279017.0,E. Elias Merhige
2913,Prom,2011,104,English,USA,PG,5.4,8000000.0,10106233.0,2106233.0,Joe Nussbaum
2914,Held Up,1999,89,English,USA,PG-13,5.1,8000000.0,4692814.0,-3307186.0,Steve Rash
2915,Woman on Top,2000,92,English,USA,R,5.3,8000000.0,5018450.0,-2981550.0,Fina Torres
2916,Anomalisa,2015,90,English,USA,R,7.3,8000000.0,3442820.0,-4557180.0,Duke Johnson
2917,Another Year,2010,129,English,UK,PG-13,7.3,10000000.0,3205244.0,-6794756.0,Mike Leigh
2918,8 Women,2002,111,French,France,R,7.1,8000000.0,3076425.0,-4923575.0,François Ozon
2919,Showdown in Little Tokyo,1991,79,English,USA,R,6.0,8000000.0,2275557.0,-5724443.0,Mark L. Lester
2920,Clay Pigeons,1998,104,English,Germany,R,6.6,8000000.0,1789892.0,-6210108.0,David Dobkin
2921,It's Kind of a Funny Story,2010,101,English,USA,PG-13,7.2,8000000.0,6350058.0,-1649942.0,Anna Boden
2922,Made in Dagenham,2010,113,English,UK,R,7.2,7200000.0,1094798.0,-6105202.0,Nigel Cole
2923,When Did You Last See Your Father?,2007,92,English,UK,PG-13,6.9,8000000.0,1071240.0,-6928760.0,Anand Tucker
2924,Prefontaine,1997,106,English,USA,PG-13,6.8,8000000.0,532190.0,-7467810.0,Steve James
2925,The Secret of Kells,2009,75,English,France,Not Rated,7.7,6500000.0,686383.0,-5813617.0,Tomm Moore
2926,Begin Again,2013,104,English,USA,R,7.4,8000000.0,16168741.0,8168741.0,John Carney
2927,Down in the Valley,2005,108,English,USA,R,6.5,8000000.0,568695.0,-7431305.0,David Jacobson
2928,Brooklyn Rules,2007,99,English,USA,R,6.4,8000000.0,398420.0,-7601580.0,Michael Corrente
2929,The Singing Detective,2003,109,English,USA,R,5.6,8000000.0,336456.0,-7663544.0,Keith Gordon
2930,Fido,2006,93,English,Canada,R,6.8,8000000.0,298110.0,-7701890.0,Andrew Currie
2931,The Wendell Baker Story,2005,99,English,USA,PG-13,5.5,8000000.0,127144.0,-7872856.0,Andrew Wilson
2932,Wild Target,2010,98,English,UK,PG-13,6.9,8000000.0,117190.0,-7882810.0,Jonathan Lynn
2933,Pathology,2008,95,English,USA,R,6.0,8000000.0,108662.0,-7891338.0,Marc Schölermann
2934,10th & Wolf,2006,107,English,USA,R,6.4,8000000.0,53481.0,-7946519.0,Robert Moresco
2935,Dear Wendy,2004,102,English,Italy,Unrated,6.6,50000000.0,23106.0,-49976894.0,Thomas Vinterberg
2936,Akira,1988,124,Japanese,Japan,R,8.1,1100000000.0,439162.0,-1099560838.0,Katsuhiro Ôtomo
2937,Imagine Me & You,2005,90,English,UK,R,6.9,7900000.0,671240.0,-7228760.0,Ol Parker
2938,The Blood of Heroes,1989,90,English,Australia,R,6.5,10000000.0,882290.0,-9117710.0,David Webb Peoples
2939,Driving Miss Daisy,1989,99,English,USA,PG,7.4,7500000.0,106593296.0,99093296.0,Bruce Beresford
2940,Soul Food,1997,115,English,USA,R,6.9,7500000.0,43490057.0,35990057.0,George Tillman Jr.
2941,Rumble in the Bronx,1995,89,Cantonese,Hong Kong,R,6.7,7500000.0,32333860.0,24833860.0,Stanley Tong
2942,Thank You for Smoking,2005,92,English,USA,R,7.6,6500000.0,24792061.0,18292061.0,Jason Reitman
2943,Hostel: Part II,2007,94,English,USA,R,5.4,10000000.0,17544812.0,7544812.0,Eli Roth
2944,An Education,2009,100,English,UK,PG-13,7.3,4500000.0,12574715.0,8074715.0,Lone Scherfig
2945,The Hotel New Hampshire,1984,109,English,UK,R,6.0,7500000.0,5100000.0,-2400000.0,Tony Richardson
2946,Narc,2002,105,English,USA,R,7.2,7500000.0,10460089.0,2960089.0,Joe Carnahan
2947,Men with Brooms,2002,102,English,Canada,R,6.0,7500000.0,4239767.0,-3260233.0,Paul Gross
2948,Witless Protection,2008,97,English,USA,PG-13,3.1,7500000.0,4131640.0,-3368360.0,Charles Robert Carner
2949,Extract,2009,92,English,USA,R,6.2,8000000.0,10814185.0,2814185.0,Mike Judge
2950,Code 46,2003,93,English,UK,R,6.3,7500000.0,197148.0,-7302852.0,Michael Winterbottom
2951,Albert Nobbs,2011,113,English,UK,R,6.7,8000000.0,3014541.0,-4985459.0,Rodrigo García
2952,Persepolis,2007,89,French,France,PG-13,8.0,7300000.0,4443403.0,-2856597.0,Vincent Paronnaud
2953,The Neon Demon,2016,118,English,France,R,7.0,7000000.0,1330827.0,-5669173.0,Nicolas Winding Refn
2954,Harry Brown,2009,97,English,UK,R,7.2,7300000.0,1818681.0,-5481319.0,Daniel Barber
2955,The Omega Code,1999,100,English,USA,PG-13,3.5,7500000.0,12610552.0,5110552.0,Robert Marcarelli
2956,Juno,2007,96,English,USA,PG-13,7.5,7500000.0,143492840.0,135992840.0,Jason Reitman
2957,Diamonds Are Forever,1971,120,English,UK,GP,6.7,7200000.0,43800000.0,36600000.0,Guy Hamilton
2958,The Godfather,1972,175,English,USA,R,9.2,6000000.0,134821952.0,128821952.0,Francis Ford Coppola
2959,Flashdance,1983,95,English,USA,R,6.1,4000000.0,94900000.0,90900000.0,Adrian Lyne
2960,500 Days of Summer,2009,95,English,USA,PG-13,7.7,7500000.0,32391374.0,24891374.0,Marc Webb
2961,The Piano,1993,121,English,New Zealand,R,7.6,7000000.0,40158000.0,33158000.0,Jane Campion
2962,Magic Mike,2012,110,English,USA,R,6.1,7000000.0,113709992.0,106709992.0,Steven Soderbergh
2963,Darkness Falls,2003,96,English,USA,PG-13,4.9,11000000.0,32131483.0,21131483.0,Jonathan Liebesman
2964,Live and Let Die,1973,121,English,UK,PG,6.8,7000000.0,35400000.0,28400000.0,Guy Hamilton
2965,My Dog Skip,2000,95,English,USA,PG,7.0,5000000.0,34099640.0,29099640.0,Jay Russell
2966,Jumping the Broom,2011,112,English,USA,PG-13,5.7,6600000.0,37295394.0,30695394.0,Salim Akil
2967,"Good Night, and Good Luck.",2005,93,English,USA,PG,7.5,7500000.0,31501218.0,24001218.0,George Clooney
2968,Capote,2005,110,English,Canada,R,7.4,7000000.0,28747570.0,21747570.0,Bennett Miller
2969,Desperado,1995,104,English,USA,R,7.2,7000000.0,25625110.0,18625110.0,Robert Rodriguez
2970,Logan's Run,1976,119,English,USA,PG,6.8,9000000.0,25000000.0,16000000.0,Michael Anderson
2971,The Man with the Golden Gun,1974,125,English,UK,PG,6.8,13000000.0,21000000.0,8000000.0,Guy Hamilton
2972,Action Jackson,1988,96,English,USA,R,5.2,7000000.0,20257000.0,13257000.0,Craig R. Baxley
2973,The Descent,2005,100,English,UK,R,7.2,3500000.0,26005908.0,22505908.0,Neil Marshall
2974,Devil's Due,2014,89,English,USA,R,4.0,7000000.0,15818967.0,8818967.0,Matt Bettinelli-Olpin
2975,Flirting with Disaster,1996,92,English,USA,R,6.8,7000000.0,14891000.0,7891000.0,David O. Russell
2976,The Devil's Rejects,2005,109,English,USA,R,6.9,7000000.0,16901126.0,9901126.0,Rob Zombie
2977,Dope,2015,103,English,USA,R,7.3,7000000.0,17474107.0,10474107.0,Rick Famuyiwa
2978,In Too Deep,1999,95,English,USA,R,6.1,7000000.0,14003141.0,7003141.0,Michael Rymer
2979,House of 1000 Corpses,2003,105,English,USA,R,6.0,7000000.0,12583510.0,5583510.0,Rob Zombie
2980,A Serious Man,2009,106,English,USA,R,7.0,7000000.0,9190525.0,2190525.0,Ethan Coen
2981,Get Low,2009,100,English,USA,PG-13,7.1,7500000.0,9176553.0,1676553.0,Aaron Schneider
2982,Warlock,1989,103,English,USA,R,6.2,7000000.0,9094451.0,2094451.0,Steve Miner
2983,A Single Man,2009,99,English,USA,R,7.6,7000000.0,9166863.0,2166863.0,Tom Ford
2984,The Last Temptation of Christ,1988,164,English,USA,R,7.6,7000000.0,8373585.0,1373585.0,Martin Scorsese
2985,Outside Providence,1999,96,English,USA,R,6.4,7000000.0,7292175.0,292175.0,Michael Corrente
2986,Bride & Prejudice,2004,122,English,UK,PG-13,6.2,7000000.0,6601079.0,-398921.0,Gurinder Chadha
2987,Rabbit-Proof Fence,2002,94,Aboriginal,Australia,PG,7.5,6000000.0,6165429.0,165429.0,Phillip Noyce
2988,Who's Your Caddy?,2007,93,English,USA,PG-13,2.0,7000000.0,5694308.0,-1305692.0,Don Michael Paul
2989,Split Second,1992,96,English,UK,R,6.2,7000000.0,5430822.0,-1569178.0,Tony Maylam
2990,The Other Side of Heaven,2001,113,English,USA,PG,6.5,7000000.0,4720371.0,-2279629.0,Mitch Davis
2991,Redbelt,2008,99,English,USA,R,6.8,7000000.0,2344847.0,-4655153.0,David Mamet
2992,Cyrus,2010,91,English,USA,R,6.3,7000000.0,7455447.0,455447.0,Jay Duplass
2993,A Dog of Flanders,1999,100,English,USA,PG,6.3,7000000.0,2148212.0,-4851788.0,Kevin Brodie
2994,Auto Focus,2002,105,English,USA,R,6.6,7000000.0,2062066.0,-4937934.0,Paul Schrader
2995,Factory Girl,2006,99,English,USA,R,6.4,7000000.0,1654367.0,-5345633.0,George Hickenlooper
2996,We Need to Talk About Kevin,2011,112,English,UK,R,7.5,7000000.0,1738692.0,-5261308.0,Lynne Ramsay
2997,The Mighty Macs,2009,99,English,USA,G,6.5,7000000.0,1889522.0,-5110478.0,Tim Chambers
2998,Mother and Child,2009,125,English,USA,R,7.2,4825000.0,1110286.0,-3714714.0,Rodrigo García
2999,March or Die,1977,107,English,UK,PG,6.3,9000000.0,1000000.0,-8000000.0,Dick Richards
3000,Les visiteurs,1993,107,French,France,R,7.0,50000000.0,700000.0,-49300000.0,Jean-Marie Poiré
3001,Somewhere,2010,97,English,USA,R,6.3,7000000.0,1768416.0,-5231584.0,Sofia Coppola
3002,Chairman of the Board,1998,95,English,USA,PG-13,2.3,10000000.0,306715.0,-9693285.0,Alex Zamm
3003,Hesher,2010,106,English,USA,R,7.1,7000000.0,382946.0,-6617054.0,Spencer Susser
3004,The Heart of Me,2002,96,English,UK,R,6.7,7000000.0,196067.0,-6803933.0,Thaddeus O'Sullivan
3005,Freeheld,2015,103,English,USA,PG-13,6.5,7000000.0,532988.0,-6467012.0,Peter Sollett
3006,The Extra Man,2010,108,English,USA,R,5.9,7000000.0,453079.0,-6546921.0,Shari Springer Berman
3007,Ca$h,2010,118,English,USA,R,6.0,7000000.0,46451.0,-6953549.0,Stephen Milburn Anderson
3008,Wah-Wah,2005,97,English,UK,R,6.9,7000000.0,233103.0,-6766897.0,Richard E. Grant
3009,Pale Rider,1985,115,English,USA,R,7.3,6900000.0,41400000.0,34500000.0,Clint Eastwood
3010,Dazed and Confused,1993,102,English,USA,R,7.7,6900000.0,7993039.0,1093039.0,Richard Linklater
3011,The Chumscrubber,2005,108,English,USA,R,7.0,6800000.0,49526.0,-6750474.0,Arie Posin
3012,Shade,2003,101,English,USA,R,6.4,6800000.0,10696.0,-6789304.0,Damian Nieman
3013,House at the End of the Street,2012,101,English,Canada,PG-13,5.6,6900000.0,31607598.0,24707598.0,Mark Tonderai
3014,Incendies,2010,139,French,Canada,R,8.2,6800000.0,6857096.0,57096.0,Denis Villeneuve
3015,"Remember Me, My Love",2003,125,Italian,Italy,R,6.5,5000000.0,223878.0,-4776122.0,Gabriele Muccino
3016,Elite Squad,2007,115,Portuguese,Brazil,R,8.1,4000000.0,8060.0,-3991940.0,José Padilha
3017,Annabelle,2014,99,English,USA,R,5.4,6500000.0,84263837.0,77763837.0,John R. Leonetti
3018,Bran Nue Dae,2009,88,English,Australia,PG-13,6.3,6500000.0,110029.0,-6389971.0,Rachel Perkins
3019,Boyz n the Hood,1991,112,English,USA,R,7.8,6000000.0,57504069.0,51504069.0,John Singleton
3020,La Bamba,1987,108,English,USA,PG-13,6.8,6500000.0,54215416.0,47715416.0,Luis Valdez
3021,Dressed to Kill,1980,104,English,USA,X,7.1,6500000.0,31899000.0,25399000.0,Brian De Palma
3022,The Adventures of Huck Finn,1993,108,English,USA,PG,6.2,6500000.0,24103594.0,17603594.0,Stephen Sommers
3023,Go,1999,102,English,USA,R,7.3,6500000.0,16842303.0,10342303.0,Doug Liman
3024,Friends with Money,2006,88,English,USA,R,5.9,6500000.0,13367101.0,6867101.0,Nicole Holofcener
3025,Bats,1999,91,English,USA,PG-13,3.6,6500000.0,10149779.0,3649779.0,Louis Morneau
3026,Nowhere in Africa,2001,141,English,Germany,R,7.7,7000000.0,6173485.0,-826515.0,Caroline Link
3027,Shame,2011,101,English,UK,NC-17,7.3,6500000.0,4000304.0,-2499696.0,Steve McQueen
3028,Layer Cake,2004,105,English,UK,R,7.4,4000000.0,2338695.0,-1661305.0,Matthew Vaughn
3029,The Work and the Glory II: American Zion,2005,100,English,USA,PG-13,6.6,6500000.0,2024854.0,-4475146.0,Sterling Van Wagenen
3030,The East,2013,116,English,UK,PG-13,6.9,6500000.0,2268296.0,-4231704.0,Zal Batmanglij
3031,A Home at the End of the World,2004,97,English,USA,R,6.8,6500000.0,1029017.0,-5470983.0,Michael Mayer
3032,The Messenger,2009,105,English,USA,R,7.2,6500000.0,66637.0,-6433363.0,Oren Moverman
3033,Control,2007,122,English,UK,R,7.7,4500000.0,871577.0,-3628423.0,Anton Corbijn
3034,The Terminator,1984,107,English,UK,R,8.1,6500000.0,38400000.0,31900000.0,James Cameron
3035,Good Bye Lenin!,2003,121,German,Germany,R,7.7,4800000.0,4063859.0,-736141.0,Wolfgang Becker
3036,The Damned United,2009,98,English,UK,R,7.6,10000000.0,449558.0,-9550442.0,Tom Hooper
3037,Mallrats,1995,123,English,USA,R,7.2,6000000.0,2122561.0,-3877439.0,Kevin Smith
3038,Grease,1978,110,English,USA,PG-13,7.2,6000000.0,181360000.0,175360000.0,Randal Kleiser
3039,Platoon,1986,120,English,UK,R,8.1,6000000.0,137963328.0,131963328.0,Oliver Stone
3040,Fahrenheit 9/11,2004,122,English,USA,R,7.5,6000000.0,119078393.0,113078393.0,Michael Moore
3041,Butch Cassidy and the Sundance Kid,1969,110,English,USA,M,8.1,6000000.0,102308900.0,96308900.0,George Roy Hill
3042,Mary Poppins,1964,139,English,USA,Approved,7.8,6000000.0,102300000.0,96300000.0,Robert Stevenson
3043,Ordinary People,1980,124,English,USA,R,7.8,6000000.0,54800000.0,48800000.0,Robert Redford
3044,West Side Story,1961,152,English,USA,Unrated,7.6,6000000.0,43650000.0,37650000.0,Jerome Robbins
3045,Caddyshack,1980,98,English,USA,R,7.4,6000000.0,39800000.0,33800000.0,Harold Ramis
3046,The Brothers,2001,106,English,USA,R,6.3,6000000.0,27457409.0,21457409.0,Gary Hardwick
3047,The Wood,1999,106,English,USA,R,6.9,6000000.0,25047631.0,19047631.0,Rick Famuyiwa
3048,The Usual Suspects,1995,106,English,USA,R,8.6,6000000.0,23272306.0,17272306.0,Bryan Singer
3049,A Nightmare on Elm Street 5: The Dream Child,1989,89,English,USA,X,5.1,8000000.0,22168359.0,14168359.0,Stephen Hopkins
3050,Van Wilder: Party Liaison,2002,94,English,Germany,R,6.4,6000000.0,21005329.0,15005329.0,Walt Becker
3051,The Wrestler,2008,109,English,USA,R,7.9,6000000.0,26236603.0,20236603.0,Darren Aronofsky
3052,Duel in the Sun,1946,144,English,USA,Unrated,6.9,8000000.0,20400000.0,12400000.0,King Vidor
3053,Best in Show,2000,90,English,USA,PG-13,7.5,6000000.0,18621249.0,12621249.0,Christopher Guest
3054,Escape from New York,1981,106,English,UK,R,7.2,6000000.0,25244700.0,19244700.0,John Carpenter
3055,School Daze,1988,121,English,USA,R,5.8,6500000.0,14545844.0,8045844.0,Spike Lee
3056,Daddy Day Camp,2007,89,English,USA,PG,2.9,6000000.0,13235267.0,7235267.0,Fred Savage
3057,Mystic Pizza,1988,104,English,USA,R,6.2,6000000.0,12793213.0,6793213.0,Donald Petrie
3058,Sliding Doors,1998,99,English,UK,R,6.8,9000000.0,11883495.0,2883495.0,Peter Howitt
3059,Tales from the Hood,1995,98,English,USA,R,6.1,6000000.0,11797927.0,5797927.0,Rusty Cundieff
3060,The Last King of Scotland,2006,121,English,UK,R,7.7,6000000.0,17605861.0,11605861.0,Kevin Macdonald
3061,Halloween 5,1989,96,English,USA,X,5.2,3000000.0,11642254.0,8642254.0,Dominique Othenin-Girard
3062,Bernie,2011,99,English,USA,PG-13,6.8,5000000.0,9203192.0,4203192.0,Richard Linklater
3063,Pollock,2000,122,English,USA,R,7.0,6000000.0,8596914.0,2596914.0,Ed Harris
3064,200 Cigarettes,1999,101,English,USA,R,5.9,6000000.0,6851636.0,851636.0,Risa Bramon Garcia
3065,The Words,2012,102,English,USA,PG-13,7.1,6000000.0,11434867.0,5434867.0,Brian Klugman
3066,Casa de mi Padre,2012,84,Spanish,USA,R,5.5,6000000.0,5895238.0,-104762.0,Matt Piedmont
3067,City Island,2009,104,English,USA,PG-13,7.4,6000000.0,6670712.0,670712.0,Raymond De Felitta
3068,The Guard,2011,96,English,Ireland,R,7.3,6000000.0,5359774.0,-640226.0,John Michael McDonagh
3069,College,2008,94,English,USA,R,4.6,6500000.0,4693919.0,-1806081.0,Deb Hagan
3070,The Virgin Suicides,1999,90,English,USA,R,7.2,6000000.0,4859475.0,-1140525.0,Sofia Coppola
3071,Miss March,2009,90,English,USA,R,5.1,6000000.0,4542775.0,-1457225.0,Zach Cregger
3072,Wish I Was Here,2014,106,English,USA,R,6.7,6000000.0,3588432.0,-2411568.0,Zach Braff
3073,Simply Irresistible,1999,96,English,Germany,PG-13,5.3,6000000.0,4394936.0,-1605064.0,Mark Tarlov
3074,Hedwig and the Angry Inch,2001,95,English,USA,R,7.8,6000000.0,3029081.0,-2970919.0,John Cameron Mitchell
3075,Only the Strong,1993,99,English,USA,PG-13,6.7,6000000.0,3273588.0,-2726412.0,Sheldon Lettich
3076,Shattered Glass,2003,99,English,USA,PG-13,7.2,6000000.0,2207975.0,-3792025.0,Billy Ray
3077,Novocaine,2001,95,English,USA,R,5.8,6000000.0,2025238.0,-3974762.0,David Atkins
3078,The Wackness,2008,99,English,USA,R,7.0,6000000.0,2077046.0,-3922954.0,Jonathan Levine
3079,Beastmaster 2: Through the Portal of Time,1991,107,English,USA,PG-13,3.8,6000000.0,869325.0,-5130675.0,Sylvio Tabet
3080,The 5th Quarter,2010,90,English,USA,PG,5.7,6000000.0,399611.0,-5600389.0,Rick Bieber
3081,The Greatest,2009,96,English,USA,R,6.7,6000000.0,115862.0,-5884138.0,Shana Feste
3082,Come Early Morning,2006,97,English,USA,R,6.2,6000000.0,117560.0,-5882440.0,Joey Lauren Adams
3083,Lucky Break,2001,107,English,UK,PG-13,6.2,6000000.0,54606.0,-5945394.0,Peter Cattaneo
3084,"Surfer, Dude",2008,85,English,USA,R,4.7,6000000.0,36497.0,-5963503.0,S.R. Bindler
3085,Deadfall,2012,95,English,USA,R,6.3,12000000.0,65804.0,-11934196.0,Stefan Ruzowitzky
3086,L'auberge espagnole,2002,111,French,France,R,7.3,5300000.0,3895664.0,-1404336.0,Cédric Klapisch
3087,Winter in Wartime,2008,103,Dutch,Netherlands,R,7.1,4000000.0,542860.0,-3457140.0,Martin Koolhoven
3088,The Protector,2005,111,Thai,Thailand,R,7.1,200000000.0,11905519.0,-188094481.0,Prachya Pinkaew
3089,Bend It Like Beckham,2002,112,English,UK,PG-13,6.7,3500159.0,32541719.0,29041560.0,Gurinder Chadha
3090,Sunshine State,2002,141,English,USA,PG-13,6.9,5600000.0,3064356.0,-2535644.0,John Sayles
3091,Crossover,2006,95,English,USA,PG-13,2.1,5600000.0,7009668.0,1409668.0,Preston A. Whitmore II
3092,[Rec] 2,2009,85,Spanish,Spain,R,6.6,5600000.0,27024.0,-5572976.0,Jaume Balagueró
3093,The Sting,1973,129,English,USA,PG,8.3,5500000.0,159600000.0,154100000.0,George Roy Hill
3094,Chariots of Fire,1981,125,English,UK,PG,7.2,5500000.0,58800000.0,53300000.0,Hugh Hudson
3095,Diary of a Mad Black Woman,2005,116,English,USA,PG-13,5.6,5500000.0,50382128.0,44882128.0,Darren Grant
3096,Shine,1996,105,English,Australia,PG-13,7.7,5500000.0,35811509.0,30311509.0,Scott Hicks
3097,Don Jon,2013,90,English,USA,R,6.6,3000000.0,24475193.0,21475193.0,Joseph Gordon-Levitt
3098,Ghost World,2001,111,English,USA,R,7.4,7000000.0,6200756.0,-799244.0,Terry Zwigoff
3099,Iris,2001,91,English,UK,R,7.1,5500000.0,1292119.0,-4207881.0,Richard Eyre
3100,The Chorus,2004,97,French,France,PG-13,7.9,5500000.0,3629758.0,-1870242.0,Christophe Barratier
3101,Mambo Italiano,2003,92,English,Canada,R,6.7,5000000.0,6239558.0,1239558.0,Émile Gaudreault
3102,Wonderland,2003,104,English,USA,R,6.6,5000000.0,1056102.0,-3943898.0,James Cox
3103,Do the Right Thing,1989,120,English,USA,R,7.9,6500000.0,27545445.0,21045445.0,Spike Lee
3104,Harvard Man,2001,99,English,USA,R,4.9,5500000.0,56007.0,-5443993.0,James Toback
3105,Le Havre,2011,93,French,Finland,Not Rated,7.2,3850000.0,611709.0,-3238291.0,Aki Kaurismäki
3106,R100,2013,99,Japanese,Japan,Unrated,6.1,5500000.0,22770.0,-5477230.0,Hitoshi Matsumoto
3107,Salvation Boulevard,2011,96,English,USA,R,5.3,9000000.0,27445.0,-8972555.0,George Ratliff
3108,The Ten,2007,96,English,USA,R,5.0,5250000.0,766487.0,-4483513.0,David Wain
3109,Headhunters,2011,100,Norwegian,Norway,R,7.6,30300000.0,1196752.0,-29103248.0,Morten Tyldum
3110,Saint Ralph,2004,98,English,Canada,PG-13,7.6,6000000.0,795126.0,-5204874.0,Michael McGowan
3111,Insidious: Chapter 2,2013,106,English,USA,PG-13,6.6,5000000.0,83574831.0,78574831.0,James Wan
3112,Saw II,2005,95,English,USA,R,6.6,4000000.0,87025093.0,83025093.0,Darren Lynn Bousman
3113,10 Cloverfield Lane,2016,104,English,USA,PG-13,7.3,15000000.0,71897215.0,56897215.0,Dan Trachtenberg
3114,Jackass: The Movie,2002,87,English,USA,R,6.6,5000000.0,64267897.0,59267897.0,Jeff Tremaine
3115,Lights Out,2016,81,English,USA,PG-13,6.9,4900000.0,56536016.0,51636016.0,David F. Sandberg
3116,Paranormal Activity 3,2011,94,English,USA,R,5.8,5000000.0,104007828.0,99007828.0,Henry Joost
3117,Ouija,2014,89,English,USA,PG-13,4.4,5000000.0,50820940.0,45820940.0,Stiles White
3118,A Nightmare on Elm Street 3: Dream Warriors,1987,88,English,USA,X,6.6,4500000.0,44793200.0,40293200.0,Chuck Russell
3119,Instructions Not Included,2013,115,Spanish,Mexico,PG-13,7.6,5000000.0,44456509.0,39456509.0,Eugenio Derbez
3120,Paranormal Activity 4,2012,96,English,USA,R,4.6,5000000.0,53884821.0,48884821.0,Henry Joost
3121,The Robe,1953,135,English,USA,Unrated,6.8,5000000.0,36000000.0,31000000.0,Henry Koster
3122,Freddy's Dead: The Final Nightmare,1991,93,English,USA,R,4.9,8500000.0,34872293.0,26372293.0,Rachel Talalay
3123,Monster,2003,109,English,USA,R,7.3,4500000.0,34468224.0,29968224.0,Patty Jenkins
3124,Paranormal Activity: The Marked Ones,2014,101,English,USA,R,5.0,5000000.0,32453345.0,27453345.0,Christopher Landon
3125,Dallas Buyers Club,2013,117,English,USA,R,8.0,5000000.0,27296514.0,22296514.0,Jean-Marc Vallée
3126,The Lazarus Effect,2015,83,English,USA,PG-13,5.2,3300000.0,25799043.0,22499043.0,David Gelb
3127,Memento,2000,113,English,USA,R,8.5,9000000.0,25530884.0,16530884.0,Christopher Nolan
3128,Oculus,2013,104,English,USA,R,6.5,5000000.0,27689474.0,22689474.0,Mike Flanagan
3129,Clerks II,2006,97,English,USA,R,7.4,5000000.0,24138847.0,19138847.0,Kevin Smith
3130,Billy Elliot,2000,110,English,UK,R,7.7,5000000.0,21994911.0,16994911.0,Stephen Daldry
3131,The Way Way Back,2013,103,English,USA,PG-13,7.4,5000000.0,21501098.0,16501098.0,Nat Faxon
3132,House Party 2,1991,94,English,USA,R,5.1,5000000.0,19281235.0,14281235.0,George Jackson
3133,Doug's 1st Movie,1999,77,English,USA,G,5.0,5000000.0,19421271.0,14421271.0,Maurice Joyce
3134,The Apostle,1997,134,English,USA,PG-13,7.2,5000000.0,20733485.0,15733485.0,Robert Duvall
3135,Our Idiot Brother,2011,90,English,USA,R,6.4,5000000.0,24809547.0,19809547.0,Jesse Peretz
3136,The Players Club,1998,104,English,USA,R,5.6,4500000.0,23031390.0,18531390.0,Ice Cube
3137,"As Above, So Below",2014,93,English,USA,R,6.1,5000000.0,21197315.0,16197315.0,John Erick Dowdle
3138,Addicted,2014,106,Spanish,USA,R,5.2,5000000.0,17382982.0,12382982.0,Bille Woodruff
3139,Eve's Bayou,1997,109,English,USA,R,7.3,6000000.0,14821531.0,8821531.0,Kasi Lemmons
3140,Still Alice,2014,101,English,USA,PG-13,7.5,5000000.0,18656400.0,13656400.0,Richard Glatzer
3141,Friday the 13th Part VIII: Jason Takes Manhattan,1989,100,English,USA,R,4.5,5000000.0,14343976.0,9343976.0,Rob Hedden
3142,My Big Fat Greek Wedding,2002,95,English,USA,PG,6.6,5000000.0,241437427.0,236437427.0,Joel Zwick
3143,Spring Breakers,2012,94,English,USA,R,5.3,5000000.0,14123773.0,9123773.0,Harmony Korine
3144,Halloween: The Curse of Michael Myers,1995,93,English,USA,R,4.9,5000000.0,15126948.0,10126948.0,Joe Chappelle
3145,Y Tu Mamá También,2001,106,Spanish,Mexico,R,7.7,2000000.0,13622333.0,11622333.0,Alfonso Cuarón
3146,Shaun of the Dead,2004,99,English,UK,R,8.0,4000000.0,13464388.0,9464388.0,Edgar Wright
3147,The Haunting of Molly Hartley,2008,82,English,USA,PG-13,3.8,5000000.0,13350177.0,8350177.0,Mickey Liddell
3148,Lone Star,1996,135,English,USA,R,7.6,5000000.0,13269963.0,8269963.0,John Sayles
3149,Halloween 4: The Return of Michael Myers,1988,88,English,USA,R,5.9,5000000.0,17768000.0,12768000.0,Dwight H. Little
3150,April Fool's Day,1986,89,English,USA,R,6.2,5000000.0,12947763.0,7947763.0,Fred Walton
3151,Diner,1982,110,English,USA,R,7.2,5000000.0,14100000.0,9100000.0,Barry Levinson
3152,Lone Wolf McQuade,1983,107,English,USA,PG,6.3,5000000.0,12200000.0,7200000.0,Steve Carver
3153,Apollo 18,2011,86,English,USA,PG-13,5.2,5000000.0,17683670.0,12683670.0,Gonzalo López-Gallego
3154,Sunshine Cleaning,2008,91,English,USA,R,6.9,8000000.0,12055108.0,4055108.0,Christine Jeffs
3155,No Escape,2015,103,English,USA,R,6.8,5000000.0,27285953.0,22285953.0,John Erick Dowdle
3156,Not Easily Broken,2009,99,English,USA,PG-13,6.1,8000000.0,10572742.0,2572742.0,Bill Duke
3157,Digimon: The Movie,2000,82,English,USA,PG,5.9,5000000.0,9628751.0,4628751.0,Mamoru Hosoda
3158,Saved!,2004,92,English,USA,PG-13,6.9,5000000.0,8786715.0,3786715.0,Brian Dannelly
3159,The Barbarian Invasions,2003,112,French,Canada,R,7.7,6000000.0,3432342.0,-2567658.0,Denys Arcand
3160,The Forsaken,2001,90,English,USA,R,5.3,5000000.0,6755271.0,1755271.0,J.S. Cardone
3161,UHF,1989,150,English,USA,PG-13,7.0,5000000.0,6157157.0,1157157.0,Jay Levey
3162,Slums of Beverly Hills,1998,91,English,USA,R,6.6,5000000.0,5480318.0,480318.0,Tamara Jenkins
3163,Made,2001,95,English,USA,R,6.4,5000000.0,5308707.0,308707.0,Jon Favreau
3164,Moon,2009,97,English,UK,R,7.9,5000000.0,5009677.0,9677.0,Duncan Jones
3165,The Sweet Hereafter,1997,112,English,Canada,R,7.7,5000000.0,4306697.0,-693303.0,Atom Egoyan
3166,Of Gods and Men,2010,122,French,France,PG-13,7.2,4000000.0,3950029.0,-49971.0,Xavier Beauvois
3167,Bottle Shock,2008,110,English,USA,PG-13,6.8,5000000.0,4040588.0,-959412.0,Randall Miller
3168,Heavenly Creatures,1994,108,English,New Zealand,R,7.4,5000000.0,3049135.0,-1950865.0,Peter Jackson
3169,90 Minutes in Heaven,2015,121,English,USA,PG-13,4.6,5000000.0,4700361.0,-299639.0,Michael Polish
3170,Everything Must Go,2010,97,English,USA,R,6.4,5000000.0,2711210.0,-2288790.0,Dan Rush
3171,Zero Effect,1998,116,English,USA,R,7.0,5000000.0,1980338.0,-3019662.0,Jake Kasdan
3172,The Machinist,2004,94,English,Spain,R,7.7,5000000.0,1082044.0,-3917956.0,Brad Anderson
3173,Light Sleeper,1992,103,English,USA,R,6.8,5000000.0,1100000.0,-3900000.0,Paul Schrader
3174,Kill the Messenger,2014,112,English,USA,R,7.0,5000000.0,2445646.0,-2554354.0,Michael Cuesta
3175,Rabbit Hole,2010,91,English,USA,PG-13,7.0,5000000.0,2221809.0,-2778191.0,John Cameron Mitchell
3176,Party Monster,2003,98,English,USA,R,6.3,5000000.0,296665.0,-4703335.0,Fenton Bailey
3177,Green Room,2015,95,English,USA,R,7.1,5000000.0,3219029.0,-1780971.0,Jeremy Saulnier
3178,Bottle Rocket,1996,91,English,USA,R,7.1,7000000.0,1040879.0,-5959121.0,Wes Anderson
3179,Albino Alligator,1996,97,English,USA,R,6.1,5000000.0,326308.0,-4673692.0,Kevin Spacey
3180,"Lovely, Still",2008,90,English,USA,PG,7.3,5000000.0,124720.0,-4875280.0,Nicholas Fackler
3181,Desert Blue,1998,90,English,USA,R,6.2,2000000.0,99147.0,-1900853.0,Morgan J. Freeman
3182,The Visit,2015,94,English,USA,PG-13,6.2,5000000.0,65069140.0,60069140.0,M. Night Shyamalan
3183,Redacted,2007,90,English,USA,R,6.2,5000000.0,65087.0,-4934913.0,Brian De Palma
3184,Fascination,2004,103,English,Germany,R,3.3,5000000.0,16066.0,-4983934.0,Klaus Menzel
3185,I Served the King of England,2006,113,Czech,Czech Republic,R,7.4,84450000.0,617228.0,-83832772.0,Jirí Menzel
3186,Sling Blade,1996,148,English,USA,R,8.0,890000.0,24475416.0,23585416.0,Billy Bob Thornton
3187,Hostel,2005,93,English,USA,R,5.9,4800000.0,47277326.0,42477326.0,Eli Roth
3188,Tristram Shandy: A Cock and Bull Story,2005,94,English,UK,R,6.8,2800000.0,1247453.0,-1552547.0,Michael Winterbottom
3189,Take Shelter,2011,121,English,USA,R,7.4,5000000.0,1729969.0,-3270031.0,Jeff Nichols
3190,Lady in White,1988,118,English,USA,R,6.7,4700000.0,1705139.0,-2994861.0,Frank LaLoggia
3191,The Texas Chainsaw Massacre 2,1986,101,English,USA,X,5.5,4700000.0,8025872.0,3325872.0,Tobe Hooper
3192,Only God Forgives,2013,90,English,Denmark,R,5.7,4800000.0,778565.0,-4021435.0,Nicolas Winding Refn
3193,The Names of Love,2010,100,French,France,R,7.2,4600000.0,513836.0,-4086164.0,Michel Leclerc
3194,Savage Grace,2007,97,English,Spain,Not Rated,5.9,4600000.0,434417.0,-4165583.0,Tom Kalin
3195,Police Academy,1984,96,English,USA,R,6.7,4500000.0,81200000.0,76700000.0,Hugh Wilson
3196,Four Weddings and a Funeral,1994,117,English,UK,R,7.1,4500000.0,52700832.0,48200832.0,Mike Newell
3197,25th Hour,2002,108,English,USA,R,7.7,15000000.0,13060843.0,-1939157.0,Spike Lee
3198,Bound,1996,109,English,USA,R,7.4,4500000.0,3798532.0,-701468.0,Lana Wachowski
3199,Requiem for a Dream,2000,102,English,USA,R,8.4,4500000.0,3609278.0,-890722.0,Darren Aronofsky
3200,Tango,1998,115,Spanish,Spain,PG-13,7.2,700000000.0,1687311.0,-698312689.0,Carlos Saura
3201,Moms' Night Out,2014,98,English,USA,PG,5.4,5000000.0,10429707.0,5429707.0,Andrew Erwin
3202,Donnie Darko,2001,133,English,USA,R,8.1,4500000.0,727883.0,-3772117.0,Richard Kelly
3203,Character,1997,122,Dutch,Netherlands,R,7.8,4500000.0,713413.0,-3786587.0,Mike van Diem
3204,Spun,2002,106,English,USA,R,6.8,2000000.0,410241.0,-1589759.0,Jonas Åkerlund
3205,Lady Vengeance,2005,112,Korean,South Korea,R,7.7,4200000000.0,211667.0,-4199788333.0,Chan-wook Park
3206,Mean Machine,2001,99,English,UK,R,6.5,2500000.0,92191.0,-2407809.0,Barry Skolnick
3207,Exiled,2006,110,Cantonese,Hong Kong,R,7.3,35000000.0,49413.0,-34950587.0,Johnnie To
3208,After.Life,2009,104,English,USA,R,5.9,4500000.0,108229.0,-4391771.0,Agnieszka Wojtowicz-Vosloo
3209,One Flew Over the Cuckoo's Nest,1975,133,English,USA,R,8.7,4400000.0,112000000.0,107600000.0,Milos Forman
3210,The Sweeney,2012,112,English,UK,R,6.1,3000000.0,26345.0,-2973655.0,Nick Love
3211,Whale Rider,2002,101,English,New Zealand,PG-13,7.6,6000000.0,20772796.0,14772796.0,Niki Caro
3212,Night Watch,2004,104,Russian,Russia,R,6.5,4200000.0,1487477.0,-2712523.0,Timur Bekmambetov
3213,The Crying Game,1992,112,English,UK,R,7.3,2300000.0,62549000.0,60249000.0,Neil Jordan
3214,Porky's,1981,94,English,Canada,R,6.2,4000000.0,105500000.0,101500000.0,Bob Clark
3215,Survival of the Dead,2009,90,English,USA,R,5.0,4000000.0,101055.0,-3898945.0,George A. Romero
3216,Lost in Translation,2003,101,English,USA,R,7.8,4000000.0,44566004.0,40566004.0,Sofia Coppola
3217,Annie Hall,1977,93,English,USA,PG,8.1,4000000.0,39200000.0,35200000.0,Woody Allen
3218,The Greatest Show on Earth,1952,152,English,USA,Not Rated,6.7,4000000.0,36000000.0,32000000.0,Cecil B. DeMille
3219,Monster's Ball,2001,112,English,USA,R,7.1,4000000.0,31252964.0,27252964.0,Marc Forster
3220,Maggie,2015,95,English,USA,PG-13,5.6,8500000.0,131175.0,-8368825.0,Henry Hobson
3221,Leaving Las Vegas,1995,111,English,USA,R,7.6,3600000.0,31968347.0,28368347.0,Mike Figgis
3222,The Boy Next Door,2015,91,English,USA,R,4.6,4000000.0,35385560.0,31385560.0,Rob Cohen
3223,The Kids Are All Right,2010,106,English,USA,R,7.1,3500000.0,20803237.0,17303237.0,Lisa Cholodenko
3224,They Live,1988,93,English,USA,R,7.3,4000000.0,13008928.0,9008928.0,John Carpenter
3225,The Last Exorcism Part II,2013,93,English,France,PG-13,4.0,5000000.0,15152879.0,10152879.0,Ed Gass-Donnelly
3226,Boyhood,2014,165,English,USA,R,8.0,4000000.0,25359200.0,21359200.0,Richard Linklater
3227,Scoop,2006,96,English,UK,PG-13,6.7,4000000.0,10515579.0,6515579.0,Woody Allen
3228,The Wash,2001,93,English,USA,R,4.6,4000000.0,10097096.0,6097096.0,DJ Pooh
3229,3 Strikes,2000,82,English,USA,R,4.0,6000000.0,9821335.0,3821335.0,DJ Pooh
3230,The Cooler,2003,101,English,USA,R,7.0,3200000.0,8243880.0,5043880.0,Wayne Kramer
3231,The Night Listener,2006,81,English,USA,R,5.9,4000000.0,7825820.0,3825820.0,Patrick Stettner
3232,The Orphanage,2007,105,Spanish,Spain,R,7.5,3400000.0,7159147.0,3759147.0,J.A. Bayona
3233,A Haunted House 2,2014,86,English,USA,R,4.7,4000000.0,17314483.0,13314483.0,Michael Tiddes
3234,The Rules of Attraction,2002,110,English,USA,R,6.7,4000000.0,6525762.0,2525762.0,Roger Avary
3235,Four Rooms,1995,110,English,USA,R,6.7,4000000.0,4301331.0,301331.0,Allison Anders
3236,Secretary,2002,104,English,USA,R,7.1,4000000.0,4046737.0,46737.0,Steven Shainberg
3237,The Real Cancun,2003,96,English,USA,R,2.7,8000000.0,3713002.0,-4286998.0,Rick de Oliveira
3238,Talk Radio,1988,110,English,USA,R,7.3,4000000.0,3468572.0,-531428.0,Oliver Stone
3239,Waiting for Guffman,1996,84,English,USA,R,7.6,4000000.0,2892582.0,-1107418.0,Christopher Guest
3240,Love Stinks,1999,94,English,USA,R,5.8,4000000.0,2800000.0,-1200000.0,Jeff Franklin
3241,You Kill Me,2007,93,English,USA,R,6.5,4000000.0,2426851.0,-1573149.0,John Dahl
3242,Thumbsucker,2005,96,English,USA,R,6.6,4000000.0,1325073.0,-2674927.0,Mike Mills
3243,Mirrormask,2005,101,English,UK,PG,6.9,4000000.0,864959.0,-3135041.0,Dave McKean
3244,Samsara,2011,102,None,USA,PG-13,8.5,4000000.0,2601847.0,-1398153.0,Ron Fricke
3245,The Barbarians,1987,87,English,USA,R,4.8,4000000.0,800000.0,-3200000.0,Ruggero Deodato
3246,Poolhall Junkies,2002,99,English,USA,R,7.0,4000000.0,562059.0,-3437941.0,Mars Callahan
3247,The Loss of Sexual Innocence,1999,106,English,USA,R,5.4,4000000.0,399793.0,-3600207.0,Mike Figgis
3248,Joe,2013,117,English,USA,R,6.9,4000000.0,371897.0,-3628103.0,David Gordon Green
3249,Shooting Fish,1997,99,English,UK,PG,6.6,3000000.0,302204.0,-2697796.0,Stefan Schwartz
3250,Prison,1987,102,English,USA,R,5.9,1300000.0,354704.0,-945296.0,Renny Harlin
3251,Psycho Beach Party,2000,85,English,Australia,Unrated,6.3,1500000.0,265107.0,-1234893.0,Robert Lee King
3252,The Big Tease,1999,86,English,UK,R,6.3,4000000.0,185577.0,-3814423.0,Kevin Allen
3253,Trust,2010,106,English,USA,R,7.0,9500000.0,58214.0,-9441786.0,David Schwimmer
3254,An Everlasting Piece,2000,103,English,USA,R,6.3,14000000.0,75078.0,-13924922.0,Barry Levinson
3255,Adore,2013,112,English,Australia,R,6.2,16000000.0,317125.0,-15682875.0,Anne Fontaine
3256,Mondays in the Sun,2002,113,Spanish,Spain,R,7.7,4000000.0,146402.0,-3853598.0,Fernando León de Aranoa
3257,Stake Land,2010,98,English,USA,R,6.5,650000.0,18469.0,-631531.0,Jim Mickle
3258,The Last Time I Committed Suicide,1997,92,English,USA,R,5.8,4000000.0,12836.0,-3987164.0,Stephen Kay
3259,Futuro Beach,2014,106,Portuguese,Brazil,Unrated,6.1,4000000.0,20262.0,-3979738.0,Karim Aïnouz
3260,Gone with the Wind,1939,226,English,USA,G,8.2,3977000.0,198655278.0,194678278.0,Victor Fleming
3261,Desert Dancer,2014,104,English,UK,PG-13,6.0,4000000.0,143653.0,-3856347.0,Richard Raymond
3262,Major Dundee,1965,152,English,USA,Approved,6.8,3800000.0,14873.0,-3785127.0,Sam Peckinpah
3263,Annie Get Your Gun,1950,107,English,USA,Passed,7.0,3768785.0,8000000.0,4231215.0,George Sidney
3264,Defendor,2009,95,English,Canada,R,6.8,3500000.0,37606.0,-3462394.0,Peter Stebbings
3265,The Pirate,1948,102,English,USA,Approved,7.1,3700000.0,2956000.0,-744000.0,Vincente Minnelli
3266,The Good Heart,2009,99,English,Iceland,R,6.9,3800000.0,19959.0,-3780041.0,Dagur Kári
3267,The History Boys,2006,109,English,UK,R,6.9,2000000.0,2706659.0,706659.0,Nicholas Hytner
3268,The Full Monty,1997,91,English,UK,R,7.2,3500000.0,45857453.0,42357453.0,Peter Cattaneo
3269,Airplane!,1980,88,English,USA,PG,7.8,3500000.0,83400000.0,79900000.0,Jim Abrahams
3270,Friday,1995,97,English,USA,R,7.3,3500000.0,27900000.0,24400000.0,F. Gary Gray
3271,Menace II Society,1993,97,English,USA,R,7.5,3500000.0,27900000.0,24400000.0,Albert Hughes
3272,Creepshow 2,1987,85,English,USA,R,6.0,3500000.0,14000000.0,10500000.0,Michael Gornick
3273,The Witch,2015,92,English,USA,R,6.8,3500000.0,25138292.0,21638292.0,Robert Eggers
3274,I Got the Hook Up,1998,93,English,USA,R,3.9,3500000.0,10305534.0,6805534.0,Michael Martin
3275,She's the One,1996,96,English,USA,R,6.1,3500000.0,9449219.0,5949219.0,Edward Burns
3276,Gods and Monsters,1998,105,English,USA,R,7.5,3500000.0,6390032.0,2890032.0,Bill Condon
3277,The Secret in Their Eyes,2009,129,Spanish,Argentina,R,8.2,2000000.0,20167424.0,18167424.0,Juan José Campanella
3278,Evil Dead II,1987,37,English,USA,X,7.8,3600000.0,5923044.0,2323044.0,Sam Raimi
3279,Pootie Tang,2001,81,English,USA,PG-13,5.2,3000000.0,3293258.0,293258.0,Louis C.K.
3280,La otra conquista,1998,106,Spanish,Mexico,R,6.8,3500000.0,886410.0,-2613590.0,Salvador Carrasco
3281,Trollhunter,2010,103,Norwegian,Norway,PG-13,7.0,19900000.0,252652.0,-19647348.0,André Øvredal
3282,Ira & Abby,2006,101,English,USA,R,6.5,3500000.0,220234.0,-3279766.0,Robert Cary
3283,Winter Passing,2005,98,English,USA,R,6.4,3500000.0,101228.0,-3398772.0,Adam Rapp
3284,D.E.B.S.,2004,91,English,USA,PG-13,5.3,3500000.0,96793.0,-3403207.0,Angela Robinson
3285,March of the Penguins,2005,80,French,France,G,7.6,8000000.0,77413017.0,69413017.0,Luc Jacquet
3286,Margin Call,2011,107,English,USA,R,7.1,3500000.0,5354039.0,1854039.0,J.C. Chandor
3287,Choke,2008,92,English,USA,R,6.5,3000000.0,2926565.0,-73435.0,Clark Gregg
3288,Whiplash,2014,107,English,USA,R,8.5,3300000.0,13092000.0,9792000.0,Damien Chazelle
3289,City of God,2002,135,Portuguese,Brazil,R,8.7,3300000.0,7563397.0,4263397.0,Fernando Meirelles
3290,Human Traffic,1999,99,English,UK,R,7.1,2200000.0,104257.0,-2095743.0,Justin Kerrigan
3291,The Hunt,2012,115,Danish,Denmark,R,8.3,3800000.0,610968.0,-3189032.0,Thomas Vinterberg
3292,Bella,2006,91,English,USA,PG-13,7.4,3300000.0,8108247.0,4808247.0,Alejandro Monteverde
3293,Maria Full of Grace,2004,101,Spanish,Colombia,R,7.5,3000000.0,6517198.0,3517198.0,Joshua Marston
3294,Beginners,2010,105,English,USA,R,7.2,3200000.0,5776314.0,2576314.0,Mike Mills
3295,Animal House,1978,109,English,USA,R,7.6,3000000.0,141600000.0,138600000.0,John Landis
3296,Goldfinger,1964,110,English,UK,Approved,7.8,3000000.0,51100000.0,48100000.0,Guy Hamilton
3297,Trainspotting,1996,94,English,UK,R,8.2,3500000.0,16501785.0,13001785.0,Danny Boyle
3298,The Original Kings of Comedy,2000,115,English,USA,R,6.6,3000000.0,38168022.0,35168022.0,Spike Lee
3299,Paranormal Activity 2,2010,98,English,USA,R,5.7,3000000.0,84749884.0,81749884.0,Tod Williams
3300,Waking Ned Devine,1998,91,English,UK,PG,7.4,3000000.0,24788807.0,21788807.0,Kirk Jones
3301,Bowling for Columbine,2002,120,English,Germany,R,8.0,4000000.0,21244913.0,17244913.0,Michael Moore
3302,A Nightmare on Elm Street 2: Freddy's Revenge,1985,87,English,USA,R,5.4,2200000.0,30000000.0,27800000.0,Jack Sholder
3303,A Room with a View,1985,117,English,UK,Unrated,7.4,3000000.0,20966644.0,17966644.0,James Ivory
3304,The Purge,2013,85,English,USA,R,5.7,3000000.0,64423650.0,61423650.0,James DeMonaco
3305,Sinister,2012,110,English,USA,R,6.8,3000000.0,48056940.0,45056940.0,Scott Derrickson
3306,Martin Lawrence Live: Runteldat,2002,113,English,USA,R,5.4,3000000.0,19184015.0,16184015.0,David Raynr
3307,Air Bud,1997,98,English,USA,PG,5.1,3000000.0,24629916.0,21629916.0,Charles Martin Smith
3308,Jason Lives: Friday the 13th Part VI,1986,86,English,USA,R,5.9,3000000.0,19472057.0,16472057.0,Tom McLoughlin
3309,The Bridge on the River Kwai,1957,161,English,UK,PG,8.2,3000000.0,27200000.0,24200000.0,David Lean
3310,Spaced Invaders,1990,100,English,USA,PG,5.3,3000000.0,15369573.0,12369573.0,Patrick Read Johnson
3311,Jason Goes to Hell: The Final Friday,1993,91,English,USA,R,4.3,2500000.0,15935068.0,13435068.0,Adam Marcus
3312,Dave Chappelle's Block Party,2005,100,English,USA,R,7.2,3000000.0,11694528.0,8694528.0,Michel Gondry
3313,Next Day Air,2009,84,English,USA,R,5.9,3000000.0,10017041.0,7017041.0,Benny Boom
3314,Phat Girlz,2006,99,English,USA,PG-13,3.0,3000000.0,7059537.0,4059537.0,Nnegest Likké
3315,Before Midnight,2013,109,English,USA,R,7.9,3000000.0,8114507.0,5114507.0,Richard Linklater
3316,Teen Wolf Too,1987,95,English,USA,PG,3.2,3000000.0,7888703.0,4888703.0,Christopher Leitch
3317,Phantasm II,1988,97,English,USA,R,6.5,3000000.0,7282851.0,4282851.0,Don Coscarelli
3318,Real Women Have Curves,2002,90,English,USA,PG-13,7.0,3000000.0,5844929.0,2844929.0,Patricia Cardoso
3319,East Is East,1999,96,English,UK,R,6.9,1900000.0,4170647.0,2270647.0,Damien O'Donnell
3320,Whipped,2000,82,English,USA,R,4.4,3000000.0,4142507.0,1142507.0,Peter M. Cohen
3321,Kama Sutra: A Tale of Love,1996,109,English,USA,R,6.0,3000000.0,4109095.0,1109095.0,Mira Nair
3322,Warlock: The Armageddon,1993,98,English,USA,R,5.3,3000000.0,3902679.0,902679.0,Anthony Hickox
3323,8 Heads in a Duffel Bag,1997,95,English,USA,R,5.3,3000000.0,3559990.0,559990.0,Tom Schulman
3324,Thirteen Conversations About One Thing,2001,104,English,USA,R,7.1,4500000.0,3287435.0,-1212565.0,Jill Sprecher
3325,Jawbreaker,1999,87,English,USA,R,5.4,3500000.0,3071947.0,-428053.0,Darren Stein
3326,Basquiat,1996,108,English,USA,R,6.9,3300000.0,2961991.0,-338009.0,Julian Schnabel
3327,Tsotsi,2005,94,Zulu,UK,R,7.3,3000000.0,2912363.0,-87637.0,Gavin Hood
3328,DysFunktional Family,2003,89,English,USA,R,6.6,3000000.0,2223990.0,-776010.0,George Gallo
3329,Tusk,2014,102,English,USA,R,5.4,3000000.0,1821983.0,-1178017.0,Kevin Smith
3330,Oldboy,2003,120,Korean,South Korea,R,8.4,3000000.0,2181290.0,-818710.0,Chan-wook Park
3331,Letters to God,2010,110,English,USA,PG,6.3,3500000.0,2848578.0,-651422.0,David Nixon
3332,Hobo with a Shotgun,2011,86,English,Canada,Not Rated,6.1,3000000.0,703002.0,-2296998.0,Jason Eisener
3333,Bachelorette,2012,87,English,USA,R,5.3,3000000.0,418268.0,-2581732.0,Leslye Headland
3334,Tim and Eric's Billion Dollar Movie,2012,93,English,USA,R,5.3,3000000.0,200803.0,-2799197.0,Tim Heidecker
3335,Summer Storm,2004,98,German,Germany,R,7.4,2700000.0,95016.0,-2604984.0,Marco Kreuzpaintner
3336,Chain Letter,2009,88,English,USA,R,4.1,5000000.0,143000.0,-4857000.0,Deon Taylor
3337,Just Looking,1999,97,English,USA,R,6.7,3000000.0,39852.0,-2960148.0,Jason Alexander
3338,The Divide,2011,122,English,Germany,R,5.8,3000000.0,22000.0,-2978000.0,Xavier Gens
3339,Central Station,1998,113,Portuguese,Brazil,R,8.0,2900000.0,5595428.0,2695428.0,Walter Salles
3340,Boynton Beach Club,2005,105,English,USA,R,6.5,1500000.0,3123749.0,1623749.0,Susan Seidelman
3341,High Tension,2003,89,French,France,Unrated,6.8,2200000.0,3645438.0,1445438.0,Alexandre Aja
3342,Hustle & Flow,2005,116,English,USA,R,7.4,8000000.0,22201636.0,14201636.0,Craig Brewer
3343,Some Like It Hot,1959,120,English,USA,Not Rated,8.3,2883848.0,25000000.0,22116152.0,Billy Wilder
3344,Friday the 13th Part VII: The New Blood,1988,88,English,USA,R,5.3,2800000.0,19170001.0,16370001.0,John Carl Buechler
3345,The Wizard of Oz,1939,102,English,USA,Passed,8.1,2800000.0,22202612.0,19402612.0,Victor Fleming
3346,Young Frankenstein,1974,106,English,USA,PG,8.0,2800000.0,86300000.0,83500000.0,Mel Brooks
3347,Diary of the Dead,2007,95,English,USA,R,5.7,2000000.0,952620.0,-1047380.0,George A. Romero
3348,Ulee's Gold,1997,113,English,USA,R,7.1,2700000.0,9054736.0,6354736.0,Victor Nunez
3349,Blazing Saddles,1974,93,English,USA,R,7.8,2600000.0,119500000.0,116900000.0,Mel Brooks
3350,Friday the 13th: The Final Chapter,1984,97,English,USA,R,5.9,1800000.0,32600000.0,30800000.0,Joseph Zito
3351,Maurice,1987,140,English,UK,R,7.8,2600000.0,3130592.0,530592.0,James Ivory
3352,Timecrimes,2007,66,Spanish,Spain,R,7.2,2600000.0,38108.0,-2561892.0,Nacho Vigalondo
3353,A Haunted House,2013,86,English,USA,R,5.1,2500000.0,40041683.0,37541683.0,Michael Tiddes
3354,2016: Obama's America,2012,87,English,USA,PG,5.1,2500000.0,33349949.0,30849949.0,Dinesh D'Souza
3355,That Thing You Do!,1996,149,English,USA,PG,6.9,26000000.0,25809813.0,-190187.0,Tom Hanks
3356,Halloween III: Season of the Witch,1982,98,English,USA,R,4.6,2500000.0,14400000.0,11900000.0,Tommy Lee Wallace
3357,Kevin Hart: Let Me Explain,2013,75,English,USA,R,6.7,2500000.0,32230907.0,29730907.0,Leslie Small
3358,My Own Private Idaho,1991,104,English,USA,R,7.1,2500000.0,6401336.0,3901336.0,Gus Van Sant
3359,Garden State,2004,102,English,USA,R,7.6,2500000.0,26781723.0,24281723.0,Zach Braff
3360,Before Sunrise,1995,105,English,USA,R,8.1,2500000.0,5400000.0,2900000.0,Richard Linklater
3361,Jesus' Son,1999,107,English,USA,R,7.0,2500000.0,1282084.0,-1217916.0,Alison Maclean
3362,Robot & Frank,2012,89,English,USA,PG-13,7.1,2500000.0,3325638.0,825638.0,Jake Schreier
3363,My Life Without Me,2003,106,English,Spain,R,7.6,2000000.0,395592.0,-1604408.0,Isabel Coixet
3364,The Spectacular Now,2013,95,English,USA,R,7.1,2500000.0,6851969.0,4351969.0,James Ponsoldt
3365,Religulous,2008,101,English,USA,R,7.7,2500000.0,12995673.0,10495673.0,Larry Charles
3366,Fuel,2008,112,English,USA,Not Rated,7.6,2500000.0,173783.0,-2326217.0,Joshua Tickell
3367,Eye of the Dolphin,2006,100,English,USA,PG-13,5.7,2500000.0,71904.0,-2428096.0,Michael D. Sellers
3368,8: The Mormon Proposition,2010,80,English,USA,R,7.1,2500000.0,99851.0,-2400149.0,Reed Cowan
3369,The Other End of the Line,2008,106,English,UK,PG-13,6.2,14000000.0,115504.0,-13884496.0,James Dodson
3370,Anatomy,2000,103,German,Germany,R,6.1,8400000.0,5725.0,-8394275.0,Stefan Ruzowitzky
3371,Sleep Dealer,2008,90,Spanish,USA,PG-13,5.9,2500000.0,75727.0,-2424273.0,Alex Rivera
3372,Super,2010,96,English,USA,R,6.8,2500000.0,322157.0,-2177843.0,James Gunn
3373,Get on the Bus,1996,120,English,USA,R,6.8,2400000.0,5731103.0,3331103.0,Spike Lee
3374,Thr3e,2006,101,English,Poland,PG-13,5.1,2400000.0,978908.0,-1421092.0,Robby Henson
3375,This Is England,2006,101,English,UK,Unrated,7.7,1500000.0,327919.0,-1172081.0,Shane Meadows
3376,Go for It!,2011,105,English,USA,PG-13,3.9,2450000.0,178739.0,-2271261.0,Carmen Marron
3377,Friday the 13th Part III,1982,91,English,USA,R,5.7,4000000.0,36200000.0,32200000.0,Steve Miner
3378,Friday the 13th: A New Beginning,1985,92,English,USA,R,4.7,2200000.0,21300000.0,19100000.0,Danny Steinmann
3379,The Last Sin Eater,2007,117,English,USA,PG-13,5.9,2200000.0,379643.0,-1820357.0,Michael Landon Jr.
3380,The Best Years of Our Lives,1946,172,English,USA,Not Rated,8.1,2100000.0,23650000.0,21550000.0,William Wyler
3381,Elling,2001,89,Norwegian,Norway,R,7.6,15500000.0,313436.0,-15186564.0,Petter Næss
3382,From Russia with Love,1963,115,English,UK,Approved,7.5,2000000.0,24800000.0,22800000.0,Terence Young
3383,The Toxic Avenger Part II,1989,96,English,USA,R,5.1,2300000.0,792966.0,-1507034.0,Michael Herz
3384,It Follows,2014,100,English,USA,R,6.9,2000000.0,14673301.0,12673301.0,David Robert Mitchell
3385,Mad Max 2: The Road Warrior,1981,87,English,Australia,R,7.6,2000000.0,9003011.0,7003011.0,George Miller
3386,The Legend of Drunken Master,1994,102,Cantonese,Hong Kong,R,7.6,2000000.0,11546543.0,9546543.0,Chia-Liang Liu
3387,Boys Don't Cry,1999,118,English,USA,R,7.6,2000000.0,11533945.0,9533945.0,Kimberly Peirce
3388,Silent House,2011,86,English,France,R,5.3,2000000.0,12555230.0,10555230.0,Chris Kentis
3389,The Lives of Others,2006,137,German,Germany,R,8.5,2000000.0,11284657.0,9284657.0,Florian Henckel von Donnersmarck
3390,Courageous,2011,129,English,USA,PG-13,7.0,2000000.0,34522221.0,32522221.0,Alex Kendrick
3391,The Triplets of Belleville,2003,80,French,France,PG-13,7.8,9500000.0,7002255.0,-2497745.0,Sylvain Chomet
3392,Smoke Signals,1998,89,English,Canada,PG-13,7.2,2000000.0,6719300.0,4719300.0,Chris Eyre
3393,Before Sunset,2004,80,English,USA,R,8.0,2700000.0,5792822.0,3092822.0,Richard Linklater
3394,Amores Perros,2000,115,Spanish,Mexico,R,8.1,2000000.0,5383834.0,3383834.0,Alejandro G. Iñárritu
3395,Thirteen,2003,100,English,USA,R,6.8,1500000.0,4599680.0,3099680.0,Catherine Hardwicke
3396,Winter's Bone,2010,100,English,USA,R,7.2,2000000.0,6531491.0,4531491.0,Debra Granik
3397,Me and You and Everyone We Know,2005,91,English,USA,R,7.4,2000000.0,3885134.0,1885134.0,Miranda July
3398,We Are Your Friends,2015,96,English,UK,R,6.1,2000000.0,3590010.0,1590010.0,Max Joseph
3399,Harsh Times,2005,116,English,USA,R,7.0,2000000.0,3335839.0,1335839.0,David Ayer
3400,Captive,2015,97,English,USA,PG-13,5.3,2000000.0,2557668.0,557668.0,Jerry Jameson
3401,Full Frontal,2002,101,English,USA,R,4.7,2000000.0,2506446.0,506446.0,Steven Soderbergh
3402,Witchboard,1986,98,English,UK,R,5.7,2000000.0,7369373.0,5369373.0,Kevin Tenney
3403,Shortbus,2006,101,English,USA,Unrated,6.5,2000000.0,1984378.0,-15622.0,John Cameron Mitchell
3404,Waltz with Bashir,2008,90,Hebrew,Israel,R,8.0,1500000.0,2283276.0,783276.0,Ari Folman
3405,"The Book of Mormon Movie, Volume 1: The Journey",2003,120,English,USA,PG-13,3.3,2000000.0,1098224.0,-901776.0,Gary Rogers
3406,The Diary of a Teenage Girl,2015,102,English,USA,R,6.9,2000000.0,1477002.0,-522998.0,Marielle Heller
3407,In the Shadow of the Moon,2007,100,English,UK,PG,8.1,2000000.0,1134049.0,-865951.0,David Sington
3408,Inside Deep Throat,2005,89,English,USA,NC-17,6.8,2000000.0,653621.0,-1346379.0,Fenton Bailey
3409,The Virginity Hit,2010,86,English,USA,R,4.6,3400000.0,535249.0,-2864751.0,Huck Botko
3410,House of D,2004,96,English,USA,PG-13,7.0,6000000.0,371081.0,-5628919.0,David Duchovny
3411,Six-String Samurai,1998,91,English,USA,PG-13,6.7,2000000.0,124494.0,-1875506.0,Lance Mungia
3412,Saint John of Las Vegas,2009,85,English,USA,R,5.8,3800000.0,100669.0,-3699331.0,Hue Rhodes
3413,Stonewall,2015,129,English,USA,R,4.5,13500000.0,186354.0,-13313646.0,Roland Emmerich
3414,London,2005,92,English,UK,R,6.6,14000.0,12667.0,-1333.0,Hunter Richards
3415,Sherrybaby,2006,96,English,USA,R,6.6,2000000.0,198407.0,-1801593.0,Laurie Collyer
3416,Gangster's Paradise: Jerusalema,2008,119,English,South Africa,R,7.8,2000000.0,4958.0,-1995042.0,Ralph Ziman
3417,The Lady from Shanghai,1947,92,English,USA,Not Rated,7.7,2300000.0,7927.0,-2292073.0,Orson Welles
3418,The Ghastly Love of Johnny X,2012,106,English,USA,Not Rated,5.7,2000000.0,2436.0,-1997564.0,Paul Bunnell
3419,River's Edge,1986,99,English,USA,R,7.1,1900000.0,4600000.0,2700000.0,Tim Hunter
3420,Northfork,2003,103,English,USA,PG-13,6.4,1900000.0,1420578.0,-479422.0,Michael Polish
3421,Buried,2010,95,English,Spain,R,7.0,3000000.0,1028658.0,-1971342.0,Rodrigo Cortés
3422,One to Another,2006,95,French,France,Unrated,5.8,1400000.0,18435.0,-1381565.0,Pascal Arnold
3423,Man on Wire,2008,90,English,UK,PG-13,7.8,1000000.0,2957978.0,1957978.0,James Marsh
3424,Brotherly Love,2015,89,English,USA,R,7.2,1900000.0,444044.0,-1455956.0,Jamal Hill
3425,The Last Exorcism,2010,87,English,France,PG-13,5.6,1800000.0,40990055.0,39190055.0,Daniel Stamm
3426,El crimen del padre Amaro,2002,118,Spanish,Mexico,R,6.8,1800000.0,5709616.0,3909616.0,Carlos Carrera
3427,Beasts of the Southern Wild,2012,93,English,USA,PG-13,7.3,1800000.0,12784397.0,10984397.0,Benh Zeitlin
3428,Songcatcher,2000,109,English,USA,PG-13,7.3,1800000.0,3050934.0,1250934.0,Maggie Greenwald
3429,Run Lola Run,1998,81,German,Germany,R,7.8,3500000.0,7267324.0,3767324.0,Tom Tykwer
3430,May,2002,93,English,USA,R,6.7,500000.0,145540.0,-354460.0,Lucky McKee
3431,In the Bedroom,2001,138,English,USA,R,7.5,1700000.0,35918429.0,34218429.0,Todd Field
3432,I Spit on Your Grave,2010,105,English,USA,R,6.3,2000000.0,92401.0,-1907599.0,Steven R. Monroe
3433,"Happy, Texas",1999,98,English,USA,PG-13,6.3,1700000.0,1943649.0,243649.0,Mark Illsley
3434,My Summer of Love,2004,86,English,UK,R,6.8,1700000.0,992238.0,-707762.0,Pawel Pawlikowski
3435,The Lunchbox,2013,104,Hindi,India,PG,7.8,1000000.0,4231500.0,3231500.0,Ritesh Batra
3436,Yes,2004,100,English,UK,R,6.9,1000000.0,396035.0,-603965.0,Sally Potter
3437,Caramel,2007,95,Arabic,France,PG,7.2,1300000.0,1060591.0,-239409.0,Nadine Labaki
3438,Mississippi Mermaid,1969,123,French,France,R,7.2,1600000.0,26893.0,-1573107.0,François Truffaut
3439,I Love Your Work,2003,111,English,USA,R,5.4,1650000.0,2580.0,-1647420.0,Adam Goldberg
3440,Waitress,2007,108,English,USA,PG-13,7.1,2000000.0,19067631.0,17067631.0,Adrienne Shelly
3441,Bloodsport,1988,92,English,USA,R,6.8,1100000.0,11806119.0,10706119.0,Newt Arnold
3442,The Squid and the Whale,2005,88,English,USA,R,7.4,1500000.0,7362100.0,5862100.0,Noah Baumbach
3443,Kissing Jessica Stein,2001,97,English,USA,R,6.7,1000000.0,7022940.0,6022940.0,Charles Herman-Wurmfeld
3444,Exotica,1994,103,English,Canada,R,7.2,2000000.0,5132222.0,3132222.0,Atom Egoyan
3445,Buffalo '66,1998,110,English,USA,R,7.5,1500000.0,2365931.0,865931.0,Vincent Gallo
3446,Insidious,2010,103,English,USA,PG-13,6.8,1500000.0,53991137.0,52491137.0,James Wan
3447,Nine Queens,2000,114,Spanish,Argentina,R,7.9,1500000.0,1221261.0,-278739.0,Fabián Bielinsky
3448,The Ballad of Jack and Rose,2005,112,English,USA,R,6.7,1500000.0,712294.0,-787706.0,Rebecca Miller
3449,The To Do List,2013,104,English,USA,R,5.8,1500000.0,3447339.0,1947339.0,Maggie Carey
3450,Killing Zoe,1993,99,English,France,R,6.5,1500000.0,418953.0,-1081047.0,Roger Avary
3451,The Believer,2001,98,English,USA,R,7.2,1500000.0,406035.0,-1093965.0,Henry Bean
3452,Session 9,2001,100,English,USA,R,6.5,1500000.0,373967.0,-1126033.0,Brad Anderson
3453,I Want Someone to Eat Cheese With,2006,80,English,USA,R,6.2,1500000.0,194568.0,-1305432.0,Jeff Garlin
3454,Modern Times,1936,87,English,USA,G,8.6,1500000.0,163245.0,-1336755.0,Charles Chaplin
3455,Stolen Summer,2002,91,English,USA,PG,6.5,1500000.0,119841.0,-1380159.0,Pete Jones
3456,My Name Is Bruce,2007,84,English,USA,R,6.3,1500000.0,173066.0,-1326934.0,Bruce Campbell
3457,Pontypool,2008,95,English,Canada,Not Rated,6.7,1500000.0,3478.0,-1496522.0,Bruce McDonald
3458,Trucker,2008,90,English,USA,R,6.7,2000000.0,52166.0,-1947834.0,James Mottern
3459,The Lords of Salem,2012,101,English,USA,R,5.1,2500000.0,1163508.0,-1336492.0,Rob Zombie
3460,Snow White and the Seven Dwarfs,1937,83,English,USA,Approved,7.7,2000000.0,184925485.0,182925485.0,William Cottrell
3461,The Holy Girl,2004,106,Spanish,Argentina,R,6.7,1400000.0,304124.0,-1095876.0,Lucrecia Martel
3462,Incident at Loch Ness,2004,94,English,UK,PG-13,6.6,1400000.0,36830.0,-1363170.0,Zak Penn
3463,"Lock, Stock and Two Smoking Barrels",1998,120,English,UK,R,8.2,960000.0,3650677.0,2690677.0,Guy Ritchie
3464,The Celebration,1998,105,Danish,Denmark,R,8.1,1300000.0,1647780.0,347780.0,Thomas Vinterberg
3465,Trees Lounge,1996,95,English,USA,R,7.2,1300000.0,695229.0,-604771.0,Steve Buscemi
3466,Journey from the Fall,2006,135,Vietnamese,USA,R,7.4,1592000.0,638951.0,-953049.0,Ham Tran
3467,The Basket,1999,105,English,USA,PG,6.5,1300000.0,609042.0,-690958.0,Rich Cowan
3468,The Hebrew Hammer,2003,87,English,USA,R,6.2,1000000.0,19539.0,-980461.0,Jonathan Kesselman
3469,Friday the 13th Part 2,1981,87,English,USA,R,6.1,1250000.0,19100000.0,17850000.0,Steve Miner
3470,"Sex, Lies, and Videotape",1989,100,English,USA,R,7.2,1200000.0,24741700.0,23541700.0,Steven Soderbergh
3471,Saw,2004,103,English,USA,R,7.7,1200000.0,55153403.0,53953403.0,James Wan
3472,Super Troopers,2001,100,English,USA,R,7.1,1200000.0,18488314.0,17288314.0,Jay Chandrasekhar
3473,Monsoon Wedding,2001,114,Hindi,India,R,7.4,7000000.0,13876974.0,6876974.0,Mira Nair
3474,You Can Count on Me,2000,111,English,USA,R,7.7,1200000.0,9180275.0,7980275.0,Kenneth Lonergan
3475,But I'm a Cheerleader,1999,85,English,USA,R,6.6,1200000.0,2199853.0,999853.0,Jamie Babbit
3476,Home Run,2013,113,English,USA,PG-13,6.0,1200000.0,2859955.0,1659955.0,David Boyd
3477,Reservoir Dogs,1992,99,English,USA,R,8.4,1200000.0,2812029.0,1612029.0,Quentin Tarantino
3478,"The Good, the Bad and the Ugly",1966,142,Italian,Italy,Approved,8.9,1200000.0,6100000.0,4900000.0,Sergio Leone
3479,The Second Mother,2015,112,Portuguese,Brazil,R,7.9,4000000.0,375723.0,-3624277.0,Anna Muylaert
3480,Blue Like Jazz,2012,108,English,USA,PG-13,6.0,1200000.0,594904.0,-605096.0,Steve Taylor
3481,Down and Out with the Dolls,2001,88,English,USA,R,6.1,1200000.0,58936.0,-1141064.0,Kurt Voss
3482,Airborne,1993,91,English,USA,PG,6.2,2600000.0,2850263.0,250263.0,Rob Bowman
3483,Waiting...,2005,94,English,USA,R,6.8,3000000.0,16101109.0,13101109.0,Rob McKittrick
3484,From a Whisper to a Scream,1987,92,English,USA,R,5.9,1100000.0,1400000.0,300000.0,Jeff Burr
3485,Beyond the Black Rainbow,2010,110,English,Canada,R,6.1,1100000.0,56129.0,-1043871.0,Panos Cosmatos
3486,The Raid: Redemption,2011,102,Indonesian,Indonesia,R,7.6,1100000.0,4105123.0,3005123.0,Gareth Evans
3487,Rocky,1976,145,English,USA,PG,8.1,960000.0,117235247.0,116275247.0,John G. Avildsen
3488,Unfriended,2014,83,English,USA,R,5.7,1000000.0,31537320.0,30537320.0,Levan Gabriadze
3489,The Howling,1981,91,English,USA,R,6.6,1000000.0,17986000.0,16986000.0,Joe Dante
3490,Dr. No,1962,110,English,UK,Approved,7.3,1100000.0,16067035.0,14967035.0,Terence Young
3491,Chernobyl Diaries,2012,86,English,USA,R,5.0,1000000.0,18112929.0,17112929.0,Bradley Parker
3492,Hellraiser,1987,86,English,UK,R,7.0,1000000.0,14564027.0,13564027.0,Clive Barker
3493,God's Not Dead 2,2016,120,English,USA,PG,3.4,5000000.0,20773070.0,15773070.0,Harold Cronk
3494,Cry_Wolf,2005,90,English,USA,PG-13,5.9,1000000.0,10042266.0,9042266.0,Jeff Wadlow
3495,Godzilla 2000,1999,99,Japanese,Japan,PG,6.0,1000000000.0,10037390.0,-989962610.0,Takao Okawara
3496,Blue Valentine,2010,112,English,USA,R,7.4,3500000.0,9701559.0,6201559.0,Derek Cianfrance
3497,Transamerica,2005,103,English,USA,R,7.4,1000000.0,9013113.0,8013113.0,Duncan Tucker
3498,The Devil Inside,2012,83,English,USA,R,4.2,1000000.0,53245055.0,52245055.0,William Brent Bell
3499,Beyond the Valley of the Dolls,1970,109,English,USA,X,6.2,900000.0,9000000.0,8100000.0,Russ Meyer
3500,The Green Inferno,2013,100,English,USA,R,5.4,6000000.0,7186670.0,1186670.0,Eli Roth
3501,The Sessions,2012,95,English,USA,R,7.2,1000000.0,5997134.0,4997134.0,Ben Lewin
3502,Next Stop Wonderland,1998,104,English,USA,R,6.7,1000000.0,3386698.0,2386698.0,Brad Anderson
3503,Frozen River,2008,97,English,USA,R,7.2,1000000.0,2508841.0,1508841.0,Courtney Hunt
3504,20 Feet from Stardom,2013,91,English,USA,PG-13,7.4,1000000.0,4946250.0,3946250.0,Morgan Neville
3505,Two Girls and a Guy,1997,84,English,USA,R,5.6,1000000.0,1950218.0,950218.0,James Toback
3506,Walking and Talking,1996,86,English,UK,R,6.8,1000000.0,1277257.0,277257.0,Nicole Holofcener
3507,Who Killed the Electric Car?,2006,92,English,USA,PG,7.7,1000000.0,1677838.0,677838.0,Chris Paine
3508,The Broken Hearts Club: A Romantic Comedy,2000,94,English,USA,R,7.0,1000000.0,1744858.0,744858.0,Greg Berlanti
3509,Slam,1998,100,English,USA,R,7.2,1000000.0,982214.0,-17786.0,Marc Levin
3510,Brigham City,2001,119,English,USA,PG-13,7.2,1000000.0,798341.0,-201659.0,Richard Dutcher
3511,Orgazmo,1997,92,English,USA,NC-17,6.2,1000000.0,582024.0,-417976.0,Trey Parker
3512,All the Real Girls,2003,108,English,USA,R,6.9,2500000.0,548712.0,-1951288.0,David Gordon Green
3513,Dream with the Fishes,1997,97,English,USA,R,7.0,1000000.0,464655.0,-535345.0,Finn Taylor
3514,Blue Car,2002,88,English,USA,R,6.7,1000000.0,464126.0,-535874.0,Karen Moncrieff
3515,Wristcutters: A Love Story,2006,88,English,USA,R,7.4,1000000.0,104077.0,-895923.0,Goran Dukic
3516,The Battle of Shaker Heights,2003,79,English,USA,PG-13,6.1,1000000.0,279282.0,-720718.0,Efram Potelle
3517,The Act of Killing,2012,96,Indonesian,UK,Not Rated,8.2,1000000.0,484221.0,-515779.0,Joshua Oppenheimer
3518,Taxi to the Dark Side,2007,53,English,USA,R,7.7,1000000.0,274661.0,-725339.0,Alex Gibney
3519,Once in a Lifetime: The Extraordinary Story of the New York Cosmos,2006,97,English,UK,PG-13,7.3,1000000.0,144431.0,-855569.0,Paul Crowder
3520,Antarctica: A Year on Ice,2013,91,English,New Zealand,PG,7.6,1000000.0,287761.0,-712239.0,Anthony Powell
3521,Hardflip,2012,112,English,USA,PG-13,5.6,1000000.0,96734.0,-903266.0,Johnny Remo
3522,The House of the Devil,2009,95,English,USA,R,6.4,900000.0,100659.0,-799341.0,Ti West
3523,The Perfect Host,2010,93,English,USA,R,6.8,500000.0,48430.0,-451570.0,Nick Tomnay
3524,Safe Men,1998,88,English,USA,R,6.1,1000000.0,21210.0,-978790.0,John Hamburg
3525,The Specials,2000,82,English,USA,R,6.0,1000000.0,12996.0,-987004.0,Craig Mazin
3526,Alone with Her,2006,78,English,USA,Not Rated,6.1,1000000.0,10018.0,-989982.0,Eric Nicholas
3527,Creative Control,2015,97,English,USA,R,5.5,1000000.0,62480.0,-937520.0,Benjamin Dickinson
3528,Special,2006,81,English,USA,R,6.9,1000000.0,6387.0,-993613.0,Hal Haberman
3529,In Her Line of Fire,2006,88,English,Germany,R,4.1,1000000.0,721.0,-999279.0,Brian Trenchard-Smith
3530,The Jimmy Show,2001,96,English,USA,R,5.4,1500000.0,703.0,-1499297.0,Frank Whaley
3531,On the Waterfront,1954,108,English,USA,Not Rated,8.2,910000.0,9600000.0,8690000.0,Elia Kazan
3532,L!fe Happens,2011,100,English,USA,R,5.7,930000.0,20186.0,-909814.0,Kat Coiro
3533,"4 Months, 3 Weeks and 2 Days",2007,113,Romanian,Romania,Not Rated,7.9,590000.0,1185783.0,595783.0,Cristian Mungiu
3534,Hard Candy,2005,104,English,USA,R,7.1,950000.0,1007962.0,57962.0,David Slade
3535,The Quiet,2005,91,English,USA,R,6.4,900000.0,381186.0,-518814.0,Jamie Babbit
3536,Fruitvale Station,2013,85,English,USA,R,7.5,900000.0,16097842.0,15197842.0,Ryan Coogler
3537,The Brass Teapot,2012,101,English,USA,R,6.4,900000.0,6643.0,-893357.0,Ramaa Mosley
3538,Latter Days,2003,107,English,USA,R,7.2,850000.0,819939.0,-30061.0,C. Jay Cox
3539,"For a Good Time, Call...",2012,88,English,USA,R,6.0,850000.0,1243961.0,393961.0,Jamie Travis
3540,Time Changer,2002,95,English,USA,PG,5.6,825000.0,15278.0,-809722.0,Rich Christiano
3541,A Separation,2011,123,Persian,Iran,PG-13,8.4,500000.0,7098492.0,6598492.0,Asghar Farhadi
3542,Welcome to the Dollhouse,1995,88,English,USA,R,7.5,800000.0,4771000.0,3971000.0,Todd Solondz
3543,Ruby in Paradise,1993,114,English,USA,R,7.2,800000.0,1001437.0,201437.0,Victor Nunez
3544,Raising Victor Vargas,2002,88,English,France,R,7.2,800000.0,2073984.0,1273984.0,Peter Sollett
3545,Deterrence,1999,104,English,France,R,6.5,800000.0,144583.0,-655417.0,Rod Lurie
3546,Dead Snow,2009,91,Norwegian,Norway,Not Rated,6.4,800000.0,41709.0,-758291.0,Tommy Wirkola
3547,American Graffiti,1973,112,English,USA,PG,7.5,777000.0,115000000.0,114223000.0,George Lucas
3548,Aqua Teen Hunger Force Colon Movie Film for Theaters,2007,86,English,USA,R,6.9,750000.0,5518918.0,4768918.0,Matt Maiellaro
3549,Safety Not Guaranteed,2012,86,English,USA,R,7.0,750000.0,4007792.0,3257792.0,Colin Trevorrow
3550,Kill List,2011,95,English,UK,Not Rated,6.3,500000.0,26297.0,-473703.0,Ben Wheatley
3551,The Innkeepers,2011,101,English,USA,R,5.5,750000.0,77501.0,-672499.0,Ti West
3552,Interview with the Assassin,2002,88,English,USA,R,6.6,750000.0,47329.0,-702671.0,Neil Burger
3553,Donkey Punch,2008,99,English,UK,R,5.2,900000.0,18378.0,-881622.0,Oliver Blackburn
3554,Hoop Dreams,1994,170,English,USA,PG-13,8.3,700000.0,7830611.0,7130611.0,Steve James
3555,L.I.E.,2001,97,English,USA,NC-17,7.2,700000.0,1141829.0,441829.0,Michael Cuesta
3556,Half Nelson,2006,106,English,USA,R,7.2,700000.0,2694973.0,1994973.0,Ryan Fleck
3557,Top Hat,1935,81,English,USA,Approved,7.8,609000.0,3000000.0,2391000.0,Mark Sandrich
3558,The Blair Witch Project,1999,81,English,USA,R,6.4,60000.0,140530114.0,140470114.0,Daniel Myrick
3559,Woodstock,1970,215,English,USA,R,8.1,600000.0,13300000.0,12700000.0,Michael Wadleigh
3560,Mercy Streets,2000,106,English,USA,PG-13,5.6,600000.0,171988.0,-428012.0,Jon Gunn
3561,Broken Vessels,1998,90,English,USA,R,6.6,600000.0,13493.0,-586507.0,Scott Ziehl
3562,A Hard Day's Night,1964,87,English,UK,Approved,7.7,560000.0,515005.0,-44995.0,Richard Lester
3563,Fireproof,2008,122,English,USA,PG,6.5,500000.0,33451479.0,32951479.0,Alex Kendrick
3564,Benji,1974,86,English,USA,G,6.1,500000.0,39552600.0,39052600.0,Joe Camp
3565,Open Water,2003,79,English,USA,R,5.7,500000.0,30500882.0,30000882.0,Chris Kentis
3566,Kingdom of the Spiders,1977,97,English,USA,PG,5.9,500000.0,17000000.0,16500000.0,John 'Bud' Cardos
3567,The Station Agent,2003,89,English,USA,R,7.7,500000.0,5739376.0,5239376.0,Tom McCarthy
3568,To Save a Life,2009,120,English,USA,PG-13,7.1,1000000.0,3773863.0,2773863.0,Brian Baugh
3569,Beyond the Mat,1999,108,English,USA,R,7.6,500000.0,2047570.0,1547570.0,Barry W. Blaustein
3570,Osama,2003,83,Dari,Afghanistan,PG-13,7.4,46000.0,1127331.0,1081331.0,Siddiq Barmak
3571,Sholem Aleichem: Laughing in the Darkness,2011,93,English,USA,Unrated,6.8,500000.0,906666.0,406666.0,Joseph Dorman
3572,Groove,2000,86,English,USA,R,6.5,500000.0,1114943.0,614943.0,Greg Harrison
3573,Twin Falls Idaho,1999,111,English,USA,R,7.3,500000.0,985341.0,485341.0,Michael Polish
3574,Mean Creek,2004,90,English,USA,R,7.3,500000.0,603943.0,103943.0,Jacob Aaron Estes
3575,Hurricane Streets,1997,86,English,USA,R,6.5,500000.0,334041.0,-165959.0,Morgan J. Freeman
3576,Never Again,2001,98,English,USA,R,6.0,500000.0,295468.0,-204532.0,Eric Schaeffer
3577,Civil Brand,2002,91,English,USA,R,5.3,500000.0,243347.0,-256653.0,Neema Barnette
3578,Lonesome Jim,2005,91,English,USA,R,6.6,500000.0,154077.0,-345923.0,Steve Buscemi
3579,Seven Samurai,1954,202,Japanese,Japan,Unrated,8.7,2000000.0,269061.0,-1730939.0,Akira Kurosawa
3580,Finishing the Game: The Search for a New Bruce Lee,2007,84,English,USA,Not Rated,6.2,500000.0,52850.0,-447150.0,Justin Lin
3581,Rubber,2010,82,English,France,R,5.8,500000.0,98017.0,-401983.0,Quentin Dupieux
3582,Kiss the Bride,2007,100,English,USA,R,5.7,500000.0,31937.0,-468063.0,C. Jay Cox
3583,The Slaughter Rule,2002,112,English,USA,R,6.1,500000.0,13134.0,-486866.0,Alex Smith
3584,Monsters,2010,94,English,UK,R,6.4,500000.0,237301.0,-262699.0,Gareth Edwards
3585,Detention of the Dead,2012,87,English,USA,Not Rated,4.6,500000.0,1332.0,-498668.0,Alex Craig Mann
3586,Straight Out of Brooklyn,1991,91,English,USA,R,5.9,450000.0,2712293.0,2262293.0,Matty Rich
3587,Bloody Sunday,2002,107,English,UK,R,7.7,2000000.0,768045.0,-1231955.0,Paul Greengrass
3588,Conversations with Other Women,2005,84,English,UK,R,7.1,450000.0,379122.0,-70878.0,Hans Canosa
3589,Poultrygeist: Night of the Chicken Dead,2006,103,English,USA,Unrated,6.2,500000.0,23000.0,-477000.0,Lloyd Kaufman
3590,42nd Street,1933,89,English,USA,Unrated,7.7,439000.0,2300000.0,1861000.0,Lloyd Bacon
3591,Metropolitan,1990,98,English,USA,PG-13,7.5,225000.0,2938208.0,2713208.0,Whit Stillman
3592,Napoleon Dynamite,2004,92,English,USA,PG,6.9,400000.0,44540956.0,44140956.0,Jared Hess
3593,Blue Ruin,2013,90,English,USA,R,7.1,1066167.0,258113.0,-808054.0,Jeremy Saulnier
3594,Paranormal Activity,2007,84,English,USA,R,6.3,15000.0,107917283.0,107902283.0,Oren Peli
3595,Monty Python and the Holy Grail,1975,91,English,UK,PG,8.3,229575.0,1229197.0,999622.0,Terry Gilliam
3596,Quinceañera,2006,90,Spanish,USA,R,7.1,400000.0,1689999.0,1289999.0,Richard Glatzer
3597,Tarnation,2003,88,English,USA,Unrated,7.2,218.0,592014.0,591796.0,Jonathan Caouette
3598,The Beyond,1981,82,Italian,Italy,X,6.9,400000.0,126387.0,-273613.0,Lucio Fulci
3599,What Happens in Vegas,2008,101,English,USA,PG-13,6.1,35000000.0,80276912.0,45276912.0,Tom Vaughan
3600,The Broadway Melody,1929,100,English,USA,Passed,6.3,379000.0,2808000.0,2429000.0,Harry Beaumont
3601,Maniac,2012,89,English,France,Not Rated,6.1,6000000.0,12843.0,-5987157.0,Franck Khalfoun
3602,Murderball,2005,88,English,USA,R,7.8,1750211.0,1523883.0,-226328.0,Henry Alex Rubin
3603,American Ninja 2: The Confrontation,1987,90,English,USA,R,4.7,350000.0,4000000.0,3650000.0,Sam Firstenberg
3604,Tumbleweeds,1999,102,English,USA,PG-13,6.7,312000.0,1281176.0,969176.0,Gavin O'Connor
3605,The Prophecy,1995,98,English,USA,R,6.6,8000000.0,16115878.0,8115878.0,Gregory Widen
3606,When the Cat's Away,1996,91,French,France,R,6.9,300000.0,1652472.0,1352472.0,Cédric Klapisch
3607,Pieces of April,2003,80,English,USA,PG-13,7.1,300000.0,2360184.0,2060184.0,Peter Hedges
3608,Old Joy,2006,76,English,USA,Unrated,6.7,300000.0,255352.0,-44648.0,Kelly Reichardt
3609,Wendy and Lucy,2008,80,English,USA,R,7.1,200000.0,856942.0,656942.0,Kelly Reichardt
3610,Fighting Tommy Riley,2004,109,English,USA,R,6.6,200000.0,5199.0,-194801.0,Eddie O'Flaherty
3611,Locker 13,2014,95,English,USA,R,4.8,300000.0,2468.0,-297532.0,Bruce Dellis
3612,Compliance,2012,90,English,USA,R,6.4,270000.0,318622.0,48622.0,Craig Zobel
3613,Chasing Amy,1997,113,English,USA,R,7.3,250000.0,12006514.0,11756514.0,Kevin Smith
3614,Lovely & Amazing,2001,91,English,USA,R,6.9,250000.0,4186931.0,3936931.0,Nicole Holofcener
3615,Better Luck Tomorrow,2002,98,English,USA,R,7.2,250000.0,3799339.0,3549339.0,Justin Lin
3616,The Incredibly True Adventure of Two Girls in Love,1995,94,English,USA,R,6.5,250000.0,1977544.0,1727544.0,Maria Maggenti
3617,Chuck & Buck,2000,96,English,USA,R,6.6,250000.0,1050600.0,800600.0,Miguel Arteta
3618,American Desi,2001,100,English,USA,Unrated,6.7,250000.0,902835.0,652835.0,Piyush Dinker Pandya
3619,Cube,1997,90,English,Canada,R,7.3,365000.0,489220.0,124220.0,Vincenzo Natali
3620,I Married a Strange Person!,1997,75,English,USA,R,7.0,250000.0,203134.0,-46866.0,Bill Plympton
3621,November,2004,78,English,USA,R,5.5,150000.0,191309.0,41309.0,Greg Harrison
3622,Like Crazy,2011,90,English,USA,PG-13,6.7,250000.0,3388210.0,3138210.0,Drake Doremus
3623,The Canyons,2013,99,English,USA,R,3.9,250000.0,49494.0,-200506.0,Paul Schrader
3624,Burn,2012,86,English,USA,Not Rated,7.5,225000.0,111300.0,-113700.0,Tom Putnam
3625,Urbania,2000,106,English,USA,R,7.0,225000.0,1027119.0,802119.0,Jon Shear
3626,"The Beast from 20,000 Fathoms",1953,80,English,USA,Approved,6.7,210000.0,5000000.0,4790000.0,Eugène Lourié
3627,Swingers,1996,96,English,USA,R,7.4,200000.0,4505922.0,4305922.0,Doug Liman
3628,A Fistful of Dollars,1964,99,Italian,Italy,R,8.0,200000.0,3500000.0,3300000.0,Sergio Leone
3629,The Trials of Darryl Hunt,2006,106,English,USA,PG-13,7.7,200000.0,1111.0,-198889.0,Ricki Stern
3630,Children of Heaven,1997,89,Persian,Iran,PG,8.5,180000.0,925402.0,745402.0,Majid Majidi
3631,Weekend,2011,97,English,UK,Not Rated,7.7,120000.0,469947.0,349947.0,Andrew Haigh
3632,She's Gotta Have It,1986,88,English,USA,R,6.5,175000.0,7137502.0,6962502.0,Spike Lee
3633,Another Earth,2011,92,English,USA,PG-13,7.0,100000.0,1316074.0,1216074.0,Mike Cahill
3634,Sweet Sweetback's Baadasssss Song,1971,97,English,USA,R,5.5,500000.0,15180000.0,14680000.0,Melvin Van Peebles
3635,Tadpole,2000,78,English,USA,PG-13,6.3,150000.0,2882062.0,2732062.0,Gary Winick
3636,Once,2007,85,English,Ireland,R,7.9,180000.0,9437933.0,9257933.0,John Carney
3637,The Horse Boy,2009,93,English,USA,Unrated,7.4,160000.0,155984.0,-4016.0,Michel Orion Scott
3638,Roger & Me,1989,91,English,USA,R,7.5,160000.0,6706368.0,6546368.0,Michael Moore
3639,Facing the Giants,2006,111,English,USA,PG,6.7,100000.0,10174663.0,10074663.0,Alex Kendrick
3640,The Gallows,2015,81,English,USA,R,4.2,100000.0,22757819.0,22657819.0,Travis Cluff
3641,Hollywood Shuffle,1987,81,English,USA,R,7.0,100000.0,5228617.0,5128617.0,Robert Townsend
3642,The Lost Skeleton of Cadavra,2001,90,English,USA,PG,7.0,40000.0,110536.0,70536.0,Larry Blamire
3643,Cheap Thrills,2013,88,English,USA,Not Rated,6.8,200000.0,59379.0,-140621.0,E.L. Katz
3644,Pi,1998,84,English,USA,R,7.5,60000.0,3216970.0,3156970.0,Darren Aronofsky
3645,20 Dates,1998,87,English,USA,R,5.3,60000.0,536767.0,476767.0,Myles Berkowitz
3646,Super Size Me,2004,100,English,USA,PG,7.3,65000.0,11529368.0,11464368.0,Morgan Spurlock
3647,The FP,2011,82,English,USA,R,5.6,60000.0,40557.0,-19443.0,Brandon Trost
3648,Happy Christmas,2014,82,English,USA,R,5.6,70000.0,30084.0,-39916.0,Joe Swanberg
3649,The Brothers McMullen,1995,98,English,USA,R,6.6,25000.0,10246600.0,10221600.0,Edward Burns
3650,Tiny Furniture,2010,98,English,USA,Not Rated,6.3,65000.0,389804.0,324804.0,Lena Dunham
3651,George Washington,2000,90,English,USA,Unrated,7.5,42000.0,241816.0,199816.0,David Gordon Green
3652,Smiling Fish & Goat on Fire,1999,90,English,USA,R,7.6,40000.0,277233.0,237233.0,Kevin Jordan
3653,Clerks,1994,102,English,USA,R,7.8,230000.0,3151130.0,2921130.0,Kevin Smith
3654,In the Company of Men,1997,97,English,Canada,R,7.3,25000.0,2856622.0,2831622.0,Neil LaBute
3655,Slacker,1991,100,English,USA,R,7.1,23000.0,1227508.0,1204508.0,Richard Linklater
3656,Pink Flamingos,1972,108,English,USA,NC-17,6.1,10000.0,180483.0,170483.0,John Waters
3657,Clean,2004,110,French,France,R,6.9,4500.0,136007.0,131507.0,Olivier Assayas
3658,The Circle,2000,90,Persian,Iran,Not Rated,7.5,10000.0,673780.0,663780.0,Jafar Panahi
3659,Primer,2004,77,English,USA,PG-13,7.0,7000.0,424760.0,417760.0,Shane Carruth
3660,El Mariachi,1992,81,Spanish,USA,R,6.9,7000.0,2040920.0,2033920.0,Robert Rodriguez
3661,My Date with Drew,2004,90,English,USA,PG,6.6,1100.0,85222.0,84122.0,Jon Gunn
